pitch_type,pitcher,batter,pitcher_ID,batter_ID,speed,pitch_result,pa_result,pa_result_detail,description,balls,strikes,outs,inning,inning_topbot,score_away,score_home,outs_on_play,runs_scored,stands,throws,on_1b,on_2b,on_3b,pos_1,pos_2,pos_3,pos_4,pos_5,pos_6,pos_7,pos_8,pos_9,on_1b_id,on_2b_id,on_3b_id,pos_1_id,pos_2_id,pos_3_id,pos_4_id,pos_5_id,pos_6_id,pos_7_id,pos_8_id,pos_9_id,px,pz,pfx_x,pfx_z,pfx_x_raw,pfx_z_raw,x0,z0,sz_top,sz_bot,y0,vx0,vy0,vz0,ax,ay,az,game_date,home,away,home_alias,away_alias,stadium,referee,pa_number,pitch_number,pitchID,gameID
직구,이승호,이용규,99137,74163,138,파울,,,,0,0,0,1,초,0,0,0,0,좌,좌,,,,이승호,조인성,페타지니,이종열,김태완,박경수,안치용,이대형,손인호,,,,99137,98144,78129,91015,74158,73113,72161,73153,98538,,,,,,,,,,,,,,,,,,20080524,LG,HT,LG,KIA,잠실,이영재,1,1,-1,20080524HTLG0
커브,이승호,이용규,99137,74163,121,볼,,,,0,1,0,1,초,0,0,0,0,좌,좌,,,,이승호,조인성,페타지니,이종열,김태완,박경수,안치용,이대형,손인호,,,,99137,98144,78129,91015,74158,73113,72161,73153,98538,,,,,,,,,,,,,,,,,,20080524,LG,HT,LG,KIA,잠실,이영재,1,2,-1,20080524HTLG0
직구,이승호,이용규,99137,74163,137,파울,,,,1,1,0,1,초,0,0,0,0,좌,좌,,,,이승호,조인성,페타지니,이종열,김태완,박경수,안치용,이대형,손인호,,,,99137,98144,78129,91015,74158,73113,72161,73153,98538,,,,,,,,,,,,,,,,,,20080524,LG,HT,LG,KIA,잠실,이영재,1,3,-1,20080524HTLG0
체인지업,이승호,이용규,99137,74163,128,볼,,,,1,2,0,1,초,0,0,0,0,좌,좌,,,,이승호,조인성,페타지니,이종열,김태완,박경수,안치용,이대형,손인호,,,,99137,98144,78129,91015,74158,73113,72161,73153,98538,,,,,,,,,,,,,,,,,,20080524,LG,HT,LG,KIA,잠실,이영재,1,4,-1,20080524HTLG0
직구,이승호,이용규,99137,74163,140,타격,필드 아웃,플라이 아웃,이용규 : 좌익수 플라이 아웃;,2,2,0,1,초,0,0,1,0,좌,좌,,,,이승호,조인성,페타지니,이종열,김태완,박경수,안치용,이대형,손인호,,,,99137,98144,78129,91015,74158,73113,72161,73153,98538,,,,,,,,,,,,,,,,,,20080524,LG,HT,LG,KIA,잠실,이영재,1,5,-1,20080524HTLG0
슬라이더,이승호,김원섭,99137,71207,126,스트라이크,,,,0,0,1,1,초,0,0,0,0,양,좌,,,,이승호,조인성,페타지니,이종열,김태완,박경수,안치용,이대형,손인호,,,,99137,98144,78129,91015,74158,73113,72161,73153,98538,,,,,,,,,,,,,,,,,,20080524,LG,HT,LG,KIA,잠실,이영재,2,1,-1,20080524HTLG0
직구,이승호,김원섭,99137,71207,138,스트라이크,,,,0,1,1,1,초,0,0,0,0,양,좌,,,,이승호,조인성,페타지니,이종열,김태완,박경수,안치용,이대형,손인호,,,,99137,98144,78129,91015,74158,73113,72161,73153,98538,,,,,,,,,,,,,,,,,,20080524,LG,HT,LG,KIA,잠실,이영재,2,2,-1,20080524HTLG0
체인지업,이승호,김원섭,99137,71207,133,파울,,,,0,2,1,1,초,0,0,0,0,양,좌,,,,이승호,조인성,페타지니,이종열,김태완,박경수,안치용,이대형,손인호,,,,99137,98144,78129,91015,74158,73113,72161,73153,98538,,,,,,,,,,,,,,,,,,20080524,LG,HT,LG,KIA,잠실,이영재,2,3,-1,20080524HTLG0
슬라이더,이승호,김원섭,99137,71207,126,타격,안타,안타,김원섭 : 중견수 오른쪽 1루타;,0,2,1,1,초,0,0,0,0,양,좌,,,,이승호,조인성,페타지니,이종열,김태완,박경수,안치용,이대형,손인호,,,,99137,98144,78129,91015,74158,73113,72161,73153,98538,,,,,,,,,,,,,,,,,,20080524,LG,HT,LG,KIA,잠실,이영재,2,4,-1,20080524HTLG0
커브,이승호,이종범,99137,93607,118,볼,,,,0,0,1,1,초,0,0,0,0,우,좌,김원섭,,,이승호,조인성,페타지니,이종열,김태완,박경수,안치용,이대형,손인호,71207.0,,,99137,98144,78129,91015,74158,73113,72161,73153,98538,,,,,,,,,,,,,,,,,,20080524,LG,HT,LG,KIA,잠실,이영재,3,1,-1,20080524HTLG0
포크,이승호,이종범,99137,93607,133,볼,,,,1,0,1,1,초,0,0,0,0,우,좌,김원섭,,,이승호,조인성,페타지니,이종열,김태완,박경수,안치용,이대형,손인호,71207.0,,,99137,98144,78129,91015,74158,73113,72161,73153,98538,,,,,,,,,,,,,,,,,,20080524,LG,HT,LG,KIA,잠실,이영재,3,2,-1,20080524HTLG0
,이승호,이종범,99137,93607,,,,,1루주자 김원섭 :  도루로 2루까지 진루;,2,0,1,1,초,0,0,0,0,우,좌,김원섭,,,이승호,조인성,페타지니,이종열,김태완,박경수,안치용,이대형,손인호,71207.0,,,99137,98144,78129,91015,74158,73113,72161,73153,98538,,,,,,,,,,,,,,,,,,20080524,LG,HT,LG,KIA,잠실,이영재,3,,,20080524HTLG0
포크,이승호,이종범,99137,93607,131,볼,,,,2,0,1,1,초,0,0,0,0,우,좌,,김원섭,,이승호,조인성,페타지니,이종열,김태완,박경수,안치용,이대형,손인호,,71207.0,,99137,98144,78129,91015,74158,73113,72161,73153,98538,,,,,,,,,,,,,,,,,,20080524,LG,HT,LG,KIA,잠실,이영재,3,3,-1,20080524HTLG0
직구,이승호,이종범,99137,93607,138,스트라이크,,,,3,0,1,1,초,0,0,0,0,우,좌,,김원섭,,이승호,조인성,페타지니,이종열,김태완,박경수,안치용,이대형,손인호,,71207.0,,99137,98144,78129,91015,74158,73113,72161,73153,98538,,,,,,,,,,,,,,,,,,20080524,LG,HT,LG,KIA,잠실,이영재,3,4,-1,20080524HTLG0
슬라이더,이승호,이종범,99137,93607,130,볼,볼넷,볼넷,이종범 :  볼넷;,3,1,1,1,초,0,0,0,0,우,좌,,김원섭,,이승호,조인성,페타지니,이종열,김태완,박경수,안치용,이대형,손인호,,71207.0,,99137,98144,78129,91015,74158,73113,72161,73153,98538,,,,,,,,,,,,,,,,,,20080524,LG,HT,LG,KIA,잠실,이영재,3,5,-1,20080524HTLG0
커브,이승호,이재주,99137,92304,113,볼,,,,0,0,1,1,초,0,0,0,0,우,좌,이종범,김원섭,,이승호,조인성,페타지니,이종열,김태완,박경수,안치용,이대형,손인호,93607.0,71207.0,,99137,98144,78129,91015,74158,73113,72161,73153,98538,,,,,,,,,,,,,,,,,,20080524,LG,HT,LG,KIA,잠실,이영재,4,1,-1,20080524HTLG0
직구,이승호,이재주,99137,92304,137,파울,,,,1,0,1,1,초,0,0,0,0,우,좌,이종범,김원섭,,이승호,조인성,페타지니,이종열,김태완,박경수,안치용,이대형,손인호,93607.0,71207.0,,99137,98144,78129,91015,74158,73113,72161,73153,98538,,,,,,,,,,,,,,,,,,20080524,LG,HT,LG,KIA,잠실,이영재,4,2,-1,20080524HTLG0
직구,이승호,이재주,99137,92304,137,타격,홈런,홈런,이재주 : 좌익수 뒤 홈런(홈런거리:120M); 1루주자 이종범 :  홈인; 2루주자 김원섭 :  홈인;,1,1,1,1,초,0,0,0,3,우,좌,이종범,김원섭,,이승호,조인성,페타지니,이종열,김태완,박경수,안치용,이대형,손인호,93607.0,71207.0,,99137,98144,78129,91015,74158,73113,72161,73153,98538,,,,,,,,,,,,,,,,,,20080524,LG,HT,LG,KIA,잠실,이영재,4,3,-1,20080524HTLG0
슬라이더,이승호,채종범,99137,70833,126,볼,,,,0,0,1,1,초,3,0,0,0,우,좌,,,,이승호,조인성,페타지니,이종열,김태완,박경수,안치용,이대형,손인호,,,,99137,98144,78129,91015,74158,73113,72161,73153,98538,,,,,,,,,,,,,,,,,,20080524,LG,HT,LG,KIA,잠실,이영재,5,1,-1,20080524HTLG0
직구,이승호,채종범,99137,70833,137,스트라이크,,,,1,0,1,1,초,3,0,0,0,우,좌,,,,이승호,조인성,페타지니,이종열,김태완,박경수,안치용,이대형,손인호,,,,99137,98144,78129,91015,74158,73113,72161,73153,98538,,,,,,,,,,,,,,,,,,20080524,LG,HT,LG,KIA,잠실,이영재,5,2,-1,20080524HTLG0
포크,이승호,채종범,99137,70833,129,볼,,,,1,1,1,1,초,3,0,0,0,우,좌,,,,이승호,조인성,페타지니,이종열,김태완,박경수,안치용,이대형,손인호,,,,99137,98144,78129,91015,74158,73113,72161,73153,98538,,,,,,,,,,,,,,,,,,20080524,LG,HT,LG,KIA,잠실,이영재,5,3,-1,20080524HTLG0
슬라이더,이승호,채종범,99137,70833,126,파울,,,,2,1,1,1,초,3,0,0,0,우,좌,,,,이승호,조인성,페타지니,이종열,김태완,박경수,안치용,이대형,손인호,,,,99137,98144,78129,91015,74158,73113,72161,73153,98538,,,,,,,,,,,,,,,,,,20080524,LG,HT,LG,KIA,잠실,이영재,5,4,-1,20080524HTLG0
직구,이승호,채종범,99137,70833,133,타격,필드 아웃,플라이 아웃,채종범 : 우익수 플라이 아웃;,2,2,1,1,초,3,0,1,0,우,좌,,,,이승호,조인성,페타지니,이종열,김태완,박경수,안치용,이대형,손인호,,,,99137,98144,78129,91015,74158,73113,72161,73153,98538,,,,,,,,,,,,,,,,,,20080524,LG,HT,LG,KIA,잠실,이영재,5,5,-1,20080524HTLG0
직구,이승호,이현곤,99137,72606,138,타격,포스 아웃,땅볼 아웃,이현곤 : 3루수 땅볼 아웃 (3루수->1루수 송구아웃);,0,0,2,1,초,3,0,1,0,우,좌,,,,이승호,조인성,페타지니,이종열,김태완,박경수,안치용,이대형,손인호,,,,99137,98144,78129,91015,74158,73113,72161,73153,98538,,,,,,,,,,,,,,,,,,20080524,LG,HT,LG,KIA,잠실,이영재,6,1,-1,20080524HTLG0
직구,이범석,이대형,75635,73153,146,볼,,,,0,0,0,1,말,3,0,0,0,좌,우,,,,이범석,차일목,이종범,김선빈,이현곤,발데스,김원섭,이용규,채종범,,,,75635,73602,93607,78603,72606,78649,71207,74163,70833,,,,,,,,,,,,,,,,,,20080524,LG,HT,LG,KIA,잠실,이영재,7,1,-1,20080524HTLG0
직구,이범석,이대형,75635,73153,147,타격,포스 아웃,땅볼 아웃,이대형 : 3루수 땅볼 아웃 (3루수->1루수 송구아웃);,1,0,0,1,말,3,0,1,0,좌,우,,,,이범석,차일목,이종범,김선빈,이현곤,발데스,김원섭,이용규,채종범,,,,75635,73602,93607,78603,72606,78649,71207,74163,70833,,,,,,,,,,,,,,,,,,20080524,LG,HT,LG,KIA,잠실,이영재,7,2,-1,20080524HTLG0
직구,이범석,박경수,75635,73113,144,스트라이크,,,,0,0,1,1,말,3,0,0,0,우,우,,,,이범석,차일목,이종범,김선빈,이현곤,발데스,김원섭,이용규,채종범,,,,75635,73602,93607,78603,72606,78649,71207,74163,70833,,,,,,,,,,,,,,,,,,20080524,LG,HT,LG,KIA,잠실,이영재,8,1,-1,20080524HTLG0
슬라이더,이범석,박경수,75635,73113,132,볼,,,,0,1,1,1,말,3,0,0,0,우,우,,,,이범석,차일목,이종범,김선빈,이현곤,발데스,김원섭,이용규,채종범,,,,75635,73602,93607,78603,72606,78649,71207,74163,70833,,,,,,,,,,,,,,,,,,20080524,LG,HT,LG,KIA,잠실,이영재,8,2,-1,20080524HTLG0
슬라이더,이범석,박경수,75635,73113,127,볼,,,,1,1,1,1,말,3,0,0,0,우,우,,,,이범석,차일목,이종범,김선빈,이현곤,발데스,김원섭,이용규,채종범,,,,75635,73602,93607,78603,72606,78649,71207,74163,70833,,,,,,,,,,,,,,,,,,20080524,LG,HT,LG,KIA,잠실,이영재,8,3,-1,20080524HTLG0
직구,이범석,박경수,75635,73113,148,볼,,,,2,1,1,1,말,3,0,0,0,우,우,,,,이범석,차일목,이종범,김선빈,이현곤,발데스,김원섭,이용규,채종범,,,,75635,73602,93607,78603,72606,78649,71207,74163,70833,,,,,,,,,,,,,,,,,,20080524,LG,HT,LG,KIA,잠실,이영재,8,4,-1,20080524HTLG0
직구,이범석,박경수,75635,73113,143,볼,볼넷,볼넷,박경수 :  볼넷;,3,1,1,1,말,3,0,0,0,우,우,,,,이범석,차일목,이종범,김선빈,이현곤,발데스,김원섭,이용규,채종범,,,,75635,73602,93607,78603,72606,78649,71207,74163,70833,,,,,,,,,,,,,,,,,,20080524,LG,HT,LG,KIA,잠실,이영재,8,5,-1,20080524HTLG0
직구,이범석,안치용,75635,72161,141,볼,,,,0,0,1,1,말,3,0,0,0,우,우,박경수,,,이범석,차일목,이종범,김선빈,이현곤,발데스,김원섭,이용규,채종범,73113.0,,,75635,73602,93607,78603,72606,78649,71207,74163,70833,,,,,,,,,,,,,,,,,,20080524,LG,HT,LG,KIA,잠실,이영재,9,1,-1,20080524HTLG0
직구,이범석,안치용,75635,72161,145,볼,,,,1,0,1,1,말,3,0,0,0,우,우,박경수,,,이범석,차일목,이종범,김선빈,이현곤,발데스,김원섭,이용규,채종범,73113.0,,,75635,73602,93607,78603,72606,78649,71207,74163,70833,,,,,,,,,,,,,,,,,,20080524,LG,HT,LG,KIA,잠실,이영재,9,2,-1,20080524HTLG0
직구,이범석,안치용,75635,72161,146,볼,,,,2,0,1,1,말,3,0,0,0,우,우,박경수,,,이범석,차일목,이종범,김선빈,이현곤,발데스,김원섭,이용규,채종범,73113.0,,,75635,73602,93607,78603,72606,78649,71207,74163,70833,,,,,,,,,,,,,,,,,,20080524,LG,HT,LG,KIA,잠실,이영재,9,3,-1,20080524HTLG0
직구,이범석,안치용,75635,72161,147,스트라이크,,,,3,0,1,1,말,3,0,0,0,우,우,박경수,,,이범석,차일목,이종범,김선빈,이현곤,발데스,김원섭,이용규,채종범,73113.0,,,75635,73602,93607,78603,72606,78649,71207,74163,70833,,,,,,,,,,,,,,,,,,20080524,LG,HT,LG,KIA,잠실,이영재,9,4,-1,20080524HTLG0
직구,이범석,안치용,75635,72161,145,볼,볼넷,볼넷,안치용 :  볼넷; 1루주자 박경수 :   2루까지 진루;,3,1,1,1,말,3,0,0,0,우,우,박경수,,,이범석,차일목,이종범,김선빈,이현곤,발데스,김원섭,이용규,채종범,73113.0,,,75635,73602,93607,78603,72606,78649,71207,74163,70833,,,,,,,,,,,,,,,,,,20080524,LG,HT,LG,KIA,잠실,이영재,9,5,-1,20080524HTLG0
슬라이더,이범석,페타지니,75635,78129,130,스트라이크,,,,0,0,1,1,말,3,0,0,0,좌,우,안치용,박경수,,이범석,차일목,이종범,김선빈,이현곤,발데스,김원섭,이용규,채종범,72161.0,73113.0,,75635,73602,93607,78603,72606,78649,71207,74163,70833,,,,,,,,,,,,,,,,,,20080524,LG,HT,LG,KIA,잠실,이영재,10,1,-1,20080524HTLG0
직구,이범석,페타지니,75635,78129,145,볼,,,,0,1,1,1,말,3,0,0,0,좌,우,안치용,박경수,,이범석,차일목,이종범,김선빈,이현곤,발데스,김원섭,이용규,채종범,72161.0,73113.0,,75635,73602,93607,78603,72606,78649,71207,74163,70833,,,,,,,,,,,,,,,,,,20080524,LG,HT,LG,KIA,잠실,이영재,10,2,-1,20080524HTLG0
슬라이더,이범석,페타지니,75635,78129,130,타격,2루타,2루타,페타지니 : 좌중간 2루타; 1루주자 안치용 :  홈인; 2루주자 박경수 :  홈인;,1,1,1,1,말,3,0,0,2,좌,우,안치용,박경수,,이범석,차일목,이종범,김선빈,이현곤,발데스,김원섭,이용규,채종범,72161.0,73113.0,,75635,73602,93607,78603,72606,78649,71207,74163,70833,,,,,,,,,,,,,,,,,,20080524,LG,HT,LG,KIA,잠실,이영재,10,3,-1,20080524HTLG0
직구,이범석,이종열,75635,91015,146,파울,,,,0,0,1,1,말,3,2,0,0,양,우,,페타지니,,이범석,차일목,이종범,김선빈,이현곤,발데스,김원섭,이용규,채종범,,78129.0,,75635,73602,93607,78603,72606,78649,71207,74163,70833,,,,,,,,,,,,,,,,,,20080524,LG,HT,LG,KIA,잠실,이영재,11,1,-1,20080524HTLG0
직구,이범석,이종열,75635,91015,147,타격,실책,실책,이종열 : 2루수 실책으로 출루 (2루수 실책); 2루주자 페타지니 :   3루까지 진루;,0,1,1,1,말,3,2,0,0,양,우,,페타지니,,이범석,차일목,이종범,김선빈,이현곤,발데스,김원섭,이용규,채종범,,78129.0,,75635,73602,93607,78603,72606,78649,71207,74163,70833,,,,,,,,,,,,,,,,,,20080524,LG,HT,LG,KIA,잠실,이영재,11,2,-1,20080524HTLG0
직구,이범석,손인호,75635,98538,146,볼,,,,0,0,1,1,말,3,2,0,0,좌,우,이종열,,페타지니,이범석,차일목,이종범,김선빈,이현곤,발데스,김원섭,이용규,채종범,91015.0,,78129.0,75635,73602,93607,78603,72606,78649,71207,74163,70833,,,,,,,,,,,,,,,,,,20080524,LG,HT,LG,KIA,잠실,이영재,12,1,-1,20080524HTLG0
직구,이범석,손인호,75635,98538,145,볼,,,,1,0,1,1,말,3,2,0,0,좌,우,이종열,,페타지니,이범석,차일목,이종범,김선빈,이현곤,발데스,김원섭,이용규,채종범,91015.0,,78129.0,75635,73602,93607,78603,72606,78649,71207,74163,70833,,,,,,,,,,,,,,,,,,20080524,LG,HT,LG,KIA,잠실,이영재,12,2,-1,20080524HTLG0
직구,이범석,손인호,75635,98538,146,스트라이크,,,,2,0,1,1,말,3,2,0,0,좌,우,이종열,,페타지니,이범석,차일목,이종범,김선빈,이현곤,발데스,김원섭,이용규,채종범,91015.0,,78129.0,75635,73602,93607,78603,72606,78649,71207,74163,70833,,,,,,,,,,,,,,,,,,20080524,LG,HT,LG,KIA,잠실,이영재,12,3,-1,20080524HTLG0
직구,이범석,손인호,75635,98538,146,파울,,,,2,1,1,1,말,3,2,0,0,좌,우,이종열,,페타지니,이범석,차일목,이종범,김선빈,이현곤,발데스,김원섭,이용규,채종범,91015.0,,78129.0,75635,73602,93607,78603,72606,78649,71207,74163,70833,,,,,,,,,,,,,,,,,,20080524,LG,HT,LG,KIA,잠실,이영재,12,4,-1,20080524HTLG0
직구,이범석,손인호,75635,98538,146,볼,,,,2,2,1,1,말,3,2,0,0,좌,우,이종열,,페타지니,이범석,차일목,이종범,김선빈,이현곤,발데스,김원섭,이용규,채종범,91015.0,,78129.0,75635,73602,93607,78603,72606,78649,71207,74163,70833,,,,,,,,,,,,,,,,,,20080524,LG,HT,LG,KIA,잠실,이영재,12,5,-1,20080524HTLG0
직구,이범석,손인호,75635,98538,147,파울,,,,3,2,1,1,말,3,2,0,0,좌,우,이종열,,페타지니,이범석,차일목,이종범,김선빈,이현곤,발데스,김원섭,이용규,채종범,91015.0,,78129.0,75635,73602,93607,78603,72606,78649,71207,74163,70833,,,,,,,,,,,,,,,,,,20080524,LG,HT,LG,KIA,잠실,이영재,12,6,-1,20080524HTLG0
직구,이범석,손인호,75635,98538,147,파울,,,,3,2,1,1,말,3,2,0,0,좌,우,이종열,,페타지니,이범석,차일목,이종범,김선빈,이현곤,발데스,김원섭,이용규,채종범,91015.0,,78129.0,75635,73602,93607,78603,72606,78649,71207,74163,70833,,,,,,,,,,,,,,,,,,20080524,LG,HT,LG,KIA,잠실,이영재,12,7,-1,20080524HTLG0
직구,이범석,손인호,75635,98538,146,타격,희생플라이,희생플라이,손인호 : 우익수 희생플라이아웃; 3루주자 페타지니 :  홈인;,3,2,1,1,말,3,2,1,1,좌,우,이종열,,페타지니,이범석,차일목,이종범,김선빈,이현곤,발데스,김원섭,이용규,채종범,91015.0,,78129.0,75635,73602,93607,78603,72606,78649,71207,74163,70833,,,,,,,,,,,,,,,,,,20080524,LG,HT,LG,KIA,잠실,이영재,12,8,-1,20080524HTLG0
직구,이범석,조인성,75635,98144,146,볼,,,,0,0,2,1,말,3,3,0,0,우,우,이종열,,,이범석,차일목,이종범,김선빈,이현곤,발데스,김원섭,이용규,채종범,91015.0,,,75635,73602,93607,78603,72606,78649,71207,74163,70833,,,,,,,,,,,,,,,,,,20080524,LG,HT,LG,KIA,잠실,이영재,13,1,-1,20080524HTLG0
직구,이범석,조인성,75635,98144,144,볼,,,,1,0,2,1,말,3,3,0,0,우,우,이종열,,,이범석,차일목,이종범,김선빈,이현곤,발데스,김원섭,이용규,채종범,91015.0,,,75635,73602,93607,78603,72606,78649,71207,74163,70833,,,,,,,,,,,,,,,,,,20080524,LG,HT,LG,KIA,잠실,이영재,13,2,-1,20080524HTLG0
직구,이범석,조인성,75635,98144,145,파울,,,,2,0,2,1,말,3,3,0,0,우,우,이종열,,,이범석,차일목,이종범,김선빈,이현곤,발데스,김원섭,이용규,채종범,91015.0,,,75635,73602,93607,78603,72606,78649,71207,74163,70833,,,,,,,,,,,,,,,,,,20080524,LG,HT,LG,KIA,잠실,이영재,13,3,-1,20080524HTLG0
직구,이범석,조인성,75635,98144,144,볼,,,,2,1,2,1,말,3,3,0,0,우,우,이종열,,,이범석,차일목,이종범,김선빈,이현곤,발데스,김원섭,이용규,채종범,91015.0,,,75635,73602,93607,78603,72606,78649,71207,74163,70833,,,,,,,,,,,,,,,,,,20080524,LG,HT,LG,KIA,잠실,이영재,13,4,-1,20080524HTLG0
슬라이더,이범석,조인성,75635,98144,131,스트라이크,,,,3,1,2,1,말,3,3,0,0,우,우,이종열,,,이범석,차일목,이종범,김선빈,이현곤,발데스,김원섭,이용규,채종범,91015.0,,,75635,73602,93607,78603,72606,78649,71207,74163,70833,,,,,,,,,,,,,,,,,,20080524,LG,HT,LG,KIA,잠실,이영재,13,5,-1,20080524HTLG0
슬라이더,이범석,조인성,75635,98144,132,볼,볼넷,볼넷,조인성 :  볼넷; 1루주자 이종열 :   2루까지 진루;,3,2,2,1,말,3,3,0,0,우,우,이종열,,,이범석,차일목,이종범,김선빈,이현곤,발데스,김원섭,이용규,채종범,91015.0,,,75635,73602,93607,78603,72606,78649,71207,74163,70833,,,,,,,,,,,,,,,,,,20080524,LG,HT,LG,KIA,잠실,이영재,13,6,-1,20080524HTLG0
슬라이더,이범석,이성열,75635,73136,129,스트라이크,,,,0,0,2,1,말,3,3,0,0,양,우,조인성,이종열,,이범석,차일목,이종범,김선빈,이현곤,발데스,김원섭,이용규,채종범,98144.0,91015.0,,75635,73602,93607,78603,72606,78649,71207,74163,70833,,,,,,,,,,,,,,,,,,20080524,LG,HT,LG,KIA,잠실,이영재,14,1,-1,20080524HTLG0
직구,이범석,이성열,75635,73136,146,스트라이크,,,,0,1,2,1,말,3,3,0,0,양,우,조인성,이종열,,이범석,차일목,이종범,김선빈,이현곤,발데스,김원섭,이용규,채종범,98144.0,91015.0,,75635,73602,93607,78603,72606,78649,71207,74163,70833,,,,,,,,,,,,,,,,,,20080524,LG,HT,LG,KIA,잠실,이영재,14,2,-1,20080524HTLG0
포크,이범석,이성열,75635,73136,137,타격,3루타,3루타,이성열 : 우중간 3루타; 1루주자 조인성 :  홈인; 2루주자 이종열 :  홈인;,0,2,2,1,말,3,3,0,2,양,우,조인성,이종열,,이범석,차일목,이종범,김선빈,이현곤,발데스,김원섭,이용규,채종범,98144.0,91015.0,,75635,73602,93607,78603,72606,78649,71207,74163,70833,,,,,,,,,,,,,,,,,,20080524,LG,HT,LG,KIA,잠실,이영재,14,3,-1,20080524HTLG0
,이범석,김태완,75635,74158,,,,,투수 이범석 : 투수 임준혁 (으)로 교체;,0,0,2,1,말,3,5,0,0,우,우,,,이성열,이범석,차일목,이종범,김선빈,이현곤,발데스,김원섭,이용규,채종범,,,73136.0,75635,73602,93607,78603,72606,78649,71207,74163,70833,,,,,,,,,,,,,,,,,,20080524,LG,HT,LG,KIA,잠실,이영재,15,,,20080524HTLG0
슬라이더,임준혁,김태완,73632,74158,125,볼,,,,0,0,2,1,말,3,5,0,0,우,우,,,이성열,임준혁,차일목,이종범,김선빈,이현곤,발데스,김원섭,이용규,채종범,,,73136.0,73632,73602,93607,78603,72606,78649,71207,74163,70833,,,,,,,,,,,,,,,,,,20080524,LG,HT,LG,KIA,잠실,이영재,15,1,-1,20080524HTLG0
슬라이더,임준혁,김태완,73632,74158,127,스트라이크,,,,1,0,2,1,말,3,5,0,0,우,우,,,이성열,임준혁,차일목,이종범,김선빈,이현곤,발데스,김원섭,이용규,채종범,,,73136.0,73632,73602,93607,78603,72606,78649,71207,74163,70833,,,,,,,,,,,,,,,,,,20080524,LG,HT,LG,KIA,잠실,이영재,15,2,-1,20080524HTLG0
직구,임준혁,김태완,73632,74158,146,스트라이크,,,,1,1,2,1,말,3,5,0,0,우,우,,,이성열,임준혁,차일목,이종범,김선빈,이현곤,발데스,김원섭,이용규,채종범,,,73136.0,73632,73602,93607,78603,72606,78649,71207,74163,70833,,,,,,,,,,,,,,,,,,20080524,LG,HT,LG,KIA,잠실,이영재,15,3,-1,20080524HTLG0
슬라이더,임준혁,김태완,73632,74158,131,타격,포스 아웃,땅볼 아웃,김태완 : 1루수 땅볼 아웃 (1루수 1루 터치아웃);,1,2,2,1,말,3,5,1,0,우,우,,,이성열,임준혁,차일목,이종범,김선빈,이현곤,발데스,김원섭,이용규,채종범,,,73136.0,73632,73602,93607,78603,72606,78649,71207,74163,70833,,,,,,,,,,,,,,,,,,20080524,LG,HT,LG,KIA,잠실,이영재,15,4,-1,20080524HTLG0
직구,이승호,차일목,99137,73602,139,볼,,,,0,0,0,2,초,3,5,0,0,우,좌,,,,이승호,조인성,페타지니,이종열,김태완,박경수,안치용,이대형,손인호,,,,99137,98144,78129,91015,74158,73113,72161,73153,98538,,,,,,,,,,,,,,,,,,20080524,LG,HT,LG,KIA,잠실,이영재,16,1,-1,20080524HTLG0
직구,이승호,차일목,99137,73602,138,볼,,,,1,0,0,2,초,3,5,0,0,우,좌,,,,이승호,조인성,페타지니,이종열,김태완,박경수,안치용,이대형,손인호,,,,99137,98144,78129,91015,74158,73113,72161,73153,98538,,,,,,,,,,,,,,,,,,20080524,LG,HT,LG,KIA,잠실,이영재,16,2,-1,20080524HTLG0
직구,이승호,차일목,99137,73602,137,스트라이크,,,,2,0,0,2,초,3,5,0,0,우,좌,,,,이승호,조인성,페타지니,이종열,김태완,박경수,안치용,이대형,손인호,,,,99137,98144,78129,91015,74158,73113,72161,73153,98538,,,,,,,,,,,,,,,,,,20080524,LG,HT,LG,KIA,잠실,이영재,16,3,-1,20080524HTLG0
직구,이승호,차일목,99137,73602,139,볼,,,,2,1,0,2,초,3,5,0,0,우,좌,,,,이승호,조인성,페타지니,이종열,김태완,박경수,안치용,이대형,손인호,,,,99137,98144,78129,91015,74158,73113,72161,73153,98538,,,,,,,,,,,,,,,,,,20080524,LG,HT,LG,KIA,잠실,이영재,16,4,-1,20080524HTLG0
직구,이승호,차일목,99137,73602,139,타격,포스 아웃,땅볼 아웃,차일목 : 유격수 땅볼 아웃 (유격수->1루수 송구아웃);,3,1,0,2,초,3,5,1,0,우,좌,,,,이승호,조인성,페타지니,이종열,김태완,박경수,안치용,이대형,손인호,,,,99137,98144,78129,91015,74158,73113,72161,73153,98538,,,,,,,,,,,,,,,,,,20080524,LG,HT,LG,KIA,잠실,이영재,16,5,-1,20080524HTLG0
직구,이승호,김선빈,99137,78603,139,스트라이크,,,,0,0,1,2,초,3,5,0,0,우,좌,,,,이승호,조인성,페타지니,이종열,김태완,박경수,안치용,이대형,손인호,,,,99137,98144,78129,91015,74158,73113,72161,73153,98538,,,,,,,,,,,,,,,,,,20080524,LG,HT,LG,KIA,잠실,이영재,17,1,-1,20080524HTLG0
직구,이승호,김선빈,99137,78603,139,볼,,,,0,1,1,2,초,3,5,0,0,우,좌,,,,이승호,조인성,페타지니,이종열,김태완,박경수,안치용,이대형,손인호,,,,99137,98144,78129,91015,74158,73113,72161,73153,98538,,,,,,,,,,,,,,,,,,20080524,LG,HT,LG,KIA,잠실,이영재,17,2,-1,20080524HTLG0
직구,이승호,김선빈,99137,78603,138,볼,,,,1,1,1,2,초,3,5,0,0,우,좌,,,,이승호,조인성,페타지니,이종열,김태완,박경수,안치용,이대형,손인호,,,,99137,98144,78129,91015,74158,73113,72161,73153,98538,,,,,,,,,,,,,,,,,,20080524,LG,HT,LG,KIA,잠실,이영재,17,3,-1,20080524HTLG0
직구,이승호,김선빈,99137,78603,138,스트라이크,,,,2,1,1,2,초,3,5,0,0,우,좌,,,,이승호,조인성,페타지니,이종열,김태완,박경수,안치용,이대형,손인호,,,,99137,98144,78129,91015,74158,73113,72161,73153,98538,,,,,,,,,,,,,,,,,,20080524,LG,HT,LG,KIA,잠실,이영재,17,4,-1,20080524HTLG0
직구,이승호,김선빈,99137,78603,137,타격,안타,안타,김선빈 : 중견수 앞 1루타;,2,2,1,2,초,3,5,0,0,우,좌,,,,이승호,조인성,페타지니,이종열,김태완,박경수,안치용,이대형,손인호,,,,99137,98144,78129,91015,74158,73113,72161,73153,98538,,,,,,,,,,,,,,,,,,20080524,LG,HT,LG,KIA,잠실,이영재,17,5,-1,20080524HTLG0
커브,이승호,발데스,99137,78649,121,스트라이크,,,,0,0,1,2,초,3,5,0,0,우,좌,김선빈,,,이승호,조인성,페타지니,이종열,김태완,박경수,안치용,이대형,손인호,78603.0,,,99137,98144,78129,91015,74158,73113,72161,73153,98538,,,,,,,,,,,,,,,,,,20080524,LG,HT,LG,KIA,잠실,이영재,18,1,-1,20080524HTLG0
직구,이승호,발데스,99137,78649,140,타격,필드 아웃,플라이 아웃,발데스 : 유격수 플라이 아웃;,0,1,1,2,초,3,5,1,0,우,좌,김선빈,,,이승호,조인성,페타지니,이종열,김태완,박경수,안치용,이대형,손인호,78603.0,,,99137,98144,78129,91015,74158,73113,72161,73153,98538,,,,,,,,,,,,,,,,,,20080524,LG,HT,LG,KIA,잠실,이영재,18,2,-1,20080524HTLG0
슬라이더,이승호,이용규,99137,74163,125,스트라이크,,,,0,0,2,2,초,3,5,0,0,좌,좌,김선빈,,,이승호,조인성,페타지니,이종열,김태완,박경수,안치용,이대형,손인호,78603.0,,,99137,98144,78129,91015,74158,73113,72161,73153,98538,,,,,,,,,,,,,,,,,,20080524,LG,HT,LG,KIA,잠실,이영재,19,1,-1,20080524HTLG0
커브,이승호,이용규,99137,74163,114,볼,,,,0,1,2,2,초,3,5,0,0,좌,좌,김선빈,,,이승호,조인성,페타지니,이종열,김태완,박경수,안치용,이대형,손인호,78603.0,,,99137,98144,78129,91015,74158,73113,72161,73153,98538,,,,,,,,,,,,,,,,,,20080524,LG,HT,LG,KIA,잠실,이영재,19,2,-1,20080524HTLG0
슬라이더,이승호,이용규,99137,74163,125,볼,,,,1,1,2,2,초,3,5,0,0,좌,좌,김선빈,,,이승호,조인성,페타지니,이종열,김태완,박경수,안치용,이대형,손인호,78603.0,,,99137,98144,78129,91015,74158,73113,72161,73153,98538,,,,,,,,,,,,,,,,,,20080524,LG,HT,LG,KIA,잠실,이영재,19,3,-1,20080524HTLG0
슬라이더,이승호,이용규,99137,74163,124,스트라이크,,,,2,1,2,2,초,3,5,0,0,좌,좌,김선빈,,,이승호,조인성,페타지니,이종열,김태완,박경수,안치용,이대형,손인호,78603.0,,,99137,98144,78129,91015,74158,73113,72161,73153,98538,,,,,,,,,,,,,,,,,,20080524,LG,HT,LG,KIA,잠실,이영재,19,4,-1,20080524HTLG0
포크,이승호,이용규,99137,74163,126,볼,,,,2,2,2,2,초,3,5,0,0,좌,좌,김선빈,,,이승호,조인성,페타지니,이종열,김태완,박경수,안치용,이대형,손인호,78603.0,,,99137,98144,78129,91015,74158,73113,72161,73153,98538,,,,,,,,,,,,,,,,,,20080524,LG,HT,LG,KIA,잠실,이영재,19,5,-1,20080524HTLG0
슬라이더,이승호,이용규,99137,74163,125,볼,볼넷,볼넷,이용규 :  볼넷; 1루주자 김선빈 :   2루까지 진루;,3,2,2,2,초,3,5,0,0,좌,좌,김선빈,,,이승호,조인성,페타지니,이종열,김태완,박경수,안치용,이대형,손인호,78603.0,,,99137,98144,78129,91015,74158,73113,72161,73153,98538,,,,,,,,,,,,,,,,,,20080524,LG,HT,LG,KIA,잠실,이영재,19,6,-1,20080524HTLG0
직구,이승호,김원섭,99137,71207,138,볼,,,,0,0,2,2,초,3,5,0,0,양,좌,이용규,김선빈,,이승호,조인성,페타지니,이종열,김태완,박경수,안치용,이대형,손인호,74163.0,78603.0,,99137,98144,78129,91015,74158,73113,72161,73153,98538,,,,,,,,,,,,,,,,,,20080524,LG,HT,LG,KIA,잠실,이영재,20,1,-1,20080524HTLG0
슬라이더,이승호,김원섭,99137,71207,126,볼,,,,1,0,2,2,초,3,5,0,0,양,좌,이용규,김선빈,,이승호,조인성,페타지니,이종열,김태완,박경수,안치용,이대형,손인호,74163.0,78603.0,,99137,98144,78129,91015,74158,73113,72161,73153,98538,,,,,,,,,,,,,,,,,,20080524,LG,HT,LG,KIA,잠실,이영재,20,2,-1,20080524HTLG0
직구,이승호,김원섭,99137,71207,139,스트라이크,,,,2,0,2,2,초,3,5,0,0,양,좌,이용규,김선빈,,이승호,조인성,페타지니,이종열,김태완,박경수,안치용,이대형,손인호,74163.0,78603.0,,99137,98144,78129,91015,74158,73113,72161,73153,98538,,,,,,,,,,,,,,,,,,20080524,LG,HT,LG,KIA,잠실,이영재,20,3,-1,20080524HTLG0
직구,이승호,김원섭,99137,71207,141,파울,,,,2,1,2,2,초,3,5,0,0,양,좌,이용규,김선빈,,이승호,조인성,페타지니,이종열,김태완,박경수,안치용,이대형,손인호,74163.0,78603.0,,99137,98144,78129,91015,74158,73113,72161,73153,98538,,,,,,,,,,,,,,,,,,20080524,LG,HT,LG,KIA,잠실,이영재,20,4,-1,20080524HTLG0
직구,이승호,김원섭,99137,71207,141,볼,,,,2,2,2,2,초,3,5,0,0,양,좌,이용규,김선빈,,이승호,조인성,페타지니,이종열,김태완,박경수,안치용,이대형,손인호,74163.0,78603.0,,99137,98144,78129,91015,74158,73113,72161,73153,98538,,,,,,,,,,,,,,,,,,20080524,LG,HT,LG,KIA,잠실,이영재,20,5,-1,20080524HTLG0
포크,이승호,김원섭,99137,71207,127,볼,볼넷,볼넷,김원섭 :  볼넷; 1루주자 이용규 :   2루까지 진루; 2루주자 김선빈 :   3루까지 진루;,3,2,2,2,초,3,5,0,0,양,좌,이용규,김선빈,,이승호,조인성,페타지니,이종열,김태완,박경수,안치용,이대형,손인호,74163.0,78603.0,,99137,98144,78129,91015,74158,73113,72161,73153,98538,,,,,,,,,,,,,,,,,,20080524,LG,HT,LG,KIA,잠실,이영재,20,6,-1,20080524HTLG0
,이승호,이종범,99137,93607,,,,,투수 이승호 : 투수 이범준 (으)로 교체;,0,0,2,2,초,3,5,0,0,우,좌,김원섭,이용규,김선빈,이승호,조인성,페타지니,이종열,김태완,박경수,안치용,이대형,손인호,71207.0,74163.0,78603.0,99137,98144,78129,91015,74158,73113,72161,73153,98538,,,,,,,,,,,,,,,,,,20080524,LG,HT,LG,KIA,잠실,이영재,21,,,20080524HTLG0
슬라이더,이범준,이종범,78119,93607,128,볼,,,,0,0,2,2,초,3,5,0,0,우,우,김원섭,이용규,김선빈,이범준,조인성,페타지니,이종열,김태완,박경수,안치용,이대형,손인호,71207.0,74163.0,78603.0,78119,98144,78129,91015,74158,73113,72161,73153,98538,,,,,,,,,,,,,,,,,,20080524,LG,HT,LG,KIA,잠실,이영재,21,1,-1,20080524HTLG0
직구,이범준,이종범,78119,93607,147,타격,2루타,2루타,이종범 : 좌중간 2루타; 1루주자 김원섭 :  홈인; 2루주자 이용규 :  홈인; 3루주자 김선빈 :  홈인;,1,0,2,2,초,3,5,0,3,우,우,김원섭,이용규,김선빈,이범준,조인성,페타지니,이종열,김태완,박경수,안치용,이대형,손인호,71207.0,74163.0,78603.0,78119,98144,78129,91015,74158,73113,72161,73153,98538,,,,,,,,,,,,,,,,,,20080524,LG,HT,LG,KIA,잠실,이영재,21,2,-1,20080524HTLG0
직구,이범준,이재주,78119,92304,145,스트라이크,,,,0,0,2,2,초,6,5,0,0,우,우,,이종범,,이범준,조인성,페타지니,이종열,김태완,박경수,안치용,이대형,손인호,,93607.0,,78119,98144,78129,91015,74158,73113,72161,73153,98538,,,,,,,,,,,,,,,,,,20080524,LG,HT,LG,KIA,잠실,이영재,22,1,-1,20080524HTLG0
슬라이더,이범준,이재주,78119,92304,129,볼,,,,0,1,2,2,초,6,5,0,0,우,우,,이종범,,이범준,조인성,페타지니,이종열,김태완,박경수,안치용,이대형,손인호,,93607.0,,78119,98144,78129,91015,74158,73113,72161,73153,98538,,,,,,,,,,,,,,,,,,20080524,LG,HT,LG,KIA,잠실,이영재,22,2,-1,20080524HTLG0
직구,이범준,이재주,78119,92304,143,볼,,,,1,1,2,2,초,6,5,0,0,우,우,,이종범,,이범준,조인성,페타지니,이종열,김태완,박경수,안치용,이대형,손인호,,93607.0,,78119,98144,78129,91015,74158,73113,72161,73153,98538,,,,,,,,,,,,,,,,,,20080524,LG,HT,LG,KIA,잠실,이영재,22,3,-1,20080524HTLG0
슬라이더,이범준,이재주,78119,92304,129,볼,,,,2,1,2,2,초,6,5,0,0,우,우,,이종범,,이범준,조인성,페타지니,이종열,김태완,박경수,안치용,이대형,손인호,,93607.0,,78119,98144,78129,91015,74158,73113,72161,73153,98538,,,,,,,,,,,,,,,,,,20080524,LG,HT,LG,KIA,잠실,이영재,22,4,-1,20080524HTLG0
슬라이더,이범준,이재주,78119,92304,128,스트라이크,,,,3,1,2,2,초,6,5,0,0,우,우,,이종범,,이범준,조인성,페타지니,이종열,김태완,박경수,안치용,이대형,손인호,,93607.0,,78119,98144,78129,91015,74158,73113,72161,73153,98538,,,,,,,,,,,,,,,,,,20080524,LG,HT,LG,KIA,잠실,이영재,22,5,-1,20080524HTLG0
슬라이더,이범준,이재주,78119,92304,129,볼,볼넷,볼넷,이재주 :  볼넷;,3,2,2,2,초,6,5,0,0,우,우,,이종범,,이범준,조인성,페타지니,이종열,김태완,박경수,안치용,이대형,손인호,,93607.0,,78119,98144,78129,91015,74158,73113,72161,73153,98538,,,,,,,,,,,,,,,,,,20080524,LG,HT,LG,KIA,잠실,이영재,22,6,-1,20080524HTLG0
슬라이더,이범준,채종범,78119,70833,126,스트라이크,,,,0,0,2,2,초,6,5,0,0,우,우,이재주,이종범,,이범준,조인성,페타지니,이종열,김태완,박경수,안치용,이대형,손인호,92304.0,93607.0,,78119,98144,78129,91015,74158,73113,72161,73153,98538,,,,,,,,,,,,,,,,,,20080524,LG,HT,LG,KIA,잠실,이영재,23,1,-1,20080524HTLG0
슬라이더,이범준,채종범,78119,70833,128,볼,,,,0,1,2,2,초,6,5,0,0,우,우,이재주,이종범,,이범준,조인성,페타지니,이종열,김태완,박경수,안치용,이대형,손인호,92304.0,93607.0,,78119,98144,78129,91015,74158,73113,72161,73153,98538,,,,,,,,,,,,,,,,,,20080524,LG,HT,LG,KIA,잠실,이영재,23,2,-1,20080524HTLG0
슬라이더,이범준,채종범,78119,70833,129,타격,포스 아웃,땅볼 아웃,채종범 : 유격수 앞 땅볼로 출루; 1루주자 이재주 :  포스아웃 (유격수->2루수 2루 터치아웃);,1,1,2,2,초,6,5,1,0,우,우,이재주,이종범,,이범준,조인성,페타지니,이종열,김태완,박경수,안치용,이대형,손인호,92304.0,93607.0,,78119,98144,78129,91015,74158,73113,72161,73153,98538,,,,,,,,,,,,,,,,,,20080524,LG,HT,LG,KIA,잠실,이영재,23,3,-1,20080524HTLG0
직구,임준혁,이대형,73632,73153,144,스트라이크,,,,0,0,0,2,말,6,5,0,0,좌,우,,,,임준혁,차일목,이종범,김선빈,이현곤,발데스,김원섭,이용규,채종범,,,,73632,73602,93607,78603,72606,78649,71207,74163,70833,,,,,,,,,,,,,,,,,,20080524,LG,HT,LG,KIA,잠실,이영재,24,1,-1,20080524HTLG0
커브,임준혁,이대형,73632,73153,123,볼,,,,0,1,0,2,말,6,5,0,0,좌,우,,,,임준혁,차일목,이종범,김선빈,이현곤,발데스,김원섭,이용규,채종범,,,,73632,73602,93607,78603,72606,78649,71207,74163,70833,,,,,,,,,,,,,,,,,,20080524,LG,HT,LG,KIA,잠실,이영재,24,2,-1,20080524HTLG0
슬라이더,임준혁,이대형,73632,73153,127,볼,,,,1,1,0,2,말,6,5,0,0,좌,우,,,,임준혁,차일목,이종범,김선빈,이현곤,발데스,김원섭,이용규,채종범,,,,73632,73602,93607,78603,72606,78649,71207,74163,70833,,,,,,,,,,,,,,,,,,20080524,LG,HT,LG,KIA,잠실,이영재,24,3,-1,20080524HTLG0
직구,임준혁,이대형,73632,73153,145,볼,,,,2,1,0,2,말,6,5,0,0,좌,우,,,,임준혁,차일목,이종범,김선빈,이현곤,발데스,김원섭,이용규,채종범,,,,73632,73602,93607,78603,72606,78649,71207,74163,70833,,,,,,,,,,,,,,,,,,20080524,LG,HT,LG,KIA,잠실,이영재,24,4,-1,20080524HTLG0
직구,임준혁,이대형,73632,73153,145,타격,필드 아웃,플라이 아웃,이대형 : 투수 플라이 아웃 (번트);,3,1,0,2,말,6,5,1,0,좌,우,,,,임준혁,차일목,이종범,김선빈,이현곤,발데스,김원섭,이용규,채종범,,,,73632,73602,93607,78603,72606,78649,71207,74163,70833,,,,,,,,,,,,,,,,,,20080524,LG,HT,LG,KIA,잠실,이영재,24,5,-1,20080524HTLG0
직구,임준혁,박경수,73632,73113,147,스트라이크,,,,0,0,1,2,말,6,5,0,0,우,우,,,,임준혁,차일목,이종범,김선빈,이현곤,발데스,김원섭,이용규,채종범,,,,73632,73602,93607,78603,72606,78649,71207,74163,70833,,,,,,,,,,,,,,,,,,20080524,LG,HT,LG,KIA,잠실,이영재,25,1,-1,20080524HTLG0
슬라이더,임준혁,박경수,73632,73113,130,파울,,,,0,1,1,2,말,6,5,0,0,우,우,,,,임준혁,차일목,이종범,김선빈,이현곤,발데스,김원섭,이용규,채종범,,,,73632,73602,93607,78603,72606,78649,71207,74163,70833,,,,,,,,,,,,,,,,,,20080524,LG,HT,LG,KIA,잠실,이영재,25,2,-1,20080524HTLG0
직구,임준혁,박경수,73632,73113,148,타격,포스 아웃,땅볼 아웃,박경수 : 2루수 땅볼 아웃 (2루수->1루수 송구아웃);,0,2,1,2,말,6,5,1,0,우,우,,,,임준혁,차일목,이종범,김선빈,이현곤,발데스,김원섭,이용규,채종범,,,,73632,73602,93607,78603,72606,78649,71207,74163,70833,,,,,,,,,,,,,,,,,,20080524,LG,HT,LG,KIA,잠실,이영재,25,3,-1,20080524HTLG0
직구,임준혁,안치용,73632,72161,145,볼,,,,0,0,2,2,말,6,5,0,0,우,우,,,,임준혁,차일목,이종범,김선빈,이현곤,발데스,김원섭,이용규,채종범,,,,73632,73602,93607,78603,72606,78649,71207,74163,70833,,,,,,,,,,,,,,,,,,20080524,LG,HT,LG,KIA,잠실,이영재,26,1,-1,20080524HTLG0
직구,임준혁,안치용,73632,72161,143,타격,안타,안타,안치용 : 우중간 1루타;,1,0,2,2,말,6,5,0,0,우,우,,,,임준혁,차일목,이종범,김선빈,이현곤,발데스,김원섭,이용규,채종범,,,,73632,73602,93607,78603,72606,78649,71207,74163,70833,,,,,,,,,,,,,,,,,,20080524,LG,HT,LG,KIA,잠실,이영재,26,2,-1,20080524HTLG0
직구,임준혁,페타지니,73632,78129,142,볼,,,,0,0,2,2,말,6,5,0,0,좌,우,안치용,,,임준혁,차일목,이종범,김선빈,이현곤,발데스,김원섭,이용규,채종범,72161.0,,,73632,73602,93607,78603,72606,78649,71207,74163,70833,,,,,,,,,,,,,,,,,,20080524,LG,HT,LG,KIA,잠실,이영재,27,1,-1,20080524HTLG0
직구,임준혁,페타지니,73632,78129,144,스트라이크,,,,1,0,2,2,말,6,5,0,0,좌,우,안치용,,,임준혁,차일목,이종범,김선빈,이현곤,발데스,김원섭,이용규,채종범,72161.0,,,73632,73602,93607,78603,72606,78649,71207,74163,70833,,,,,,,,,,,,,,,,,,20080524,LG,HT,LG,KIA,잠실,이영재,27,2,-1,20080524HTLG0
직구,임준혁,페타지니,73632,78129,144,볼,,,,1,1,2,2,말,6,5,0,0,좌,우,안치용,,,임준혁,차일목,이종범,김선빈,이현곤,발데스,김원섭,이용규,채종범,72161.0,,,73632,73602,93607,78603,72606,78649,71207,74163,70833,,,,,,,,,,,,,,,,,,20080524,LG,HT,LG,KIA,잠실,이영재,27,3,-1,20080524HTLG0
직구,임준혁,페타지니,73632,78129,145,헛스윙,,,,2,1,2,2,말,6,5,0,0,좌,우,안치용,,,임준혁,차일목,이종범,김선빈,이현곤,발데스,김원섭,이용규,채종범,72161.0,,,73632,73602,93607,78603,72606,78649,71207,74163,70833,,,,,,,,,,,,,,,,,,20080524,LG,HT,LG,KIA,잠실,이영재,27,4,-1,20080524HTLG0
슬라이더,임준혁,페타지니,73632,78129,130,볼,,,,2,2,2,2,말,6,5,0,0,좌,우,안치용,,,임준혁,차일목,이종범,김선빈,이현곤,발데스,김원섭,이용규,채종범,72161.0,,,73632,73602,93607,78603,72606,78649,71207,74163,70833,,,,,,,,,,,,,,,,,,20080524,LG,HT,LG,KIA,잠실,이영재,27,5,-1,20080524HTLG0
직구,임준혁,페타지니,73632,78129,145,타격,2루타,2루타,페타지니 : 좌익수 왼쪽 2루타; 1루주자 안치용 :  홈인;,3,2,2,2,말,6,5,0,1,좌,우,안치용,,,임준혁,차일목,이종범,김선빈,이현곤,발데스,김원섭,이용규,채종범,72161.0,,,73632,73602,93607,78603,72606,78649,71207,74163,70833,,,,,,,,,,,,,,,,,,20080524,LG,HT,LG,KIA,잠실,이영재,27,6,-1,20080524HTLG0
커브,임준혁,이종열,73632,91015,126,스트라이크,,,,0,0,2,2,말,6,6,0,0,양,우,,페타지니,,임준혁,차일목,이종범,김선빈,이현곤,발데스,김원섭,이용규,채종범,,78129.0,,73632,73602,93607,78603,72606,78649,71207,74163,70833,,,,,,,,,,,,,,,,,,20080524,LG,HT,LG,KIA,잠실,이영재,28,1,-1,20080524HTLG0
포크,임준혁,이종열,73632,91015,130,볼,,,,0,1,2,2,말,6,6,0,0,양,우,,페타지니,,임준혁,차일목,이종범,김선빈,이현곤,발데스,김원섭,이용규,채종범,,78129.0,,73632,73602,93607,78603,72606,78649,71207,74163,70833,,,,,,,,,,,,,,,,,,20080524,LG,HT,LG,KIA,잠실,이영재,28,2,-1,20080524HTLG0
직구,임준혁,이종열,73632,91015,140,볼,,,,1,1,2,2,말,6,6,0,0,양,우,,페타지니,,임준혁,차일목,이종범,김선빈,이현곤,발데스,김원섭,이용규,채종범,,78129.0,,73632,73602,93607,78603,72606,78649,71207,74163,70833,,,,,,,,,,,,,,,,,,20080524,LG,HT,LG,KIA,잠실,이영재,28,3,-1,20080524HTLG0
,임준혁,이종열,73632,91015,,,,,2루주자 페타지니 :  폭투로 3루까지 진루;,2,1,2,2,말,6,6,0,0,양,우,,페타지니,,임준혁,차일목,이종범,김선빈,이현곤,발데스,김원섭,이용규,채종범,,78129.0,,73632,73602,93607,78603,72606,78649,71207,74163,70833,,,,,,,,,,,,,,,,,,20080524,LG,HT,LG,KIA,잠실,이영재,28,,,20080524HTLG0
슬라이더,임준혁,이종열,73632,91015,127,볼,,,,2,1,2,2,말,6,6,0,0,양,우,,,페타지니,임준혁,차일목,이종범,김선빈,이현곤,발데스,김원섭,이용규,채종범,,,78129.0,73632,73602,93607,78603,72606,78649,71207,74163,70833,,,,,,,,,,,,,,,,,,20080524,LG,HT,LG,KIA,잠실,이영재,28,4,-1,20080524HTLG0
커브,임준혁,이종열,73632,91015,125,스트라이크,,,,3,1,2,2,말,6,6,0,0,양,우,,,페타지니,임준혁,차일목,이종범,김선빈,이현곤,발데스,김원섭,이용규,채종범,,,78129.0,73632,73602,93607,78603,72606,78649,71207,74163,70833,,,,,,,,,,,,,,,,,,20080524,LG,HT,LG,KIA,잠실,이영재,28,5,-1,20080524HTLG0
직구,임준혁,이종열,73632,91015,145,파울,,,,3,2,2,2,말,6,6,0,0,양,우,,,페타지니,임준혁,차일목,이종범,김선빈,이현곤,발데스,김원섭,이용규,채종범,,,78129.0,73632,73602,93607,78603,72606,78649,71207,74163,70833,,,,,,,,,,,,,,,,,,20080524,LG,HT,LG,KIA,잠실,이영재,28,6,-1,20080524HTLG0
직구,임준혁,이종열,73632,91015,146,파울,,,,3,2,2,2,말,6,6,0,0,양,우,,,페타지니,임준혁,차일목,이종범,김선빈,이현곤,발데스,김원섭,이용규,채종범,,,78129.0,73632,73602,93607,78603,72606,78649,71207,74163,70833,,,,,,,,,,,,,,,,,,20080524,LG,HT,LG,KIA,잠실,이영재,28,7,-1,20080524HTLG0
슬라이더,임준혁,이종열,73632,91015,127,파울,,,,3,2,2,2,말,6,6,0,0,양,우,,,페타지니,임준혁,차일목,이종범,김선빈,이현곤,발데스,김원섭,이용규,채종범,,,78129.0,73632,73602,93607,78603,72606,78649,71207,74163,70833,,,,,,,,,,,,,,,,,,20080524,LG,HT,LG,KIA,잠실,이영재,28,8,-1,20080524HTLG0
직구,임준혁,이종열,73632,91015,147,파울,,,,3,2,2,2,말,6,6,0,0,양,우,,,페타지니,임준혁,차일목,이종범,김선빈,이현곤,발데스,김원섭,이용규,채종범,,,78129.0,73632,73602,93607,78603,72606,78649,71207,74163,70833,,,,,,,,,,,,,,,,,,20080524,LG,HT,LG,KIA,잠실,이영재,28,9,-1,20080524HTLG0
직구,임준혁,이종열,73632,91015,147,볼,볼넷,볼넷,이종열 :  볼넷;,3,2,2,2,말,6,6,0,0,양,우,,,페타지니,임준혁,차일목,이종범,김선빈,이현곤,발데스,김원섭,이용규,채종범,,,78129.0,73632,73602,93607,78603,72606,78649,71207,74163,70833,,,,,,,,,,,,,,,,,,20080524,LG,HT,LG,KIA,잠실,이영재,28,10,-1,20080524HTLG0
,임준혁,손인호,73632,98538,,,,,투수 임준혁 : 투수 양현종 (으)로 교체;,0,0,2,2,말,6,6,0,0,좌,우,이종열,,페타지니,임준혁,차일목,이종범,김선빈,이현곤,발데스,김원섭,이용규,채종범,91015.0,,78129.0,73632,73602,93607,78603,72606,78649,71207,74163,70833,,,,,,,,,,,,,,,,,,20080524,LG,HT,LG,KIA,잠실,이영재,29,,,20080524HTLG0
직구,양현종,손인호,77637,98538,142,스트라이크,,,,0,0,2,2,말,6,6,0,0,좌,좌,이종열,,페타지니,양현종,차일목,이종범,김선빈,이현곤,발데스,김원섭,이용규,채종범,91015.0,,78129.0,77637,73602,93607,78603,72606,78649,71207,74163,70833,,,,,,,,,,,,,,,,,,20080524,LG,HT,LG,KIA,잠실,이영재,29,1,-1,20080524HTLG0
직구,양현종,손인호,77637,98538,138,스트라이크,,,,0,1,2,2,말,6,6,0,0,좌,좌,이종열,,페타지니,양현종,차일목,이종범,김선빈,이현곤,발데스,김원섭,이용규,채종범,91015.0,,78129.0,77637,73602,93607,78603,72606,78649,71207,74163,70833,,,,,,,,,,,,,,,,,,20080524,LG,HT,LG,KIA,잠실,이영재,29,2,-1,20080524HTLG0
직구,양현종,손인호,77637,98538,145,볼,,,,0,2,2,2,말,6,6,0,0,좌,좌,이종열,,페타지니,양현종,차일목,이종범,김선빈,이현곤,발데스,김원섭,이용규,채종범,91015.0,,78129.0,77637,73602,93607,78603,72606,78649,71207,74163,70833,,,,,,,,,,,,,,,,,,20080524,LG,HT,LG,KIA,잠실,이영재,29,3,-1,20080524HTLG0
직구,양현종,손인호,77637,98538,141,타격,필드 아웃,플라이 아웃,손인호 : 중견수 플라이 아웃;,1,2,2,2,말,6,6,1,0,좌,좌,이종열,,페타지니,양현종,차일목,이종범,김선빈,이현곤,발데스,김원섭,이용규,채종범,91015.0,,78129.0,77637,73602,93607,78603,72606,78649,71207,74163,70833,,,,,,,,,,,,,,,,,,20080524,LG,HT,LG,KIA,잠실,이영재,29,4,-1,20080524HTLG0
슬라이더,이범준,이현곤,78119,72606,128,스트라이크,,,,0,0,0,3,초,6,6,0,0,우,우,,,,이범준,조인성,페타지니,이종열,김태완,박경수,안치용,이대형,손인호,,,,78119,98144,78129,91015,74158,73113,72161,73153,98538,,,,,,,,,,,,,,,,,,20080524,LG,HT,LG,KIA,잠실,이영재,30,1,-1,20080524HTLG0
직구,이범준,이현곤,78119,72606,144,타격,안타,안타,이현곤 : 좌익수 오른쪽 1루타;,0,1,0,3,초,6,6,0,0,우,우,,,,이범준,조인성,페타지니,이종열,김태완,박경수,안치용,이대형,손인호,,,,78119,98144,78129,91015,74158,73113,72161,73153,98538,,,,,,,,,,,,,,,,,,20080524,LG,HT,LG,KIA,잠실,이영재,30,2,-1,20080524HTLG0
직구,이범준,차일목,78119,73602,142,번트파울,,,,0,0,0,3,초,6,6,0,0,우,우,이현곤,,,이범준,조인성,페타지니,이종열,김태완,박경수,안치용,이대형,손인호,72606.0,,,78119,98144,78129,91015,74158,73113,72161,73153,98538,,,,,,,,,,,,,,,,,,20080524,LG,HT,LG,KIA,잠실,이영재,31,1,-1,20080524HTLG0
슬라이더,이범준,차일목,78119,73602,126,볼,,,,0,1,0,3,초,6,6,0,0,우,우,이현곤,,,이범준,조인성,페타지니,이종열,김태완,박경수,안치용,이대형,손인호,72606.0,,,78119,98144,78129,91015,74158,73113,72161,73153,98538,,,,,,,,,,,,,,,,,,20080524,LG,HT,LG,KIA,잠실,이영재,31,2,-1,20080524HTLG0
슬라이더,이범준,차일목,78119,73602,126,타격,희생번트,희생번트,차일목 : 투수 희생번트 아웃 (투수->2루수 1루 터치아웃); 1루주자 이현곤 :   2루까지 진루;,1,1,0,3,초,6,6,1,0,우,우,이현곤,,,이범준,조인성,페타지니,이종열,김태완,박경수,안치용,이대형,손인호,72606.0,,,78119,98144,78129,91015,74158,73113,72161,73153,98538,,,,,,,,,,,,,,,,,,20080524,LG,HT,LG,KIA,잠실,이영재,31,3,-1,20080524HTLG0
슬라이더,이범준,김선빈,78119,78603,128,스트라이크,,,,0,0,1,3,초,6,6,0,0,우,우,,이현곤,,이범준,조인성,페타지니,이종열,김태완,박경수,안치용,이대형,손인호,,72606.0,,78119,98144,78129,91015,74158,73113,72161,73153,98538,,,,,,,,,,,,,,,,,,20080524,LG,HT,LG,KIA,잠실,이영재,32,1,-1,20080524HTLG0
슬라이더,이범준,김선빈,78119,78603,129,타격,포스 아웃,땅볼 아웃,김선빈 : 2루수 땅볼 아웃 (2루수->1루수 송구아웃); 2루주자 이현곤 :   3루까지 진루;,0,1,1,3,초,6,6,1,0,우,우,,이현곤,,이범준,조인성,페타지니,이종열,김태완,박경수,안치용,이대형,손인호,,72606.0,,78119,98144,78129,91015,74158,73113,72161,73153,98538,,,,,,,,,,,,,,,,,,20080524,LG,HT,LG,KIA,잠실,이영재,32,2,-1,20080524HTLG0
슬라이더,이범준,발데스,78119,78649,129,볼,,,,0,0,2,3,초,6,6,0,0,우,우,,,이현곤,이범준,조인성,페타지니,이종열,김태완,박경수,안치용,이대형,손인호,,,72606.0,78119,98144,78129,91015,74158,73113,72161,73153,98538,,,,,,,,,,,,,,,,,,20080524,LG,HT,LG,KIA,잠실,이영재,33,1,-1,20080524HTLG0
슬라이더,이범준,발데스,78119,78649,125,파울,,,,1,0,2,3,초,6,6,0,0,우,우,,,이현곤,이범준,조인성,페타지니,이종열,김태완,박경수,안치용,이대형,손인호,,,72606.0,78119,98144,78129,91015,74158,73113,72161,73153,98538,,,,,,,,,,,,,,,,,,20080524,LG,HT,LG,KIA,잠실,이영재,33,2,-1,20080524HTLG0
슬라이더,이범준,발데스,78119,78649,129,타격,필드 아웃,플라이 아웃,발데스 : 유격수 플라이 아웃;,1,1,2,3,초,6,6,1,0,우,우,,,이현곤,이범준,조인성,페타지니,이종열,김태완,박경수,안치용,이대형,손인호,,,72606.0,78119,98144,78129,91015,74158,73113,72161,73153,98538,,,,,,,,,,,,,,,,,,20080524,LG,HT,LG,KIA,잠실,이영재,33,3,-1,20080524HTLG0
직구,양현종,조인성,77637,98144,140,볼,,,,0,0,0,3,말,6,6,0,0,우,좌,,,,양현종,차일목,이종범,김선빈,이현곤,발데스,김원섭,이용규,채종범,,,,77637,73602,93607,78603,72606,78649,71207,74163,70833,,,,,,,,,,,,,,,,,,20080524,LG,HT,LG,KIA,잠실,이영재,34,1,-1,20080524HTLG0
직구,양현종,조인성,77637,98144,136,볼,,,,1,0,0,3,말,6,6,0,0,우,좌,,,,양현종,차일목,이종범,김선빈,이현곤,발데스,김원섭,이용규,채종범,,,,77637,73602,93607,78603,72606,78649,71207,74163,70833,,,,,,,,,,,,,,,,,,20080524,LG,HT,LG,KIA,잠실,이영재,34,2,-1,20080524HTLG0
직구,양현종,조인성,77637,98144,138,타격,필드 아웃,플라이 아웃,조인성 : 중견수 플라이 아웃;,2,0,0,3,말,6,6,1,0,우,좌,,,,양현종,차일목,이종범,김선빈,이현곤,발데스,김원섭,이용규,채종범,,,,77637,73602,93607,78603,72606,78649,71207,74163,70833,,,,,,,,,,,,,,,,,,20080524,LG,HT,LG,KIA,잠실,이영재,34,3,-1,20080524HTLG0
슬라이더,양현종,이성열,77637,73136,127,볼,,,,0,0,1,3,말,6,6,0,0,양,좌,,,,양현종,차일목,이종범,김선빈,이현곤,발데스,김원섭,이용규,채종범,,,,77637,73602,93607,78603,72606,78649,71207,74163,70833,,,,,,,,,,,,,,,,,,20080524,LG,HT,LG,KIA,잠실,이영재,35,1,-1,20080524HTLG0
슬라이더,양현종,이성열,77637,73136,135,볼,,,,1,0,1,3,말,6,6,0,0,양,좌,,,,양현종,차일목,이종범,김선빈,이현곤,발데스,김원섭,이용규,채종범,,,,77637,73602,93607,78603,72606,78649,71207,74163,70833,,,,,,,,,,,,,,,,,,20080524,LG,HT,LG,KIA,잠실,이영재,35,2,-1,20080524HTLG0
슬라이더,양현종,이성열,77637,73136,133,타격,필드 아웃,파울 플라이 아웃,이성열 : 1루수 파울플라이 아웃;,2,0,1,3,말,6,6,1,0,양,좌,,,,양현종,차일목,이종범,김선빈,이현곤,발데스,김원섭,이용규,채종범,,,,77637,73602,93607,78603,72606,78649,71207,74163,70833,,,,,,,,,,,,,,,,,,20080524,LG,HT,LG,KIA,잠실,이영재,35,3,-1,20080524HTLG0
직구,양현종,김태완,77637,74158,143,파울,,,,0,0,2,3,말,6,6,0,0,우,좌,,,,양현종,차일목,이종범,김선빈,이현곤,발데스,김원섭,이용규,채종범,,,,77637,73602,93607,78603,72606,78649,71207,74163,70833,,,,,,,,,,,,,,,,,,20080524,LG,HT,LG,KIA,잠실,이영재,36,1,-1,20080524HTLG0
슬라이더,양현종,김태완,77637,74158,136,타격,안타,안타,김태완 : 좌익수 왼쪽 1루타;,0,1,2,3,말,6,6,0,0,우,좌,,,,양현종,차일목,이종범,김선빈,이현곤,발데스,김원섭,이용규,채종범,,,,77637,73602,93607,78603,72606,78649,71207,74163,70833,,,,,,,,,,,,,,,,,,20080524,LG,HT,LG,KIA,잠실,이영재,36,2,-1,20080524HTLG0
슬라이더,양현종,이대형,77637,73153,136,볼,,,,0,0,2,3,말,6,6,0,0,좌,좌,김태완,,,양현종,차일목,이종범,김선빈,이현곤,발데스,김원섭,이용규,채종범,74158.0,,,77637,73602,93607,78603,72606,78649,71207,74163,70833,,,,,,,,,,,,,,,,,,20080524,LG,HT,LG,KIA,잠실,이영재,37,1,-1,20080524HTLG0
슬라이더,양현종,이대형,77637,73153,136,타격,안타,안타,이대형 : 좌중간 1루타; 1루주자 김태완 :   2루까지 진루;,1,0,2,3,말,6,6,0,0,좌,좌,김태완,,,양현종,차일목,이종범,김선빈,이현곤,발데스,김원섭,이용규,채종범,74158.0,,,77637,73602,93607,78603,72606,78649,71207,74163,70833,,,,,,,,,,,,,,,,,,20080524,LG,HT,LG,KIA,잠실,이영재,37,2,-1,20080524HTLG0
체인지업,양현종,박경수,77637,73113,122,스트라이크,,,,0,0,2,3,말,6,6,0,0,우,좌,이대형,김태완,,양현종,차일목,이종범,김선빈,이현곤,발데스,김원섭,이용규,채종범,73153.0,74158.0,,77637,73602,93607,78603,72606,78649,71207,74163,70833,,,,,,,,,,,,,,,,,,20080524,LG,HT,LG,KIA,잠실,이영재,38,1,-1,20080524HTLG0
직구,양현종,박경수,77637,73113,141,볼,,,,0,1,2,3,말,6,6,0,0,우,좌,이대형,김태완,,양현종,차일목,이종범,김선빈,이현곤,발데스,김원섭,이용규,채종범,73153.0,74158.0,,77637,73602,93607,78603,72606,78649,71207,74163,70833,,,,,,,,,,,,,,,,,,20080524,LG,HT,LG,KIA,잠실,이영재,38,2,-1,20080524HTLG0
직구,양현종,박경수,77637,73113,142,파울,,,,1,1,2,3,말,6,6,0,0,우,좌,이대형,김태완,,양현종,차일목,이종범,김선빈,이현곤,발데스,김원섭,이용규,채종범,73153.0,74158.0,,77637,73602,93607,78603,72606,78649,71207,74163,70833,,,,,,,,,,,,,,,,,,20080524,LG,HT,LG,KIA,잠실,이영재,38,3,-1,20080524HTLG0
직구,양현종,박경수,77637,73113,142,파울,,,,1,2,2,3,말,6,6,0,0,우,좌,이대형,김태완,,양현종,차일목,이종범,김선빈,이현곤,발데스,김원섭,이용규,채종범,73153.0,74158.0,,77637,73602,93607,78603,72606,78649,71207,74163,70833,,,,,,,,,,,,,,,,,,20080524,LG,HT,LG,KIA,잠실,이영재,38,4,-1,20080524HTLG0
체인지업,양현종,박경수,77637,73113,123,파울,,,,1,2,2,3,말,6,6,0,0,우,좌,이대형,김태완,,양현종,차일목,이종범,김선빈,이현곤,발데스,김원섭,이용규,채종범,73153.0,74158.0,,77637,73602,93607,78603,72606,78649,71207,74163,70833,,,,,,,,,,,,,,,,,,20080524,LG,HT,LG,KIA,잠실,이영재,38,5,-1,20080524HTLG0
직구,양현종,박경수,77637,73113,142,타격,안타,안타,박경수 : 우익수 앞 1루타; 1루주자 이대형 :   3루까지 진루; 2루주자 김태완 :  홈인;,1,2,2,3,말,6,6,0,1,우,좌,이대형,김태완,,양현종,차일목,이종범,김선빈,이현곤,발데스,김원섭,이용규,채종범,73153.0,74158.0,,77637,73602,93607,78603,72606,78649,71207,74163,70833,,,,,,,,,,,,,,,,,,20080524,LG,HT,LG,KIA,잠실,이영재,38,6,-1,20080524HTLG0
직구,양현종,안치용,77637,72161,138,스트라이크,,,,0,0,2,3,말,6,7,0,0,우,좌,박경수,,이대형,양현종,차일목,이종범,김선빈,이현곤,발데스,김원섭,이용규,채종범,73113.0,,73153.0,77637,73602,93607,78603,72606,78649,71207,74163,70833,,,,,,,,,,,,,,,,,,20080524,LG,HT,LG,KIA,잠실,이영재,39,1,-1,20080524HTLG0
체인지업,양현종,안치용,77637,72161,124,타격,2루타,2루타,안치용 : 우중간 2루타; 1루주자 박경수 :  홈인; 3루주자 이대형 :  홈인;,0,1,2,3,말,6,7,0,2,우,좌,박경수,,이대형,양현종,차일목,이종범,김선빈,이현곤,발데스,김원섭,이용규,채종범,73113.0,,73153.0,77637,73602,93607,78603,72606,78649,71207,74163,70833,,,,,,,,,,,,,,,,,,20080524,LG,HT,LG,KIA,잠실,이영재,39,2,-1,20080524HTLG0
체인지업,양현종,페타지니,77637,78129,123,타격,내야안타,내야안타,페타지니 : 2루수 왼쪽 내야안타; 2루주자 안치용 :  홈인;,0,0,2,3,말,6,9,0,1,좌,좌,,안치용,,양현종,차일목,이종범,김선빈,이현곤,발데스,김원섭,이용규,채종범,,72161.0,,77637,73602,93607,78603,72606,78649,71207,74163,70833,,,,,,,,,,,,,,,,,,20080524,LG,HT,LG,KIA,잠실,이영재,40,1,-1,20080524HTLG0
직구,양현종,이종열,77637,91015,140,볼,,,,0,0,2,3,말,6,10,0,0,양,좌,페타지니,,,양현종,차일목,이종범,김선빈,이현곤,발데스,김원섭,이용규,채종범,78129.0,,,77637,73602,93607,78603,72606,78649,71207,74163,70833,,,,,,,,,,,,,,,,,,20080524,LG,HT,LG,KIA,잠실,이영재,41,1,-1,20080524HTLG0
직구,양현종,이종열,77637,91015,139,볼,,,,1,0,2,3,말,6,10,0,0,양,좌,페타지니,,,양현종,차일목,이종범,김선빈,이현곤,발데스,김원섭,이용규,채종범,78129.0,,,77637,73602,93607,78603,72606,78649,71207,74163,70833,,,,,,,,,,,,,,,,,,20080524,LG,HT,LG,KIA,잠실,이영재,41,2,-1,20080524HTLG0
커브,양현종,이종열,77637,91015,120,타격,필드 아웃,플라이 아웃,이종열 : 좌익수 플라이 아웃;,2,0,2,3,말,6,10,1,0,양,좌,페타지니,,,양현종,차일목,이종범,김선빈,이현곤,발데스,김원섭,이용규,채종범,78129.0,,,77637,73602,93607,78603,72606,78649,71207,74163,70833,,,,,,,,,,,,,,,,,,20080524,LG,HT,LG,KIA,잠실,이영재,41,3,-1,20080524HTLG0
직구,이범준,이용규,78119,74163,143,스트라이크,,,,0,0,0,4,초,6,10,0,0,좌,우,,,,이범준,조인성,페타지니,이종열,김태완,박경수,안치용,이대형,손인호,,,,78119,98144,78129,91015,74158,73113,72161,73153,98538,,,,,,,,,,,,,,,,,,20080524,LG,HT,LG,KIA,잠실,이영재,42,1,-1,20080524HTLG0
커브,이범준,이용규,78119,74163,121,볼,,,,0,1,0,4,초,6,10,0,0,좌,우,,,,이범준,조인성,페타지니,이종열,김태완,박경수,안치용,이대형,손인호,,,,78119,98144,78129,91015,74158,73113,72161,73153,98538,,,,,,,,,,,,,,,,,,20080524,LG,HT,LG,KIA,잠실,이영재,42,2,-1,20080524HTLG0
직구,이범준,이용규,78119,74163,146,타격,안타,안타,이용규 : 중견수 앞 1루타;,1,1,0,4,초,6,10,0,0,좌,우,,,,이범준,조인성,페타지니,이종열,김태완,박경수,안치용,이대형,손인호,,,,78119,98144,78129,91015,74158,73113,72161,73153,98538,,,,,,,,,,,,,,,,,,20080524,LG,HT,LG,KIA,잠실,이영재,42,3,-1,20080524HTLG0
직구,이범준,김원섭,78119,71207,144,스트라이크,,,,0,0,0,4,초,6,10,0,0,양,우,이용규,,,이범준,조인성,페타지니,이종열,김태완,박경수,안치용,이대형,손인호,74163.0,,,78119,98144,78129,91015,74158,73113,72161,73153,98538,,,,,,,,,,,,,,,,,,20080524,LG,HT,LG,KIA,잠실,이영재,43,1,-1,20080524HTLG0
직구,이범준,김원섭,78119,71207,146,스트라이크,,,,0,1,0,4,초,6,10,0,0,양,우,이용규,,,이범준,조인성,페타지니,이종열,김태완,박경수,안치용,이대형,손인호,74163.0,,,78119,98144,78129,91015,74158,73113,72161,73153,98538,,,,,,,,,,,,,,,,,,20080524,LG,HT,LG,KIA,잠실,이영재,43,2,-1,20080524HTLG0
직구,이범준,김원섭,78119,71207,147,볼,,,,0,2,0,4,초,6,10,0,0,양,우,이용규,,,이범준,조인성,페타지니,이종열,김태완,박경수,안치용,이대형,손인호,74163.0,,,78119,98144,78129,91015,74158,73113,72161,73153,98538,,,,,,,,,,,,,,,,,,20080524,LG,HT,LG,KIA,잠실,이영재,43,3,-1,20080524HTLG0
체인지업,이범준,김원섭,78119,71207,125,볼,,,,1,2,0,4,초,6,10,0,0,양,우,이용규,,,이범준,조인성,페타지니,이종열,김태완,박경수,안치용,이대형,손인호,74163.0,,,78119,98144,78129,91015,74158,73113,72161,73153,98538,,,,,,,,,,,,,,,,,,20080524,LG,HT,LG,KIA,잠실,이영재,43,4,-1,20080524HTLG0
직구,이범준,김원섭,78119,71207,147,타격,필드 아웃,플라이 아웃,김원섭 : 좌익수 플라이 아웃;,2,2,0,4,초,6,10,1,0,양,우,이용규,,,이범준,조인성,페타지니,이종열,김태완,박경수,안치용,이대형,손인호,74163.0,,,78119,98144,78129,91015,74158,73113,72161,73153,98538,,,,,,,,,,,,,,,,,,20080524,LG,HT,LG,KIA,잠실,이영재,43,5,-1,20080524HTLG0
슬라이더,이범준,이종범,78119,93607,128,볼,,,,0,0,1,4,초,6,10,0,0,우,우,이용규,,,이범준,조인성,페타지니,이종열,김태완,박경수,안치용,이대형,손인호,74163.0,,,78119,98144,78129,91015,74158,73113,72161,73153,98538,,,,,,,,,,,,,,,,,,20080524,LG,HT,LG,KIA,잠실,이영재,44,1,-1,20080524HTLG0
,이범준,이종범,78119,93607,,,,,1루주자 이용규 :  도루실패 아웃 (포수->유격수 태그아웃);,1,0,1,4,초,6,10,1,0,우,우,이용규,,,이범준,조인성,페타지니,이종열,김태완,박경수,안치용,이대형,손인호,74163.0,,,78119,98144,78129,91015,74158,73113,72161,73153,98538,,,,,,,,,,,,,,,,,,20080524,LG,HT,LG,KIA,잠실,이영재,44,,,20080524HTLG0
슬라이더,이범준,이종범,78119,93607,126,볼,,,,1,0,2,4,초,6,10,0,0,우,우,,,,이범준,조인성,페타지니,이종열,김태완,박경수,안치용,이대형,손인호,,,,78119,98144,78129,91015,74158,73113,72161,73153,98538,,,,,,,,,,,,,,,,,,20080524,LG,HT,LG,KIA,잠실,이영재,44,2,-1,20080524HTLG0
직구,이범준,이종범,78119,93607,143,볼,,,,2,0,2,4,초,6,10,0,0,우,우,,,,이범준,조인성,페타지니,이종열,김태완,박경수,안치용,이대형,손인호,,,,78119,98144,78129,91015,74158,73113,72161,73153,98538,,,,,,,,,,,,,,,,,,20080524,LG,HT,LG,KIA,잠실,이영재,44,3,-1,20080524HTLG0
직구,이범준,이종범,78119,93607,146,볼,볼넷,볼넷,이종범 :  볼넷;,3,0,2,4,초,6,10,0,0,우,우,,,,이범준,조인성,페타지니,이종열,김태완,박경수,안치용,이대형,손인호,,,,78119,98144,78129,91015,74158,73113,72161,73153,98538,,,,,,,,,,,,,,,,,,20080524,LG,HT,LG,KIA,잠실,이영재,44,4,-1,20080524HTLG0
직구,이범준,이재주,78119,92304,144,볼,,,,0,0,2,4,초,6,10,0,0,우,우,이종범,,,이범준,조인성,페타지니,이종열,김태완,박경수,안치용,이대형,손인호,93607.0,,,78119,98144,78129,91015,74158,73113,72161,73153,98538,,,,,,,,,,,,,,,,,,20080524,LG,HT,LG,KIA,잠실,이영재,45,1,-1,20080524HTLG0
직구,이범준,이재주,78119,92304,145,볼,,,,1,0,2,4,초,6,10,0,0,우,우,이종범,,,이범준,조인성,페타지니,이종열,김태완,박경수,안치용,이대형,손인호,93607.0,,,78119,98144,78129,91015,74158,73113,72161,73153,98538,,,,,,,,,,,,,,,,,,20080524,LG,HT,LG,KIA,잠실,이영재,45,2,-1,20080524HTLG0
직구,이범준,이재주,78119,92304,146,스트라이크,,,,2,0,2,4,초,6,10,0,0,우,우,이종범,,,이범준,조인성,페타지니,이종열,김태완,박경수,안치용,이대형,손인호,93607.0,,,78119,98144,78129,91015,74158,73113,72161,73153,98538,,,,,,,,,,,,,,,,,,20080524,LG,HT,LG,KIA,잠실,이영재,45,3,-1,20080524HTLG0
슬라이더,이범준,이재주,78119,92304,125,타격,안타,안타,이재주 : 좌익수 앞 1루타; 1루주자 이종범 :   3루까지 진루;,2,1,2,4,초,6,10,0,0,우,우,이종범,,,이범준,조인성,페타지니,이종열,김태완,박경수,안치용,이대형,손인호,93607.0,,,78119,98144,78129,91015,74158,73113,72161,73153,98538,,,,,,,,,,,,,,,,,,20080524,LG,HT,LG,KIA,잠실,이영재,45,4,-1,20080524HTLG0
,이범준,채종범,78119,70833,,,,,5번타자 채종범 : 대타 최경환(으)로 교체;,0,0,2,4,초,6,10,0,0,우,우,이재주,,이종범,이범준,조인성,페타지니,이종열,김태완,박경수,안치용,이대형,손인호,92304.0,,93607.0,78119,98144,78129,91015,74158,73113,72161,73153,98538,,,,,,,,,,,,,,,,,,20080524,LG,HT,LG,KIA,잠실,이영재,46,,,20080524HTLG0
직구,이범준,최경환,78119,70117,147,파울,,,,0,0,2,4,초,6,10,0,0,좌,우,이재주,,이종범,이범준,조인성,페타지니,이종열,김태완,박경수,안치용,이대형,손인호,92304.0,,93607.0,78119,98144,78129,91015,74158,73113,72161,73153,98538,,,,,,,,,,,,,,,,,,20080524,LG,HT,LG,KIA,잠실,이영재,46,1,-1,20080524HTLG0
직구,이범준,최경환,78119,70117,147,볼,,,,0,1,2,4,초,6,10,0,0,좌,우,이재주,,이종범,이범준,조인성,페타지니,이종열,김태완,박경수,안치용,이대형,손인호,92304.0,,93607.0,78119,98144,78129,91015,74158,73113,72161,73153,98538,,,,,,,,,,,,,,,,,,20080524,LG,HT,LG,KIA,잠실,이영재,46,2,-1,20080524HTLG0
직구,이범준,최경환,78119,70117,146,볼,,,,1,1,2,4,초,6,10,0,0,좌,우,이재주,,이종범,이범준,조인성,페타지니,이종열,김태완,박경수,안치용,이대형,손인호,92304.0,,93607.0,78119,98144,78129,91015,74158,73113,72161,73153,98538,,,,,,,,,,,,,,,,,,20080524,LG,HT,LG,KIA,잠실,이영재,46,3,-1,20080524HTLG0
직구,이범준,최경환,78119,70117,146,타격,포스 아웃,땅볼 아웃,최경환 : 투수 땅볼 아웃 (투수->1루수 송구아웃);,2,1,2,4,초,6,10,1,0,좌,우,이재주,,이종범,이범준,조인성,페타지니,이종열,김태완,박경수,안치용,이대형,손인호,92304.0,,93607.0,78119,98144,78129,91015,74158,73113,72161,73153,98538,,,,,,,,,,,,,,,,,,20080524,LG,HT,LG,KIA,잠실,이영재,46,4,-1,20080524HTLG0
,양현종,손인호,77637,98538,,,,,투수 양현종 : 투수 이동현 (으)로 교체; 좌익수 김원섭 : 우익수(으)로 수비위치 변경; 대타 최경환 : 좌익수(으)로 수비위치 변경; 포수 차일목 : 포수 이성우 (으)로 교체;,0,0,0,4,말,6,10,0,0,좌,좌,,,,양현종,차일목,이종범,김선빈,이현곤,발데스,김원섭,이용규,채종범,,,,77637,73602,93607,78603,72606,78649,71207,74163,70833,,,,,,,,,,,,,,,,,,20080524,LG,HT,LG,KIA,잠실,이영재,47,,,20080524HTLG0
직구,이동현,손인호,74620,98538,141,타격,포스 아웃,땅볼 아웃,손인호 : 유격수 땅볼 아웃 (유격수->1루수 송구아웃);,0,0,0,4,말,6,10,1,0,좌,우,,,,이동현,이성우,이종범,김선빈,이현곤,발데스,최경환,이용규,김원섭,,,,74620,71184,93607,78603,72606,78649,70117,74163,71207,,,,,,,,,,,,,,,,,,20080524,LG,HT,LG,KIA,잠실,이영재,47,1,-1,20080524HTLG0
직구,이동현,조인성,74620,98144,145,파울,,,,0,0,1,4,말,6,10,0,0,우,우,,,,이동현,이성우,이종범,김선빈,이현곤,발데스,최경환,이용규,김원섭,,,,74620,71184,93607,78603,72606,78649,70117,74163,71207,,,,,,,,,,,,,,,,,,20080524,LG,HT,LG,KIA,잠실,이영재,48,1,-1,20080524HTLG0
직구,이동현,조인성,74620,98144,142,볼,,,,0,1,1,4,말,6,10,0,0,우,우,,,,이동현,이성우,이종범,김선빈,이현곤,발데스,최경환,이용규,김원섭,,,,74620,71184,93607,78603,72606,78649,70117,74163,71207,,,,,,,,,,,,,,,,,,20080524,LG,HT,LG,KIA,잠실,이영재,48,2,-1,20080524HTLG0
직구,이동현,조인성,74620,98144,142,볼,,,,1,1,1,4,말,6,10,0,0,우,우,,,,이동현,이성우,이종범,김선빈,이현곤,발데스,최경환,이용규,김원섭,,,,74620,71184,93607,78603,72606,78649,70117,74163,71207,,,,,,,,,,,,,,,,,,20080524,LG,HT,LG,KIA,잠실,이영재,48,3,-1,20080524HTLG0
직구,이동현,조인성,74620,98144,144,볼,,,,2,1,1,4,말,6,10,0,0,우,우,,,,이동현,이성우,이종범,김선빈,이현곤,발데스,최경환,이용규,김원섭,,,,74620,71184,93607,78603,72606,78649,70117,74163,71207,,,,,,,,,,,,,,,,,,20080524,LG,HT,LG,KIA,잠실,이영재,48,4,-1,20080524HTLG0
직구,이동현,조인성,74620,98144,140,파울,,,,3,1,1,4,말,6,10,0,0,우,우,,,,이동현,이성우,이종범,김선빈,이현곤,발데스,최경환,이용규,김원섭,,,,74620,71184,93607,78603,72606,78649,70117,74163,71207,,,,,,,,,,,,,,,,,,20080524,LG,HT,LG,KIA,잠실,이영재,48,5,-1,20080524HTLG0
직구,이동현,조인성,74620,98144,140,타격,포스 아웃,땅볼 아웃,조인성 : 3루수 땅볼 아웃 (3루수->1루수 송구아웃);,3,2,1,4,말,6,10,1,0,우,우,,,,이동현,이성우,이종범,김선빈,이현곤,발데스,최경환,이용규,김원섭,,,,74620,71184,93607,78603,72606,78649,70117,74163,71207,,,,,,,,,,,,,,,,,,20080524,LG,HT,LG,KIA,잠실,이영재,48,6,-1,20080524HTLG0
슬라이더,이동현,이성열,74620,73136,129,볼,,,,0,0,2,4,말,6,10,0,0,양,우,,,,이동현,이성우,이종범,김선빈,이현곤,발데스,최경환,이용규,김원섭,,,,74620,71184,93607,78603,72606,78649,70117,74163,71207,,,,,,,,,,,,,,,,,,20080524,LG,HT,LG,KIA,잠실,이영재,49,1,-1,20080524HTLG0
직구,이동현,이성열,74620,73136,144,볼,,,,1,0,2,4,말,6,10,0,0,양,우,,,,이동현,이성우,이종범,김선빈,이현곤,발데스,최경환,이용규,김원섭,,,,74620,71184,93607,78603,72606,78649,70117,74163,71207,,,,,,,,,,,,,,,,,,20080524,LG,HT,LG,KIA,잠실,이영재,49,2,-1,20080524HTLG0
직구,이동현,이성열,74620,73136,145,헛스윙,,,,2,0,2,4,말,6,10,0,0,양,우,,,,이동현,이성우,이종범,김선빈,이현곤,발데스,최경환,이용규,김원섭,,,,74620,71184,93607,78603,72606,78649,70117,74163,71207,,,,,,,,,,,,,,,,,,20080524,LG,HT,LG,KIA,잠실,이영재,49,3,-1,20080524HTLG0
슬라이더,이동현,이성열,74620,73136,132,스트라이크,,,,2,1,2,4,말,6,10,0,0,양,우,,,,이동현,이성우,이종범,김선빈,이현곤,발데스,최경환,이용규,김원섭,,,,74620,71184,93607,78603,72606,78649,70117,74163,71207,,,,,,,,,,,,,,,,,,20080524,LG,HT,LG,KIA,잠실,이영재,49,4,-1,20080524HTLG0
슬라이더,이동현,이성열,74620,73136,136,타격,2루타,2루타,이성열 : 좌중간 2루타;,2,2,2,4,말,6,10,0,0,양,우,,,,이동현,이성우,이종범,김선빈,이현곤,발데스,최경환,이용규,김원섭,,,,74620,71184,93607,78603,72606,78649,70117,74163,71207,,,,,,,,,,,,,,,,,,20080524,LG,HT,LG,KIA,잠실,이영재,49,5,-1,20080524HTLG0
직구,이동현,김태완,74620,74158,144,파울,,,,0,0,2,4,말,6,10,0,0,우,우,,이성열,,이동현,이성우,이종범,김선빈,이현곤,발데스,최경환,이용규,김원섭,,73136.0,,74620,71184,93607,78603,72606,78649,70117,74163,71207,,,,,,,,,,,,,,,,,,20080524,LG,HT,LG,KIA,잠실,이영재,50,1,-1,20080524HTLG0
직구,이동현,김태완,74620,74158,142,볼,,,,0,1,2,4,말,6,10,0,0,우,우,,이성열,,이동현,이성우,이종범,김선빈,이현곤,발데스,최경환,이용규,김원섭,,73136.0,,74620,71184,93607,78603,72606,78649,70117,74163,71207,,,,,,,,,,,,,,,,,,20080524,LG,HT,LG,KIA,잠실,이영재,50,2,-1,20080524HTLG0
포크,이동현,김태완,74620,74158,125,볼,,,,1,1,2,4,말,6,10,0,0,우,우,,이성열,,이동현,이성우,이종범,김선빈,이현곤,발데스,최경환,이용규,김원섭,,73136.0,,74620,71184,93607,78603,72606,78649,70117,74163,71207,,,,,,,,,,,,,,,,,,20080524,LG,HT,LG,KIA,잠실,이영재,50,3,-1,20080524HTLG0
,이동현,김태완,74620,74158,,,,,2루주자 이성열 :  폭투로 3루까지 진루;,2,1,2,4,말,6,10,0,0,우,우,,이성열,,이동현,이성우,이종범,김선빈,이현곤,발데스,최경환,이용규,김원섭,,73136.0,,74620,71184,93607,78603,72606,78649,70117,74163,71207,,,,,,,,,,,,,,,,,,20080524,LG,HT,LG,KIA,잠실,이영재,50,,,20080524HTLG0
슬라이더,이동현,김태완,74620,74158,129,헛스윙,,,,2,1,2,4,말,6,10,0,0,우,우,,,이성열,이동현,이성우,이종범,김선빈,이현곤,발데스,최경환,이용규,김원섭,,,73136.0,74620,71184,93607,78603,72606,78649,70117,74163,71207,,,,,,,,,,,,,,,,,,20080524,LG,HT,LG,KIA,잠실,이영재,50,4,-1,20080524HTLG0
슬라이더,이동현,김태완,74620,74158,134,헛스윙,삼진,삼진,김태완 :  삼진 아웃;,2,2,2,4,말,6,10,0,0,우,우,,,이성열,이동현,이성우,이종범,김선빈,이현곤,발데스,최경환,이용규,김원섭,,,73136.0,74620,71184,93607,78603,72606,78649,70117,74163,71207,,,,,,,,,,,,,,,,,,20080524,LG,HT,LG,KIA,잠실,이영재,50,5,-1,20080524HTLG0
직구,이범준,이현곤,78119,72606,142,타격,안타,안타,이현곤 : 중견수 앞 1루타;,0,0,0,5,초,6,10,0,0,우,우,,,,이범준,조인성,페타지니,이종열,김태완,박경수,안치용,이대형,손인호,,,,78119,98144,78129,91015,74158,73113,72161,73153,98538,,,,,,,,,,,,,,,,,,20080524,LG,HT,LG,KIA,잠실,이영재,51,1,-1,20080524HTLG0
슬라이더,이범준,이성우,78119,71184,128,스트라이크,,,,0,0,0,5,초,6,10,0,0,우,우,이현곤,,,이범준,조인성,페타지니,이종열,김태완,박경수,안치용,이대형,손인호,72606.0,,,78119,98144,78129,91015,74158,73113,72161,73153,98538,,,,,,,,,,,,,,,,,,20080524,LG,HT,LG,KIA,잠실,이영재,52,1,-1,20080524HTLG0
커브,이범준,이성우,78119,71184,123,타격,병살타,병살타,이성우 : 유격수 병살타 아웃 (유격수->1루수 송구아웃); 1루주자 이현곤 :  포스아웃 (유격수 2루 터치아웃);,0,1,0,5,초,6,10,2,0,우,우,이현곤,,,이범준,조인성,페타지니,이종열,김태완,박경수,안치용,이대형,손인호,72606.0,,,78119,98144,78129,91015,74158,73113,72161,73153,98538,,,,,,,,,,,,,,,,,,20080524,LG,HT,LG,KIA,잠실,이영재,52,2,-1,20080524HTLG0
직구,이범준,김선빈,78119,78603,142,볼,,,,0,0,2,5,초,6,10,0,0,우,우,,,,이범준,조인성,페타지니,이종열,김태완,박경수,안치용,이대형,손인호,,,,78119,98144,78129,91015,74158,73113,72161,73153,98538,,,,,,,,,,,,,,,,,,20080524,LG,HT,LG,KIA,잠실,이영재,53,1,-1,20080524HTLG0
직구,이범준,김선빈,78119,78603,142,스트라이크,,,,1,0,2,5,초,6,10,0,0,우,우,,,,이범준,조인성,페타지니,이종열,김태완,박경수,안치용,이대형,손인호,,,,78119,98144,78129,91015,74158,73113,72161,73153,98538,,,,,,,,,,,,,,,,,,20080524,LG,HT,LG,KIA,잠실,이영재,53,2,-1,20080524HTLG0
슬라이더,이범준,김선빈,78119,78603,125,볼,,,,1,1,2,5,초,6,10,0,0,우,우,,,,이범준,조인성,페타지니,이종열,김태완,박경수,안치용,이대형,손인호,,,,78119,98144,78129,91015,74158,73113,72161,73153,98538,,,,,,,,,,,,,,,,,,20080524,LG,HT,LG,KIA,잠실,이영재,53,3,-1,20080524HTLG0
직구,이범준,김선빈,78119,78603,143,볼,,,,2,1,2,5,초,6,10,0,0,우,우,,,,이범준,조인성,페타지니,이종열,김태완,박경수,안치용,이대형,손인호,,,,78119,98144,78129,91015,74158,73113,72161,73153,98538,,,,,,,,,,,,,,,,,,20080524,LG,HT,LG,KIA,잠실,이영재,53,4,-1,20080524HTLG0
직구,이범준,김선빈,78119,78603,142,스트라이크,,,,3,1,2,5,초,6,10,0,0,우,우,,,,이범준,조인성,페타지니,이종열,김태완,박경수,안치용,이대형,손인호,,,,78119,98144,78129,91015,74158,73113,72161,73153,98538,,,,,,,,,,,,,,,,,,20080524,LG,HT,LG,KIA,잠실,이영재,53,5,-1,20080524HTLG0
직구,이범준,김선빈,78119,78603,145,볼,볼넷,볼넷,김선빈 :  볼넷;,3,2,2,5,초,6,10,0,0,우,우,,,,이범준,조인성,페타지니,이종열,김태완,박경수,안치용,이대형,손인호,,,,78119,98144,78129,91015,74158,73113,72161,73153,98538,,,,,,,,,,,,,,,,,,20080524,LG,HT,LG,KIA,잠실,이영재,53,6,-1,20080524HTLG0
슬라이더,이범준,발데스,78119,78649,126,헛스윙,,,,0,0,2,5,초,6,10,0,0,우,우,김선빈,,,이범준,조인성,페타지니,이종열,김태완,박경수,안치용,이대형,손인호,78603.0,,,78119,98144,78129,91015,74158,73113,72161,73153,98538,,,,,,,,,,,,,,,,,,20080524,LG,HT,LG,KIA,잠실,이영재,54,1,-1,20080524HTLG0
슬라이더,이범준,발데스,78119,78649,125,볼,,,,0,1,2,5,초,6,10,0,0,우,우,김선빈,,,이범준,조인성,페타지니,이종열,김태완,박경수,안치용,이대형,손인호,78603.0,,,78119,98144,78129,91015,74158,73113,72161,73153,98538,,,,,,,,,,,,,,,,,,20080524,LG,HT,LG,KIA,잠실,이영재,54,2,-1,20080524HTLG0
직구,이범준,발데스,78119,78649,145,타격,2루타,2루타,발데스 : 우익수 오른쪽 2루타; 1루주자 김선빈 :   3루까지 진루;,1,1,2,5,초,6,10,0,0,우,우,김선빈,,,이범준,조인성,페타지니,이종열,김태완,박경수,안치용,이대형,손인호,78603.0,,,78119,98144,78129,91015,74158,73113,72161,73153,98538,,,,,,,,,,,,,,,,,,20080524,LG,HT,LG,KIA,잠실,이영재,54,3,-1,20080524HTLG0
직구,이범준,이용규,78119,74163,145,스트라이크,,,,0,0,2,5,초,6,10,0,0,좌,우,,발데스,김선빈,이범준,조인성,페타지니,이종열,김태완,박경수,안치용,이대형,손인호,,78649.0,78603.0,78119,98144,78129,91015,74158,73113,72161,73153,98538,,,,,,,,,,,,,,,,,,20080524,LG,HT,LG,KIA,잠실,이영재,55,1,-1,20080524HTLG0
직구,이범준,이용규,78119,74163,146,볼,,,,0,1,2,5,초,6,10,0,0,좌,우,,발데스,김선빈,이범준,조인성,페타지니,이종열,김태완,박경수,안치용,이대형,손인호,,78649.0,78603.0,78119,98144,78129,91015,74158,73113,72161,73153,98538,,,,,,,,,,,,,,,,,,20080524,LG,HT,LG,KIA,잠실,이영재,55,2,-1,20080524HTLG0
슬라이더,이범준,이용규,78119,74163,127,스트라이크,,,,1,1,2,5,초,6,10,0,0,좌,우,,발데스,김선빈,이범준,조인성,페타지니,이종열,김태완,박경수,안치용,이대형,손인호,,78649.0,78603.0,78119,98144,78129,91015,74158,73113,72161,73153,98538,,,,,,,,,,,,,,,,,,20080524,LG,HT,LG,KIA,잠실,이영재,55,3,-1,20080524HTLG0
직구,이범준,이용규,78119,74163,148,파울,,,,1,2,2,5,초,6,10,0,0,좌,우,,발데스,김선빈,이범준,조인성,페타지니,이종열,김태완,박경수,안치용,이대형,손인호,,78649.0,78603.0,78119,98144,78129,91015,74158,73113,72161,73153,98538,,,,,,,,,,,,,,,,,,20080524,LG,HT,LG,KIA,잠실,이영재,55,4,-1,20080524HTLG0
슬라이더,이범준,이용규,78119,74163,125,파울,,,,1,2,2,5,초,6,10,0,0,좌,우,,발데스,김선빈,이범준,조인성,페타지니,이종열,김태완,박경수,안치용,이대형,손인호,,78649.0,78603.0,78119,98144,78129,91015,74158,73113,72161,73153,98538,,,,,,,,,,,,,,,,,,20080524,LG,HT,LG,KIA,잠실,이영재,55,5,-1,20080524HTLG0
슬라이더,이범준,이용규,78119,74163,127,파울,,,,1,2,2,5,초,6,10,0,0,좌,우,,발데스,김선빈,이범준,조인성,페타지니,이종열,김태완,박경수,안치용,이대형,손인호,,78649.0,78603.0,78119,98144,78129,91015,74158,73113,72161,73153,98538,,,,,,,,,,,,,,,,,,20080524,LG,HT,LG,KIA,잠실,이영재,55,6,-1,20080524HTLG0
직구,이범준,이용규,78119,74163,147,볼,,,,1,2,2,5,초,6,10,0,0,좌,우,,발데스,김선빈,이범준,조인성,페타지니,이종열,김태완,박경수,안치용,이대형,손인호,,78649.0,78603.0,78119,98144,78129,91015,74158,73113,72161,73153,98538,,,,,,,,,,,,,,,,,,20080524,LG,HT,LG,KIA,잠실,이영재,55,7,-1,20080524HTLG0
직구,이범준,이용규,78119,74163,146,볼,,,,2,2,2,5,초,6,10,0,0,좌,우,,발데스,김선빈,이범준,조인성,페타지니,이종열,김태완,박경수,안치용,이대형,손인호,,78649.0,78603.0,78119,98144,78129,91015,74158,73113,72161,73153,98538,,,,,,,,,,,,,,,,,,20080524,LG,HT,LG,KIA,잠실,이영재,55,8,-1,20080524HTLG0
슬라이더,이범준,이용규,78119,74163,127,타격,2루타,2루타,이용규 : 우익수 오른쪽 2루타; 2루주자 발데스 :  홈인; 3루주자 김선빈 :  홈인;,3,2,2,5,초,6,10,0,2,좌,우,,발데스,김선빈,이범준,조인성,페타지니,이종열,김태완,박경수,안치용,이대형,손인호,,78649.0,78603.0,78119,98144,78129,91015,74158,73113,72161,73153,98538,,,,,,,,,,,,,,,,,,20080524,LG,HT,LG,KIA,잠실,이영재,55,9,-1,20080524HTLG0
,이범준,김원섭,78119,71207,,,,,투수 이범준 : 투수 김재현 (으)로 교체;,0,0,2,5,초,8,10,0,0,양,우,,이용규,,이범준,조인성,페타지니,이종열,김태완,박경수,안치용,이대형,손인호,,74163.0,,78119,98144,78129,91015,74158,73113,72161,73153,98538,,,,,,,,,,,,,,,,,,20080524,LG,HT,LG,KIA,잠실,이영재,56,,,20080524HTLG0
슬라이더,김재현,김원섭,98776,71207,114,스트라이크,,,,0,0,2,5,초,8,10,0,0,양,좌,,이용규,,김재현,조인성,페타지니,이종열,김태완,박경수,안치용,이대형,손인호,,74163.0,,98776,98144,78129,91015,74158,73113,72161,73153,98538,,,,,,,,,,,,,,,,,,20080524,LG,HT,LG,KIA,잠실,이영재,56,1,-1,20080524HTLG0
직구,김재현,김원섭,98776,71207,134,볼,,,,0,1,2,5,초,8,10,0,0,양,좌,,이용규,,김재현,조인성,페타지니,이종열,김태완,박경수,안치용,이대형,손인호,,74163.0,,98776,98144,78129,91015,74158,73113,72161,73153,98538,,,,,,,,,,,,,,,,,,20080524,LG,HT,LG,KIA,잠실,이영재,56,2,-1,20080524HTLG0
슬라이더,김재현,김원섭,98776,71207,128,스트라이크,,,,1,1,2,5,초,8,10,0,0,양,좌,,이용규,,김재현,조인성,페타지니,이종열,김태완,박경수,안치용,이대형,손인호,,74163.0,,98776,98144,78129,91015,74158,73113,72161,73153,98538,,,,,,,,,,,,,,,,,,20080524,LG,HT,LG,KIA,잠실,이영재,56,3,-1,20080524HTLG0
슬라이더,김재현,김원섭,98776,71207,125,볼,,,,1,2,2,5,초,8,10,0,0,양,좌,,이용규,,김재현,조인성,페타지니,이종열,김태완,박경수,안치용,이대형,손인호,,74163.0,,98776,98144,78129,91015,74158,73113,72161,73153,98538,,,,,,,,,,,,,,,,,,20080524,LG,HT,LG,KIA,잠실,이영재,56,4,-1,20080524HTLG0
슬라이더,김재현,김원섭,98776,71207,129,볼,,,,2,2,2,5,초,8,10,0,0,양,좌,,이용규,,김재현,조인성,페타지니,이종열,김태완,박경수,안치용,이대형,손인호,,74163.0,,98776,98144,78129,91015,74158,73113,72161,73153,98538,,,,,,,,,,,,,,,,,,20080524,LG,HT,LG,KIA,잠실,이영재,56,5,-1,20080524HTLG0
슬라이더,김재현,김원섭,98776,71207,129,타격,필드 아웃,플라이 아웃,김원섭 : 중견수 플라이 아웃;,3,2,2,5,초,8,10,1,0,양,좌,,이용규,,김재현,조인성,페타지니,이종열,김태완,박경수,안치용,이대형,손인호,,74163.0,,98776,98144,78129,91015,74158,73113,72161,73153,98538,,,,,,,,,,,,,,,,,,20080524,LG,HT,LG,KIA,잠실,이영재,56,6,-1,20080524HTLG0
직구,이동현,이대형,74620,73153,141,볼,,,,0,0,0,5,말,8,10,0,0,좌,우,,,,이동현,이성우,이종범,김선빈,이현곤,발데스,최경환,이용규,김원섭,,,,74620,71184,93607,78603,72606,78649,70117,74163,71207,,,,,,,,,,,,,,,,,,20080524,LG,HT,LG,KIA,잠실,이영재,57,1,-1,20080524HTLG0
직구,이동현,이대형,74620,73153,143,볼,,,,1,0,0,5,말,8,10,0,0,좌,우,,,,이동현,이성우,이종범,김선빈,이현곤,발데스,최경환,이용규,김원섭,,,,74620,71184,93607,78603,72606,78649,70117,74163,71207,,,,,,,,,,,,,,,,,,20080524,LG,HT,LG,KIA,잠실,이영재,57,2,-1,20080524HTLG0
직구,이동현,이대형,74620,73153,140,파울,,,,2,0,0,5,말,8,10,0,0,좌,우,,,,이동현,이성우,이종범,김선빈,이현곤,발데스,최경환,이용규,김원섭,,,,74620,71184,93607,78603,72606,78649,70117,74163,71207,,,,,,,,,,,,,,,,,,20080524,LG,HT,LG,KIA,잠실,이영재,57,3,-1,20080524HTLG0
직구,이동현,이대형,74620,73153,143,볼,,,,2,1,0,5,말,8,10,0,0,좌,우,,,,이동현,이성우,이종범,김선빈,이현곤,발데스,최경환,이용규,김원섭,,,,74620,71184,93607,78603,72606,78649,70117,74163,71207,,,,,,,,,,,,,,,,,,20080524,LG,HT,LG,KIA,잠실,이영재,57,4,-1,20080524HTLG0
직구,이동현,이대형,74620,73153,143,스트라이크,,,,3,1,0,5,말,8,10,0,0,좌,우,,,,이동현,이성우,이종범,김선빈,이현곤,발데스,최경환,이용규,김원섭,,,,74620,71184,93607,78603,72606,78649,70117,74163,71207,,,,,,,,,,,,,,,,,,20080524,LG,HT,LG,KIA,잠실,이영재,57,5,-1,20080524HTLG0
슬라이더,이동현,이대형,74620,73153,135,타격,2루타,2루타,이대형 : 좌익수 앞 2루타;,3,2,0,5,말,8,10,0,0,좌,우,,,,이동현,이성우,이종범,김선빈,이현곤,발데스,최경환,이용규,김원섭,,,,74620,71184,93607,78603,72606,78649,70117,74163,71207,,,,,,,,,,,,,,,,,,20080524,LG,HT,LG,KIA,잠실,이영재,57,6,-1,20080524HTLG0
,이동현,박경수,74620,73113,,,,,투수 이동현 : 투수 손영민 (으)로 교체;,0,0,0,5,말,8,10,0,0,우,우,,이대형,,이동현,이성우,이종범,김선빈,이현곤,발데스,최경환,이용규,김원섭,,73153.0,,74620,71184,93607,78603,72606,78649,70117,74163,71207,,,,,,,,,,,,,,,,,,20080524,LG,HT,LG,KIA,잠실,이영재,58,,,20080524HTLG0
직구,손영민,박경수,76639,73113,135,타격,희생번트,희생번트,박경수 : 투수 희생번트 아웃 (투수->2루수 1루 터치아웃); 2루주자 이대형 :   3루까지 진루;,0,0,0,5,말,8,10,1,0,우,우,,이대형,,손영민,이성우,이종범,김선빈,이현곤,발데스,최경환,이용규,김원섭,,73153.0,,76639,71184,93607,78603,72606,78649,70117,74163,71207,,,,,,,,,,,,,,,,,,20080524,LG,HT,LG,KIA,잠실,이영재,58,1,-1,20080524HTLG0
슬라이더,손영민,안치용,76639,72161,122,볼,,,,0,0,1,5,말,8,10,0,0,우,우,,,이대형,손영민,이성우,이종범,김선빈,이현곤,발데스,최경환,이용규,김원섭,,,73153.0,76639,71184,93607,78603,72606,78649,70117,74163,71207,,,,,,,,,,,,,,,,,,20080524,LG,HT,LG,KIA,잠실,이영재,59,1,-1,20080524HTLG0
슬라이더,손영민,안치용,76639,72161,125,스트라이크,,,,1,0,1,5,말,8,10,0,0,우,우,,,이대형,손영민,이성우,이종범,김선빈,이현곤,발데스,최경환,이용규,김원섭,,,73153.0,76639,71184,93607,78603,72606,78649,70117,74163,71207,,,,,,,,,,,,,,,,,,20080524,LG,HT,LG,KIA,잠실,이영재,59,2,-1,20080524HTLG0
슬라이더,손영민,안치용,76639,72161,119,볼,,,,1,1,1,5,말,8,10,0,0,우,우,,,이대형,손영민,이성우,이종범,김선빈,이현곤,발데스,최경환,이용규,김원섭,,,73153.0,76639,71184,93607,78603,72606,78649,70117,74163,71207,,,,,,,,,,,,,,,,,,20080524,LG,HT,LG,KIA,잠실,이영재,59,3,-1,20080524HTLG0
커브,손영민,안치용,76639,72161,123,헛스윙,,,,2,1,1,5,말,8,10,0,0,우,우,,,이대형,손영민,이성우,이종범,김선빈,이현곤,발데스,최경환,이용규,김원섭,,,73153.0,76639,71184,93607,78603,72606,78649,70117,74163,71207,,,,,,,,,,,,,,,,,,20080524,LG,HT,LG,KIA,잠실,이영재,59,4,-1,20080524HTLG0
커브,손영민,안치용,76639,72161,123,타격,희생플라이,희생플라이,안치용 : 중견수 희생플라이아웃; 3루주자 이대형 :  홈인;,2,2,1,5,말,8,10,1,1,우,우,,,이대형,손영민,이성우,이종범,김선빈,이현곤,발데스,최경환,이용규,김원섭,,,73153.0,76639,71184,93607,78603,72606,78649,70117,74163,71207,,,,,,,,,,,,,,,,,,20080524,LG,HT,LG,KIA,잠실,이영재,59,5,-1,20080524HTLG0
직구,손영민,페타지니,76639,78129,141,볼,,,,0,0,2,5,말,8,11,0,0,좌,우,,,,손영민,이성우,이종범,김선빈,이현곤,발데스,최경환,이용규,김원섭,,,,76639,71184,93607,78603,72606,78649,70117,74163,71207,,,,,,,,,,,,,,,,,,20080524,LG,HT,LG,KIA,잠실,이영재,60,1,-1,20080524HTLG0
싱커,손영민,페타지니,76639,78129,135,볼,,,,1,0,2,5,말,8,11,0,0,좌,우,,,,손영민,이성우,이종범,김선빈,이현곤,발데스,최경환,이용규,김원섭,,,,76639,71184,93607,78603,72606,78649,70117,74163,71207,,,,,,,,,,,,,,,,,,20080524,LG,HT,LG,KIA,잠실,이영재,60,2,-1,20080524HTLG0
슬라이더,손영민,페타지니,76639,78129,124,볼,,,,2,0,2,5,말,8,11,0,0,좌,우,,,,손영민,이성우,이종범,김선빈,이현곤,발데스,최경환,이용규,김원섭,,,,76639,71184,93607,78603,72606,78649,70117,74163,71207,,,,,,,,,,,,,,,,,,20080524,LG,HT,LG,KIA,잠실,이영재,60,3,-1,20080524HTLG0
직구,손영민,페타지니,76639,78129,140,타격,포스 아웃,땅볼 아웃,페타지니 : 2루수 땅볼 아웃 (2루수->1루수 송구아웃);,3,0,2,5,말,8,11,1,0,좌,우,,,,손영민,이성우,이종범,김선빈,이현곤,발데스,최경환,이용규,김원섭,,,,76639,71184,93607,78603,72606,78649,70117,74163,71207,,,,,,,,,,,,,,,,,,20080524,LG,HT,LG,KIA,잠실,이영재,60,4,-1,20080524HTLG0
,김재현,이종범,98776,93607,,,,,투수 김재현 : 투수 경헌호 (으)로 교체;,0,0,0,6,초,8,11,0,0,우,좌,,,,김재현,조인성,페타지니,이종열,김태완,박경수,안치용,이대형,손인호,,,,98776,98144,78129,91015,74158,73113,72161,73153,98538,,,,,,,,,,,,,,,,,,20080524,LG,HT,LG,KIA,잠실,이영재,61,,,20080524HTLG0
슬라이더,경헌호,이종범,70121,93607,127,볼,,,,0,0,0,6,초,8,11,0,0,우,우,,,,경헌호,조인성,페타지니,이종열,김태완,박경수,안치용,이대형,손인호,,,,70121,98144,78129,91015,74158,73113,72161,73153,98538,,,,,,,,,,,,,,,,,,20080524,LG,HT,LG,KIA,잠실,이영재,61,1,-1,20080524HTLG0
슬라이더,경헌호,이종범,70121,93607,126,스트라이크,,,,1,0,0,6,초,8,11,0,0,우,우,,,,경헌호,조인성,페타지니,이종열,김태완,박경수,안치용,이대형,손인호,,,,70121,98144,78129,91015,74158,73113,72161,73153,98538,,,,,,,,,,,,,,,,,,20080524,LG,HT,LG,KIA,잠실,이영재,61,2,-1,20080524HTLG0
커브,경헌호,이종범,70121,93607,120,스트라이크,,,,1,1,0,6,초,8,11,0,0,우,우,,,,경헌호,조인성,페타지니,이종열,김태완,박경수,안치용,이대형,손인호,,,,70121,98144,78129,91015,74158,73113,72161,73153,98538,,,,,,,,,,,,,,,,,,20080524,LG,HT,LG,KIA,잠실,이영재,61,3,-1,20080524HTLG0
슬라이더,경헌호,이종범,70121,93607,126,볼,,,,1,2,0,6,초,8,11,0,0,우,우,,,,경헌호,조인성,페타지니,이종열,김태완,박경수,안치용,이대형,손인호,,,,70121,98144,78129,91015,74158,73113,72161,73153,98538,,,,,,,,,,,,,,,,,,20080524,LG,HT,LG,KIA,잠실,이영재,61,4,-1,20080524HTLG0
슬라이더,경헌호,이종범,70121,93607,133,파울,,,,2,2,0,6,초,8,11,0,0,우,우,,,,경헌호,조인성,페타지니,이종열,김태완,박경수,안치용,이대형,손인호,,,,70121,98144,78129,91015,74158,73113,72161,73153,98538,,,,,,,,,,,,,,,,,,20080524,LG,HT,LG,KIA,잠실,이영재,61,5,-1,20080524HTLG0
직구,경헌호,이종범,70121,93607,143,파울,,,,2,2,0,6,초,8,11,0,0,우,우,,,,경헌호,조인성,페타지니,이종열,김태완,박경수,안치용,이대형,손인호,,,,70121,98144,78129,91015,74158,73113,72161,73153,98538,,,,,,,,,,,,,,,,,,20080524,LG,HT,LG,KIA,잠실,이영재,61,6,-1,20080524HTLG0
직구,경헌호,이종범,70121,93607,142,파울,,,,2,2,0,6,초,8,11,0,0,우,우,,,,경헌호,조인성,페타지니,이종열,김태완,박경수,안치용,이대형,손인호,,,,70121,98144,78129,91015,74158,73113,72161,73153,98538,,,,,,,,,,,,,,,,,,20080524,LG,HT,LG,KIA,잠실,이영재,61,7,-1,20080524HTLG0
슬라이더,경헌호,이종범,70121,93607,133,볼,,,,2,2,0,6,초,8,11,0,0,우,우,,,,경헌호,조인성,페타지니,이종열,김태완,박경수,안치용,이대형,손인호,,,,70121,98144,78129,91015,74158,73113,72161,73153,98538,,,,,,,,,,,,,,,,,,20080524,LG,HT,LG,KIA,잠실,이영재,61,8,-1,20080524HTLG0
슬라이더,경헌호,이종범,70121,93607,131,타격,필드 아웃,플라이 아웃,이종범 : 유격수 플라이 아웃;,3,2,0,6,초,8,11,1,0,우,우,,,,경헌호,조인성,페타지니,이종열,김태완,박경수,안치용,이대형,손인호,,,,70121,98144,78129,91015,74158,73113,72161,73153,98538,,,,,,,,,,,,,,,,,,20080524,LG,HT,LG,KIA,잠실,이영재,61,9,-1,20080524HTLG0
슬라이더,경헌호,이재주,70121,92304,129,파울,,,,0,0,1,6,초,8,11,0,0,우,우,,,,경헌호,조인성,페타지니,이종열,김태완,박경수,안치용,이대형,손인호,,,,70121,98144,78129,91015,74158,73113,72161,73153,98538,,,,,,,,,,,,,,,,,,20080524,LG,HT,LG,KIA,잠실,이영재,62,1,-1,20080524HTLG0
직구,경헌호,이재주,70121,92304,142,스트라이크,,,,0,1,1,6,초,8,11,0,0,우,우,,,,경헌호,조인성,페타지니,이종열,김태완,박경수,안치용,이대형,손인호,,,,70121,98144,78129,91015,74158,73113,72161,73153,98538,,,,,,,,,,,,,,,,,,20080524,LG,HT,LG,KIA,잠실,이영재,62,2,-1,20080524HTLG0
직구,경헌호,이재주,70121,92304,143,볼,,,,0,2,1,6,초,8,11,0,0,우,우,,,,경헌호,조인성,페타지니,이종열,김태완,박경수,안치용,이대형,손인호,,,,70121,98144,78129,91015,74158,73113,72161,73153,98538,,,,,,,,,,,,,,,,,,20080524,LG,HT,LG,KIA,잠실,이영재,62,3,-1,20080524HTLG0
슬라이더,경헌호,이재주,70121,92304,138,볼,,,,1,2,1,6,초,8,11,0,0,우,우,,,,경헌호,조인성,페타지니,이종열,김태완,박경수,안치용,이대형,손인호,,,,70121,98144,78129,91015,74158,73113,72161,73153,98538,,,,,,,,,,,,,,,,,,20080524,LG,HT,LG,KIA,잠실,이영재,62,4,-1,20080524HTLG0
직구,경헌호,이재주,70121,92304,141,볼,,,,2,2,1,6,초,8,11,0,0,우,우,,,,경헌호,조인성,페타지니,이종열,김태완,박경수,안치용,이대형,손인호,,,,70121,98144,78129,91015,74158,73113,72161,73153,98538,,,,,,,,,,,,,,,,,,20080524,LG,HT,LG,KIA,잠실,이영재,62,5,-1,20080524HTLG0
커브,경헌호,이재주,70121,92304,121,타격,홈런,홈런,이재주 : 좌익수 뒤 홈런(홈런거리:115M);,3,2,1,6,초,8,11,0,1,우,우,,,,경헌호,조인성,페타지니,이종열,김태완,박경수,안치용,이대형,손인호,,,,70121,98144,78129,91015,74158,73113,72161,73153,98538,,,,,,,,,,,,,,,,,,20080524,LG,HT,LG,KIA,잠실,이영재,62,6,-1,20080524HTLG0
슬라이더,경헌호,최경환,70121,70117,136,볼,,,,0,0,1,6,초,9,11,0,0,좌,우,,,,경헌호,조인성,페타지니,이종열,김태완,박경수,안치용,이대형,손인호,,,,70121,98144,78129,91015,74158,73113,72161,73153,98538,,,,,,,,,,,,,,,,,,20080524,LG,HT,LG,KIA,잠실,이영재,63,1,-1,20080524HTLG0
직구,경헌호,최경환,70121,70117,143,타격,필드 아웃,플라이 아웃,최경환 : 좌익수 플라이 아웃;,1,0,1,6,초,9,11,1,0,좌,우,,,,경헌호,조인성,페타지니,이종열,김태완,박경수,안치용,이대형,손인호,,,,70121,98144,78129,91015,74158,73113,72161,73153,98538,,,,,,,,,,,,,,,,,,20080524,LG,HT,LG,KIA,잠실,이영재,63,2,-1,20080524HTLG0
직구,경헌호,이현곤,70121,72606,141,스트라이크,,,,0,0,2,6,초,9,11,0,0,우,우,,,,경헌호,조인성,페타지니,이종열,김태완,박경수,안치용,이대형,손인호,,,,70121,98144,78129,91015,74158,73113,72161,73153,98538,,,,,,,,,,,,,,,,,,20080524,LG,HT,LG,KIA,잠실,이영재,64,1,-1,20080524HTLG0
직구,경헌호,이현곤,70121,72606,141,파울,,,,0,1,2,6,초,9,11,0,0,우,우,,,,경헌호,조인성,페타지니,이종열,김태완,박경수,안치용,이대형,손인호,,,,70121,98144,78129,91015,74158,73113,72161,73153,98538,,,,,,,,,,,,,,,,,,20080524,LG,HT,LG,KIA,잠실,이영재,64,2,-1,20080524HTLG0
슬라이더,경헌호,이현곤,70121,72606,130,파울,,,,0,2,2,6,초,9,11,0,0,우,우,,,,경헌호,조인성,페타지니,이종열,김태완,박경수,안치용,이대형,손인호,,,,70121,98144,78129,91015,74158,73113,72161,73153,98538,,,,,,,,,,,,,,,,,,20080524,LG,HT,LG,KIA,잠실,이영재,64,3,-1,20080524HTLG0
슬라이더,경헌호,이현곤,70121,72606,133,볼,,,,0,2,2,6,초,9,11,0,0,우,우,,,,경헌호,조인성,페타지니,이종열,김태완,박경수,안치용,이대형,손인호,,,,70121,98144,78129,91015,74158,73113,72161,73153,98538,,,,,,,,,,,,,,,,,,20080524,LG,HT,LG,KIA,잠실,이영재,64,4,-1,20080524HTLG0
직구,경헌호,이현곤,70121,72606,142,타격,필드 아웃,플라이 아웃,이현곤 : 중견수 플라이 아웃;,1,2,2,6,초,9,11,1,0,우,우,,,,경헌호,조인성,페타지니,이종열,김태완,박경수,안치용,이대형,손인호,,,,70121,98144,78129,91015,74158,73113,72161,73153,98538,,,,,,,,,,,,,,,,,,20080524,LG,HT,LG,KIA,잠실,이영재,64,5,-1,20080524HTLG0
직구,손영민,이종열,76639,91015,140,스트라이크,,,,0,0,0,6,말,9,11,0,0,양,우,,,,손영민,이성우,이종범,김선빈,이현곤,발데스,최경환,이용규,김원섭,,,,76639,71184,93607,78603,72606,78649,70117,74163,71207,,,,,,,,,,,,,,,,,,20080524,LG,HT,LG,KIA,잠실,이영재,65,1,-1,20080524HTLG0
직구,손영민,이종열,76639,91015,138,파울,,,,0,1,0,6,말,9,11,0,0,양,우,,,,손영민,이성우,이종범,김선빈,이현곤,발데스,최경환,이용규,김원섭,,,,76639,71184,93607,78603,72606,78649,70117,74163,71207,,,,,,,,,,,,,,,,,,20080524,LG,HT,LG,KIA,잠실,이영재,65,2,-1,20080524HTLG0
직구,손영민,이종열,76639,91015,139,볼,,,,0,2,0,6,말,9,11,0,0,양,우,,,,손영민,이성우,이종범,김선빈,이현곤,발데스,최경환,이용규,김원섭,,,,76639,71184,93607,78603,72606,78649,70117,74163,71207,,,,,,,,,,,,,,,,,,20080524,LG,HT,LG,KIA,잠실,이영재,65,3,-1,20080524HTLG0
직구,손영민,이종열,76639,91015,133,타격,안타,안타,이종열 : 중견수 앞 1루타;,1,2,0,6,말,9,11,0,0,양,우,,,,손영민,이성우,이종범,김선빈,이현곤,발데스,최경환,이용규,김원섭,,,,76639,71184,93607,78603,72606,78649,70117,74163,71207,,,,,,,,,,,,,,,,,,20080524,LG,HT,LG,KIA,잠실,이영재,65,4,-1,20080524HTLG0
,손영민,손인호,76639,98538,,,,,1루주자 이종열 : 대주자 채종국(으)로 교체;,0,0,0,6,말,9,11,0,0,좌,우,이종열,,,손영민,이성우,이종범,김선빈,이현곤,발데스,최경환,이용규,김원섭,91015.0,,,76639,71184,93607,78603,72606,78649,70117,74163,71207,,,,,,,,,,,,,,,,,,20080524,LG,HT,LG,KIA,잠실,이영재,66,,,20080524HTLG0
직구,손영민,손인호,76639,98538,137,볼,,,,0,0,0,6,말,9,11,0,0,좌,우,채종국,,,손영민,이성우,이종범,김선빈,이현곤,발데스,최경환,이용규,김원섭,98315.0,,,76639,71184,93607,78603,72606,78649,70117,74163,71207,,,,,,,,,,,,,,,,,,20080524,LG,HT,LG,KIA,잠실,이영재,66,1,-1,20080524HTLG0
직구,손영민,손인호,76639,98538,137,볼,,,,1,0,0,6,말,9,11,0,0,좌,우,채종국,,,손영민,이성우,이종범,김선빈,이현곤,발데스,최경환,이용규,김원섭,98315.0,,,76639,71184,93607,78603,72606,78649,70117,74163,71207,,,,,,,,,,,,,,,,,,20080524,LG,HT,LG,KIA,잠실,이영재,66,2,-1,20080524HTLG0
직구,손영민,손인호,76639,98538,137,스트라이크,,,,2,0,0,6,말,9,11,0,0,좌,우,채종국,,,손영민,이성우,이종범,김선빈,이현곤,발데스,최경환,이용규,김원섭,98315.0,,,76639,71184,93607,78603,72606,78649,70117,74163,71207,,,,,,,,,,,,,,,,,,20080524,LG,HT,LG,KIA,잠실,이영재,66,3,-1,20080524HTLG0
싱커,손영민,손인호,76639,98538,133,헛스윙,,,,2,1,0,6,말,9,11,0,0,좌,우,채종국,,,손영민,이성우,이종범,김선빈,이현곤,발데스,최경환,이용규,김원섭,98315.0,,,76639,71184,93607,78603,72606,78649,70117,74163,71207,,,,,,,,,,,,,,,,,,20080524,LG,HT,LG,KIA,잠실,이영재,66,4,-1,20080524HTLG0
직구,손영민,손인호,76639,98538,135,타격,필드 아웃,플라이 아웃,손인호 : 중견수 플라이 아웃;,2,2,0,6,말,9,11,1,0,좌,우,채종국,,,손영민,이성우,이종범,김선빈,이현곤,발데스,최경환,이용규,김원섭,98315.0,,,76639,71184,93607,78603,72606,78649,70117,74163,71207,,,,,,,,,,,,,,,,,,20080524,LG,HT,LG,KIA,잠실,이영재,66,5,-1,20080524HTLG0
직구,손영민,조인성,76639,98144,136,타격,필드 아웃,플라이 아웃,조인성 : 좌익수 플라이 아웃;,0,0,1,6,말,9,11,1,0,우,우,채종국,,,손영민,이성우,이종범,김선빈,이현곤,발데스,최경환,이용규,김원섭,98315.0,,,76639,71184,93607,78603,72606,78649,70117,74163,71207,,,,,,,,,,,,,,,,,,20080524,LG,HT,LG,KIA,잠실,이영재,67,1,-1,20080524HTLG0
체인지업,손영민,이성열,76639,73136,117,볼,,,,0,0,2,6,말,9,11,0,0,양,우,채종국,,,손영민,이성우,이종범,김선빈,이현곤,발데스,최경환,이용규,김원섭,98315.0,,,76639,71184,93607,78603,72606,78649,70117,74163,71207,,,,,,,,,,,,,,,,,,20080524,LG,HT,LG,KIA,잠실,이영재,68,1,-1,20080524HTLG0
직구,손영민,이성열,76639,73136,139,볼,,,,1,0,2,6,말,9,11,0,0,양,우,채종국,,,손영민,이성우,이종범,김선빈,이현곤,발데스,최경환,이용규,김원섭,98315.0,,,76639,71184,93607,78603,72606,78649,70117,74163,71207,,,,,,,,,,,,,,,,,,20080524,LG,HT,LG,KIA,잠실,이영재,68,2,-1,20080524HTLG0
커브,손영민,이성열,76639,73136,117,스트라이크,,,,2,0,2,6,말,9,11,0,0,양,우,채종국,,,손영민,이성우,이종범,김선빈,이현곤,발데스,최경환,이용규,김원섭,98315.0,,,76639,71184,93607,78603,72606,78649,70117,74163,71207,,,,,,,,,,,,,,,,,,20080524,LG,HT,LG,KIA,잠실,이영재,68,3,-1,20080524HTLG0
슬라이더,손영민,이성열,76639,73136,117,파울,,,,2,1,2,6,말,9,11,0,0,양,우,채종국,,,손영민,이성우,이종범,김선빈,이현곤,발데스,최경환,이용규,김원섭,98315.0,,,76639,71184,93607,78603,72606,78649,70117,74163,71207,,,,,,,,,,,,,,,,,,20080524,LG,HT,LG,KIA,잠실,이영재,68,4,-1,20080524HTLG0
슬라이더,손영민,이성열,76639,73136,119,볼,몸에 맞는 볼,몸에 맞는 볼,이성열 : 몸에 맞은 볼; 1루주자 채종국 :   2루까지 진루;,2,2,2,6,말,9,11,0,0,양,우,채종국,,,손영민,이성우,이종범,김선빈,이현곤,발데스,최경환,이용규,김원섭,98315.0,,,76639,71184,93607,78603,72606,78649,70117,74163,71207,,,,,,,,,,,,,,,,,,20080524,LG,HT,LG,KIA,잠실,이영재,68,5,-1,20080524HTLG0
체인지업,손영민,김태완,76639,74158,120,볼,,,,0,0,2,6,말,9,11,0,0,우,우,이성열,채종국,,손영민,이성우,이종범,김선빈,이현곤,발데스,최경환,이용규,김원섭,73136.0,98315.0,,76639,71184,93607,78603,72606,78649,70117,74163,71207,,,,,,,,,,,,,,,,,,20080524,LG,HT,LG,KIA,잠실,이영재,69,1,-1,20080524HTLG0
슬라이더,손영민,김태완,76639,74158,125,볼,,,,1,0,2,6,말,9,11,0,0,우,우,이성열,채종국,,손영민,이성우,이종범,김선빈,이현곤,발데스,최경환,이용규,김원섭,73136.0,98315.0,,76639,71184,93607,78603,72606,78649,70117,74163,71207,,,,,,,,,,,,,,,,,,20080524,LG,HT,LG,KIA,잠실,이영재,69,2,-1,20080524HTLG0
슬라이더,손영민,김태완,76639,74158,126,스트라이크,,,,2,0,2,6,말,9,11,0,0,우,우,이성열,채종국,,손영민,이성우,이종범,김선빈,이현곤,발데스,최경환,이용규,김원섭,73136.0,98315.0,,76639,71184,93607,78603,72606,78649,70117,74163,71207,,,,,,,,,,,,,,,,,,20080524,LG,HT,LG,KIA,잠실,이영재,69,3,-1,20080524HTLG0
슬라이더,손영민,김태완,76639,74158,125,헛스윙,,,,2,1,2,6,말,9,11,0,0,우,우,이성열,채종국,,손영민,이성우,이종범,김선빈,이현곤,발데스,최경환,이용규,김원섭,73136.0,98315.0,,76639,71184,93607,78603,72606,78649,70117,74163,71207,,,,,,,,,,,,,,,,,,20080524,LG,HT,LG,KIA,잠실,이영재,69,4,-1,20080524HTLG0
직구,손영민,김태완,76639,74158,139,타격,안타,안타,김태완 : 좌익수 앞 1루타; 1루주자 이성열 :   2루까지 진루; 2루주자 채종국 :   3루까지 진루;,2,2,2,6,말,9,11,0,0,우,우,이성열,채종국,,손영민,이성우,이종범,김선빈,이현곤,발데스,최경환,이용규,김원섭,73136.0,98315.0,,76639,71184,93607,78603,72606,78649,70117,74163,71207,,,,,,,,,,,,,,,,,,20080524,LG,HT,LG,KIA,잠실,이영재,69,5,-1,20080524HTLG0
슬라이더,손영민,이대형,76639,73153,124,파울,,,,0,0,2,6,말,9,11,0,0,좌,우,김태완,이성열,채종국,손영민,이성우,이종범,김선빈,이현곤,발데스,최경환,이용규,김원섭,74158.0,73136.0,98315.0,76639,71184,93607,78603,72606,78649,70117,74163,71207,,,,,,,,,,,,,,,,,,20080524,LG,HT,LG,KIA,잠실,이영재,70,1,-1,20080524HTLG0
직구,손영민,이대형,76639,73153,135,볼,,,,0,1,2,6,말,9,11,0,0,좌,우,김태완,이성열,채종국,손영민,이성우,이종범,김선빈,이현곤,발데스,최경환,이용규,김원섭,74158.0,73136.0,98315.0,76639,71184,93607,78603,72606,78649,70117,74163,71207,,,,,,,,,,,,,,,,,,20080524,LG,HT,LG,KIA,잠실,이영재,70,2,-1,20080524HTLG0
직구,손영민,이대형,76639,73153,132,볼,,,,1,1,2,6,말,9,11,0,0,좌,우,김태완,이성열,채종국,손영민,이성우,이종범,김선빈,이현곤,발데스,최경환,이용규,김원섭,74158.0,73136.0,98315.0,76639,71184,93607,78603,72606,78649,70117,74163,71207,,,,,,,,,,,,,,,,,,20080524,LG,HT,LG,KIA,잠실,이영재,70,3,-1,20080524HTLG0
직구,손영민,이대형,76639,73153,137,타격,안타,안타,이대형 : 중견수 앞 1루타; 1루주자 김태완 :   2루까지 진루; 2루주자 이성열 :  홈인; 3루주자 채종국 :  홈인;,2,1,2,6,말,9,11,0,2,좌,우,김태완,이성열,채종국,손영민,이성우,이종범,김선빈,이현곤,발데스,최경환,이용규,김원섭,74158.0,73136.0,98315.0,76639,71184,93607,78603,72606,78649,70117,74163,71207,,,,,,,,,,,,,,,,,,20080524,LG,HT,LG,KIA,잠실,이영재,70,4,-1,20080524HTLG0
슬라이더,손영민,박경수,76639,73113,125,볼,,,,0,0,2,6,말,9,13,0,0,우,우,이대형,김태완,,손영민,이성우,이종범,김선빈,이현곤,발데스,최경환,이용규,김원섭,73153.0,74158.0,,76639,71184,93607,78603,72606,78649,70117,74163,71207,,,,,,,,,,,,,,,,,,20080524,LG,HT,LG,KIA,잠실,이영재,71,1,-1,20080524HTLG0
직구,손영민,박경수,76639,73113,132,볼,,,,1,0,2,6,말,9,13,0,0,우,우,이대형,김태완,,손영민,이성우,이종범,김선빈,이현곤,발데스,최경환,이용규,김원섭,73153.0,74158.0,,76639,71184,93607,78603,72606,78649,70117,74163,71207,,,,,,,,,,,,,,,,,,20080524,LG,HT,LG,KIA,잠실,이영재,71,2,-1,20080524HTLG0
직구,손영민,박경수,76639,73113,133,파울,,,,2,0,2,6,말,9,13,0,0,우,우,이대형,김태완,,손영민,이성우,이종범,김선빈,이현곤,발데스,최경환,이용규,김원섭,73153.0,74158.0,,76639,71184,93607,78603,72606,78649,70117,74163,71207,,,,,,,,,,,,,,,,,,20080524,LG,HT,LG,KIA,잠실,이영재,71,3,-1,20080524HTLG0
커브,손영민,박경수,76639,73113,120,파울,,,,2,1,2,6,말,9,13,0,0,우,우,이대형,김태완,,손영민,이성우,이종범,김선빈,이현곤,발데스,최경환,이용규,김원섭,73153.0,74158.0,,76639,71184,93607,78603,72606,78649,70117,74163,71207,,,,,,,,,,,,,,,,,,20080524,LG,HT,LG,KIA,잠실,이영재,71,4,-1,20080524HTLG0
슬라이더,손영민,박경수,76639,73113,118,타격,필드 아웃,라인드라이브 아웃,박경수 : 2루수 라인드라이브 아웃;,2,2,2,6,말,9,13,1,0,우,우,이대형,김태완,,손영민,이성우,이종범,김선빈,이현곤,발데스,최경환,이용규,김원섭,73153.0,74158.0,,76639,71184,93607,78603,72606,78649,70117,74163,71207,,,,,,,,,,,,,,,,,,20080524,LG,HT,LG,KIA,잠실,이영재,71,5,-1,20080524HTLG0
,경헌호,이성우,70121,71184,,,,,대주자 채종국 : 2루수(으)로 수비위치 변경;,0,0,0,7,초,9,13,0,0,우,우,,,,경헌호,조인성,페타지니,이종열,김태완,박경수,안치용,이대형,손인호,,,,70121,98144,78129,91015,74158,73113,72161,73153,98538,,,,,,,,,,,,,,,,,,20080524,LG,HT,LG,KIA,잠실,이영재,72,,,20080524HTLG0
슬라이더,경헌호,이성우,70121,71184,127,볼,,,,0,0,0,7,초,9,13,0,0,우,우,,,,경헌호,조인성,페타지니,채종국,김태완,박경수,안치용,이대형,손인호,,,,70121,98144,78129,98315,74158,73113,72161,73153,98538,,,,,,,,,,,,,,,,,,20080524,LG,HT,LG,KIA,잠실,이영재,72,1,-1,20080524HTLG0
직구,경헌호,이성우,70121,71184,134,스트라이크,,,,1,0,0,7,초,9,13,0,0,우,우,,,,경헌호,조인성,페타지니,채종국,김태완,박경수,안치용,이대형,손인호,,,,70121,98144,78129,98315,74158,73113,72161,73153,98538,,,,,,,,,,,,,,,,,,20080524,LG,HT,LG,KIA,잠실,이영재,72,2,-1,20080524HTLG0
직구,경헌호,이성우,70121,71184,137,스트라이크,,,,1,1,0,7,초,9,13,0,0,우,우,,,,경헌호,조인성,페타지니,채종국,김태완,박경수,안치용,이대형,손인호,,,,70121,98144,78129,98315,74158,73113,72161,73153,98538,,,,,,,,,,,,,,,,,,20080524,LG,HT,LG,KIA,잠실,이영재,72,3,-1,20080524HTLG0
슬라이더,경헌호,이성우,70121,71184,133,볼,,,,1,2,0,7,초,9,13,0,0,우,우,,,,경헌호,조인성,페타지니,채종국,김태완,박경수,안치용,이대형,손인호,,,,70121,98144,78129,98315,74158,73113,72161,73153,98538,,,,,,,,,,,,,,,,,,20080524,LG,HT,LG,KIA,잠실,이영재,72,4,-1,20080524HTLG0
슬라이더,경헌호,이성우,70121,71184,132,타격,포스 아웃,땅볼 아웃,이성우 : 유격수 땅볼 아웃 (유격수->1루수 송구아웃);,2,2,0,7,초,9,13,1,0,우,우,,,,경헌호,조인성,페타지니,채종국,김태완,박경수,안치용,이대형,손인호,,,,70121,98144,78129,98315,74158,73113,72161,73153,98538,,,,,,,,,,,,,,,,,,20080524,LG,HT,LG,KIA,잠실,이영재,72,5,-1,20080524HTLG0
커브,경헌호,김선빈,70121,78603,114,볼,,,,0,0,1,7,초,9,13,0,0,우,우,,,,경헌호,조인성,페타지니,채종국,김태완,박경수,안치용,이대형,손인호,,,,70121,98144,78129,98315,74158,73113,72161,73153,98538,,,,,,,,,,,,,,,,,,20080524,LG,HT,LG,KIA,잠실,이영재,73,1,-1,20080524HTLG0
직구,경헌호,김선빈,70121,78603,143,스트라이크,,,,1,0,1,7,초,9,13,0,0,우,우,,,,경헌호,조인성,페타지니,채종국,김태완,박경수,안치용,이대형,손인호,,,,70121,98144,78129,98315,74158,73113,72161,73153,98538,,,,,,,,,,,,,,,,,,20080524,LG,HT,LG,KIA,잠실,이영재,73,2,-1,20080524HTLG0
직구,경헌호,김선빈,70121,78603,140,볼,,,,1,1,1,7,초,9,13,0,0,우,우,,,,경헌호,조인성,페타지니,채종국,김태완,박경수,안치용,이대형,손인호,,,,70121,98144,78129,98315,74158,73113,72161,73153,98538,,,,,,,,,,,,,,,,,,20080524,LG,HT,LG,KIA,잠실,이영재,73,3,-1,20080524HTLG0
직구,경헌호,김선빈,70121,78603,139,타격,안타,안타,김선빈 : 우익수 앞 1루타;,2,1,1,7,초,9,13,0,0,우,우,,,,경헌호,조인성,페타지니,채종국,김태완,박경수,안치용,이대형,손인호,,,,70121,98144,78129,98315,74158,73113,72161,73153,98538,,,,,,,,,,,,,,,,,,20080524,LG,HT,LG,KIA,잠실,이영재,73,4,-1,20080524HTLG0
슬라이더,경헌호,발데스,70121,78649,131,스트라이크,,,,0,0,1,7,초,9,13,0,0,우,우,김선빈,,,경헌호,조인성,페타지니,채종국,김태완,박경수,안치용,이대형,손인호,78603.0,,,70121,98144,78129,98315,74158,73113,72161,73153,98538,,,,,,,,,,,,,,,,,,20080524,LG,HT,LG,KIA,잠실,이영재,74,1,-1,20080524HTLG0
슬라이더,경헌호,발데스,70121,78649,130,파울,,,,0,1,1,7,초,9,13,0,0,우,우,김선빈,,,경헌호,조인성,페타지니,채종국,김태완,박경수,안치용,이대형,손인호,78603.0,,,70121,98144,78129,98315,74158,73113,72161,73153,98538,,,,,,,,,,,,,,,,,,20080524,LG,HT,LG,KIA,잠실,이영재,74,2,-1,20080524HTLG0
직구,경헌호,발데스,70121,78649,143,타격,필드 아웃,플라이 아웃,발데스 : 좌익수 플라이 아웃; 1루주자 김선빈 :   2루까지 진루;,0,2,1,7,초,9,13,1,0,우,우,김선빈,,,경헌호,조인성,페타지니,채종국,김태완,박경수,안치용,이대형,손인호,78603.0,,,70121,98144,78129,98315,74158,73113,72161,73153,98538,,,,,,,,,,,,,,,,,,20080524,LG,HT,LG,KIA,잠실,이영재,74,3,-1,20080524HTLG0
슬라이더,경헌호,이용규,70121,74163,136,스트라이크,,,,0,0,2,7,초,9,13,0,0,좌,우,,김선빈,,경헌호,조인성,페타지니,채종국,김태완,박경수,안치용,이대형,손인호,,78603.0,,70121,98144,78129,98315,74158,73113,72161,73153,98538,,,,,,,,,,,,,,,,,,20080524,LG,HT,LG,KIA,잠실,이영재,75,1,-1,20080524HTLG0
직구,경헌호,이용규,70121,74163,143,타격,내야안타,내야안타,이용규 : 유격수 앞 내야안타; 2루주자 김선빈 :   3루까지 진루;,0,1,2,7,초,9,13,0,0,좌,우,,김선빈,,경헌호,조인성,페타지니,채종국,김태완,박경수,안치용,이대형,손인호,,78603.0,,70121,98144,78129,98315,74158,73113,72161,73153,98538,,,,,,,,,,,,,,,,,,20080524,LG,HT,LG,KIA,잠실,이영재,75,2,-1,20080524HTLG0
직구,경헌호,김원섭,70121,71207,143,스트라이크,,,,0,0,2,7,초,9,13,0,0,양,우,이용규,,김선빈,경헌호,조인성,페타지니,채종국,김태완,박경수,안치용,이대형,손인호,74163.0,,78603.0,70121,98144,78129,98315,74158,73113,72161,73153,98538,,,,,,,,,,,,,,,,,,20080524,LG,HT,LG,KIA,잠실,이영재,76,1,-1,20080524HTLG0
슬라이더,경헌호,김원섭,70121,71207,136,스트라이크,,,,0,1,2,7,초,9,13,0,0,양,우,이용규,,김선빈,경헌호,조인성,페타지니,채종국,김태완,박경수,안치용,이대형,손인호,74163.0,,78603.0,70121,98144,78129,98315,74158,73113,72161,73153,98538,,,,,,,,,,,,,,,,,,20080524,LG,HT,LG,KIA,잠실,이영재,76,2,-1,20080524HTLG0
직구,경헌호,김원섭,70121,71207,143,볼,,,,0,2,2,7,초,9,13,0,0,양,우,이용규,,김선빈,경헌호,조인성,페타지니,채종국,김태완,박경수,안치용,이대형,손인호,74163.0,,78603.0,70121,98144,78129,98315,74158,73113,72161,73153,98538,,,,,,,,,,,,,,,,,,20080524,LG,HT,LG,KIA,잠실,이영재,76,3,-1,20080524HTLG0
슬라이더,경헌호,김원섭,70121,71207,136,볼,,,,1,2,2,7,초,9,13,0,0,양,우,이용규,,김선빈,경헌호,조인성,페타지니,채종국,김태완,박경수,안치용,이대형,손인호,74163.0,,78603.0,70121,98144,78129,98315,74158,73113,72161,73153,98538,,,,,,,,,,,,,,,,,,20080524,LG,HT,LG,KIA,잠실,이영재,76,4,-1,20080524HTLG0
슬라이더,경헌호,김원섭,70121,71207,138,타격,안타,안타,김원섭 : 중견수 오른쪽 1루타; 1루주자 이용규 :   3루까지 진루; 3루주자 김선빈 :  홈인;,2,2,2,7,초,9,13,0,1,양,우,이용규,,김선빈,경헌호,조인성,페타지니,채종국,김태완,박경수,안치용,이대형,손인호,74163.0,,78603.0,70121,98144,78129,98315,74158,73113,72161,73153,98538,,,,,,,,,,,,,,,,,,20080524,LG,HT,LG,KIA,잠실,이영재,76,5,-1,20080524HTLG0
,경헌호,이종범,70121,93607,,,,,투수 경헌호 : 투수 정재복 (으)로 교체;,0,0,2,7,초,10,13,0,0,우,우,김원섭,,이용규,경헌호,조인성,페타지니,채종국,김태완,박경수,안치용,이대형,손인호,71207.0,,74163.0,70121,98144,78129,98315,74158,73113,72161,73153,98538,,,,,,,,,,,,,,,,,,20080524,LG,HT,LG,KIA,잠실,이영재,77,,,20080524HTLG0
슬라이더,정재복,이종범,73166,93607,133,스트라이크,,,,0,0,2,7,초,10,13,0,0,우,우,김원섭,,이용규,정재복,조인성,페타지니,채종국,김태완,박경수,안치용,이대형,손인호,71207.0,,74163.0,73166,98144,78129,98315,74158,73113,72161,73153,98538,,,,,,,,,,,,,,,,,,20080524,LG,HT,LG,KIA,잠실,이영재,77,1,-1,20080524HTLG0
직구,정재복,이종범,73166,93607,141,볼,,,,0,1,2,7,초,10,13,0,0,우,우,김원섭,,이용규,정재복,조인성,페타지니,채종국,김태완,박경수,안치용,이대형,손인호,71207.0,,74163.0,73166,98144,78129,98315,74158,73113,72161,73153,98538,,,,,,,,,,,,,,,,,,20080524,LG,HT,LG,KIA,잠실,이영재,77,2,-1,20080524HTLG0
포크,정재복,이종범,73166,93607,118,볼,,,,1,1,2,7,초,10,13,0,0,우,우,김원섭,,이용규,정재복,조인성,페타지니,채종국,김태완,박경수,안치용,이대형,손인호,71207.0,,74163.0,73166,98144,78129,98315,74158,73113,72161,73153,98538,,,,,,,,,,,,,,,,,,20080524,LG,HT,LG,KIA,잠실,이영재,77,3,-1,20080524HTLG0
,정재복,이종범,73166,93607,,,,,1루주자 김원섭 :  포일로 2루까지 진루; 3루주자 이용규 :  포일로 홈인;,2,1,2,7,초,10,13,0,1,우,우,김원섭,,이용규,정재복,조인성,페타지니,채종국,김태완,박경수,안치용,이대형,손인호,71207.0,,74163.0,73166,98144,78129,98315,74158,73113,72161,73153,98538,,,,,,,,,,,,,,,,,,20080524,LG,HT,LG,KIA,잠실,이영재,77,,,20080524HTLG0
슬라이더,정재복,이종범,73166,93607,133,볼,,,,2,1,2,7,초,11,13,0,0,우,우,,김원섭,,정재복,조인성,페타지니,채종국,김태완,박경수,안치용,이대형,손인호,,71207.0,,73166,98144,78129,98315,74158,73113,72161,73153,98538,,,,,,,,,,,,,,,,,,20080524,LG,HT,LG,KIA,잠실,이영재,77,4,-1,20080524HTLG0
슬라이더,정재복,이종범,73166,93607,134,스트라이크,,,,3,1,2,7,초,11,13,0,0,우,우,,김원섭,,정재복,조인성,페타지니,채종국,김태완,박경수,안치용,이대형,손인호,,71207.0,,73166,98144,78129,98315,74158,73113,72161,73153,98538,,,,,,,,,,,,,,,,,,20080524,LG,HT,LG,KIA,잠실,이영재,77,5,-1,20080524HTLG0
포크,정재복,이종범,73166,93607,135,볼,볼넷,볼넷,이종범 :  볼넷;,3,2,2,7,초,11,13,0,0,우,우,,김원섭,,정재복,조인성,페타지니,채종국,김태완,박경수,안치용,이대형,손인호,,71207.0,,73166,98144,78129,98315,74158,73113,72161,73153,98538,,,,,,,,,,,,,,,,,,20080524,LG,HT,LG,KIA,잠실,이영재,77,6,-1,20080524HTLG0
직구,정재복,이재주,73166,92304,140,스트라이크,,,,0,0,2,7,초,11,13,0,0,우,우,이종범,김원섭,,정재복,조인성,페타지니,채종국,김태완,박경수,안치용,이대형,손인호,93607.0,71207.0,,73166,98144,78129,98315,74158,73113,72161,73153,98538,,,,,,,,,,,,,,,,,,20080524,LG,HT,LG,KIA,잠실,이영재,78,1,-1,20080524HTLG0
커브,정재복,이재주,73166,92304,121,볼,,,,0,1,2,7,초,11,13,0,0,우,우,이종범,김원섭,,정재복,조인성,페타지니,채종국,김태완,박경수,안치용,이대형,손인호,93607.0,71207.0,,73166,98144,78129,98315,74158,73113,72161,73153,98538,,,,,,,,,,,,,,,,,,20080524,LG,HT,LG,KIA,잠실,이영재,78,2,-1,20080524HTLG0
포크,정재복,이재주,73166,92304,124,볼,,,,1,1,2,7,초,11,13,0,0,우,우,이종범,김원섭,,정재복,조인성,페타지니,채종국,김태완,박경수,안치용,이대형,손인호,93607.0,71207.0,,73166,98144,78129,98315,74158,73113,72161,73153,98538,,,,,,,,,,,,,,,,,,20080524,LG,HT,LG,KIA,잠실,이영재,78,3,-1,20080524HTLG0
,정재복,이재주,73166,92304,,,,,2루주자 김원섭 :  폭투로 3루까지 진루;,2,1,2,7,초,11,13,0,0,우,우,이종범,김원섭,,정재복,조인성,페타지니,채종국,김태완,박경수,안치용,이대형,손인호,93607.0,71207.0,,73166,98144,78129,98315,74158,73113,72161,73153,98538,,,,,,,,,,,,,,,,,,20080524,LG,HT,LG,KIA,잠실,이영재,78,,,20080524HTLG0
직구,정재복,이재주,73166,92304,140,볼,,,,2,1,2,7,초,11,13,0,0,우,우,이종범,,김원섭,정재복,조인성,페타지니,채종국,김태완,박경수,안치용,이대형,손인호,93607.0,,71207.0,73166,98144,78129,98315,74158,73113,72161,73153,98538,,,,,,,,,,,,,,,,,,20080524,LG,HT,LG,KIA,잠실,이영재,78,4,-1,20080524HTLG0
직구,정재복,이재주,73166,92304,142,스트라이크,,,,3,1,2,7,초,11,13,0,0,우,우,이종범,,김원섭,정재복,조인성,페타지니,채종국,김태완,박경수,안치용,이대형,손인호,93607.0,,71207.0,73166,98144,78129,98315,74158,73113,72161,73153,98538,,,,,,,,,,,,,,,,,,20080524,LG,HT,LG,KIA,잠실,이영재,78,5,-1,20080524HTLG0
슬라이더,정재복,이재주,73166,92304,135,타격,필드 아웃,플라이 아웃,이재주 : 중견수 플라이 아웃;,3,2,2,7,초,11,13,1,0,우,우,이종범,,김원섭,정재복,조인성,페타지니,채종국,김태완,박경수,안치용,이대형,손인호,93607.0,,71207.0,73166,98144,78129,98315,74158,73113,72161,73153,98538,,,,,,,,,,,,,,,,,,20080524,LG,HT,LG,KIA,잠실,이영재,78,6,-1,20080524HTLG0
슬라이더,손영민,안치용,76639,72161,117,볼,,,,0,0,0,7,말,11,13,0,0,우,우,,,,손영민,이성우,이종범,김선빈,이현곤,발데스,최경환,이용규,김원섭,,,,76639,71184,93607,78603,72606,78649,70117,74163,71207,,,,,,,,,,,,,,,,,,20080524,LG,HT,LG,KIA,잠실,이영재,79,1,-1,20080524HTLG0
슬라이더,손영민,안치용,76639,72161,110,볼,,,,1,0,0,7,말,11,13,0,0,우,우,,,,손영민,이성우,이종범,김선빈,이현곤,발데스,최경환,이용규,김원섭,,,,76639,71184,93607,78603,72606,78649,70117,74163,71207,,,,,,,,,,,,,,,,,,20080524,LG,HT,LG,KIA,잠실,이영재,79,2,-1,20080524HTLG0
직구,손영민,안치용,76639,72161,130,스트라이크,,,,2,0,0,7,말,11,13,0,0,우,우,,,,손영민,이성우,이종범,김선빈,이현곤,발데스,최경환,이용규,김원섭,,,,76639,71184,93607,78603,72606,78649,70117,74163,71207,,,,,,,,,,,,,,,,,,20080524,LG,HT,LG,KIA,잠실,이영재,79,3,-1,20080524HTLG0
직구,손영민,안치용,76639,72161,132,파울,,,,2,1,0,7,말,11,13,0,0,우,우,,,,손영민,이성우,이종범,김선빈,이현곤,발데스,최경환,이용규,김원섭,,,,76639,71184,93607,78603,72606,78649,70117,74163,71207,,,,,,,,,,,,,,,,,,20080524,LG,HT,LG,KIA,잠실,이영재,79,4,-1,20080524HTLG0
슬라이더,손영민,안치용,76639,72161,117,헛스윙,삼진,삼진,안치용 :  삼진 아웃;,2,2,0,7,말,11,13,0,0,우,우,,,,손영민,이성우,이종범,김선빈,이현곤,발데스,최경환,이용규,김원섭,,,,76639,71184,93607,78603,72606,78649,70117,74163,71207,,,,,,,,,,,,,,,,,,20080524,LG,HT,LG,KIA,잠실,이영재,79,5,-1,20080524HTLG0
,손영민,페타지니,76639,78129,,,,,투수 손영민 : 투수 박정태 (으)로 교체;,0,0,1,7,말,11,13,0,0,좌,우,,,,손영민,이성우,이종범,김선빈,이현곤,발데스,최경환,이용규,김원섭,,,,76639,71184,93607,78603,72606,78649,70117,74163,71207,,,,,,,,,,,,,,,,,,20080524,LG,HT,LG,KIA,잠실,이영재,80,,,20080524HTLG0
직구,박정태,페타지니,74630,78129,136,볼,,,,0,0,1,7,말,11,13,0,0,좌,좌,,,,박정태,이성우,이종범,김선빈,이현곤,발데스,최경환,이용규,김원섭,,,,74630,71184,93607,78603,72606,78649,70117,74163,71207,,,,,,,,,,,,,,,,,,20080524,LG,HT,LG,KIA,잠실,이영재,80,1,-1,20080524HTLG0
슬라이더,박정태,페타지니,74630,78129,124,스트라이크,,,,1,0,1,7,말,11,13,0,0,좌,좌,,,,박정태,이성우,이종범,김선빈,이현곤,발데스,최경환,이용규,김원섭,,,,74630,71184,93607,78603,72606,78649,70117,74163,71207,,,,,,,,,,,,,,,,,,20080524,LG,HT,LG,KIA,잠실,이영재,80,2,-1,20080524HTLG0
슬라이더,박정태,페타지니,74630,78129,124,볼,,,,1,1,1,7,말,11,13,0,0,좌,좌,,,,박정태,이성우,이종범,김선빈,이현곤,발데스,최경환,이용규,김원섭,,,,74630,71184,93607,78603,72606,78649,70117,74163,71207,,,,,,,,,,,,,,,,,,20080524,LG,HT,LG,KIA,잠실,이영재,80,3,-1,20080524HTLG0
직구,박정태,페타지니,74630,78129,136,볼,,,,2,1,1,7,말,11,13,0,0,좌,좌,,,,박정태,이성우,이종범,김선빈,이현곤,발데스,최경환,이용규,김원섭,,,,74630,71184,93607,78603,72606,78649,70117,74163,71207,,,,,,,,,,,,,,,,,,20080524,LG,HT,LG,KIA,잠실,이영재,80,4,-1,20080524HTLG0
직구,박정태,페타지니,74630,78129,137,볼,볼넷,볼넷,페타지니 :  볼넷;,3,1,1,7,말,11,13,0,0,좌,좌,,,,박정태,이성우,이종범,김선빈,이현곤,발데스,최경환,이용규,김원섭,,,,74630,71184,93607,78603,72606,78649,70117,74163,71207,,,,,,,,,,,,,,,,,,20080524,LG,HT,LG,KIA,잠실,이영재,80,5,-1,20080524HTLG0
슬라이더,박정태,채종국,74630,98315,124,타격,실책,실책,채종국 : 투수 앞 땅볼로 출루; 1루주자 페타지니 : 유격수 실책으로  2루까지 진루(투수->유격수 실책);,0,0,1,7,말,11,13,0,0,우,좌,페타지니,,,박정태,이성우,이종범,김선빈,이현곤,발데스,최경환,이용규,김원섭,78129.0,,,74630,71184,93607,78603,72606,78649,70117,74163,71207,,,,,,,,,,,,,,,,,,20080524,LG,HT,LG,KIA,잠실,이영재,81,1,-1,20080524HTLG0
직구,박정태,손인호,74630,98538,138,스트라이크,,,,0,0,1,7,말,11,13,0,0,좌,좌,채종국,페타지니,,박정태,이성우,이종범,김선빈,이현곤,발데스,최경환,이용규,김원섭,98315.0,78129.0,,74630,71184,93607,78603,72606,78649,70117,74163,71207,,,,,,,,,,,,,,,,,,20080524,LG,HT,LG,KIA,잠실,이영재,82,1,-1,20080524HTLG0
직구,박정태,손인호,74630,98538,139,볼,,,,0,1,1,7,말,11,13,0,0,좌,좌,채종국,페타지니,,박정태,이성우,이종범,김선빈,이현곤,발데스,최경환,이용규,김원섭,98315.0,78129.0,,74630,71184,93607,78603,72606,78649,70117,74163,71207,,,,,,,,,,,,,,,,,,20080524,LG,HT,LG,KIA,잠실,이영재,82,2,-1,20080524HTLG0
직구,박정태,손인호,74630,98538,138,볼,,,,1,1,1,7,말,11,13,0,0,좌,좌,채종국,페타지니,,박정태,이성우,이종범,김선빈,이현곤,발데스,최경환,이용규,김원섭,98315.0,78129.0,,74630,71184,93607,78603,72606,78649,70117,74163,71207,,,,,,,,,,,,,,,,,,20080524,LG,HT,LG,KIA,잠실,이영재,82,3,-1,20080524HTLG0
직구,박정태,손인호,74630,98538,137,헛스윙,,,,2,1,1,7,말,11,13,0,0,좌,좌,채종국,페타지니,,박정태,이성우,이종범,김선빈,이현곤,발데스,최경환,이용규,김원섭,98315.0,78129.0,,74630,71184,93607,78603,72606,78649,70117,74163,71207,,,,,,,,,,,,,,,,,,20080524,LG,HT,LG,KIA,잠실,이영재,82,4,-1,20080524HTLG0
슬라이더,박정태,손인호,74630,98538,125,타격,필드 아웃,플라이 아웃,손인호 : 우익수 플라이 아웃;,2,2,1,7,말,11,13,1,0,좌,좌,채종국,페타지니,,박정태,이성우,이종범,김선빈,이현곤,발데스,최경환,이용규,김원섭,98315.0,78129.0,,74630,71184,93607,78603,72606,78649,70117,74163,71207,,,,,,,,,,,,,,,,,,20080524,LG,HT,LG,KIA,잠실,이영재,82,5,-1,20080524HTLG0
직구,박정태,조인성,74630,98144,140,볼,,,,0,0,2,7,말,11,13,0,0,우,좌,채종국,페타지니,,박정태,이성우,이종범,김선빈,이현곤,발데스,최경환,이용규,김원섭,98315.0,78129.0,,74630,71184,93607,78603,72606,78649,70117,74163,71207,,,,,,,,,,,,,,,,,,20080524,LG,HT,LG,KIA,잠실,이영재,83,1,-1,20080524HTLG0
슬라이더,박정태,조인성,74630,98144,125,헛스윙,,,,1,0,2,7,말,11,13,0,0,우,좌,채종국,페타지니,,박정태,이성우,이종범,김선빈,이현곤,발데스,최경환,이용규,김원섭,98315.0,78129.0,,74630,71184,93607,78603,72606,78649,70117,74163,71207,,,,,,,,,,,,,,,,,,20080524,LG,HT,LG,KIA,잠실,이영재,83,2,-1,20080524HTLG0
슬라이더,박정태,조인성,74630,98144,129,볼,,,,1,1,2,7,말,11,13,0,0,우,좌,채종국,페타지니,,박정태,이성우,이종범,김선빈,이현곤,발데스,최경환,이용규,김원섭,98315.0,78129.0,,74630,71184,93607,78603,72606,78649,70117,74163,71207,,,,,,,,,,,,,,,,,,20080524,LG,HT,LG,KIA,잠실,이영재,83,3,-1,20080524HTLG0
체인지업,박정태,조인성,74630,98144,129,볼,,,,2,1,2,7,말,11,13,0,0,우,좌,채종국,페타지니,,박정태,이성우,이종범,김선빈,이현곤,발데스,최경환,이용규,김원섭,98315.0,78129.0,,74630,71184,93607,78603,72606,78649,70117,74163,71207,,,,,,,,,,,,,,,,,,20080524,LG,HT,LG,KIA,잠실,이영재,83,4,-1,20080524HTLG0
슬라이더,박정태,조인성,74630,98144,125,볼,볼넷,볼넷,조인성 :  볼넷; 1루주자 채종국 :   2루까지 진루; 2루주자 페타지니 :   3루까지 진루;,3,1,2,7,말,11,13,0,0,우,좌,채종국,페타지니,,박정태,이성우,이종범,김선빈,이현곤,발데스,최경환,이용규,김원섭,98315.0,78129.0,,74630,71184,93607,78603,72606,78649,70117,74163,71207,,,,,,,,,,,,,,,,,,20080524,LG,HT,LG,KIA,잠실,이영재,83,5,-1,20080524HTLG0
,박정태,이성열,74630,73136,,,,,투수 박정태 : 투수 오준형 (으)로 교체; 8번타자 이성열 : 대타 김준호(으)로 교체;,0,0,2,7,말,11,13,0,0,양,좌,조인성,채종국,페타지니,박정태,이성우,이종범,김선빈,이현곤,발데스,최경환,이용규,김원섭,98144.0,98315.0,78129.0,74630,71184,93607,78603,72606,78649,70117,74163,71207,,,,,,,,,,,,,,,,,,20080524,LG,HT,LG,KIA,잠실,이영재,84,,,20080524HTLG0
,오준형,김준호,77641,77156,,,,,1루주자 조인성 : 대주자 김정민(으)로 교체; 8번타자 김준호 : 대타 이병규(으)로 교체;,0,0,2,7,말,11,13,0,0,우,우,조인성,채종국,페타지니,오준형,이성우,이종범,김선빈,이현곤,발데스,최경환,이용규,김원섭,98144.0,98315.0,78129.0,77641,71184,93607,78603,72606,78649,70117,74163,71207,,,,,,,,,,,,,,,,,,20080524,LG,HT,LG,KIA,잠실,이영재,84,,,20080524HTLG0
슬라이더,오준형,이병규,77641,76100,125,스트라이크,,,,0,0,2,7,말,11,13,0,0,좌,우,김정민,채종국,페타지니,오준형,이성우,이종범,김선빈,이현곤,발데스,최경환,이용규,김원섭,93112.0,98315.0,78129.0,77641,71184,93607,78603,72606,78649,70117,74163,71207,,,,,,,,,,,,,,,,,,20080524,LG,HT,LG,KIA,잠실,이영재,84,1,-1,20080524HTLG0
슬라이더,오준형,이병규,77641,76100,125,타격,필드 아웃,플라이 아웃,이병규 : 중견수 플라이 아웃;,0,1,2,7,말,11,13,1,0,좌,우,김정민,채종국,페타지니,오준형,이성우,이종범,김선빈,이현곤,발데스,최경환,이용규,김원섭,93112.0,98315.0,78129.0,77641,71184,93607,78603,72606,78649,70117,74163,71207,,,,,,,,,,,,,,,,,,20080524,LG,HT,LG,KIA,잠실,이영재,84,2,-1,20080524HTLG0
,정재복,최경환,73166,70117,,,,,대주자 김정민 : 포수(으)로 수비위치 변경; 대타 이병규 : 지명타자(으)로 수비위치 변경;,0,0,0,8,초,11,13,0,0,좌,우,,,,정재복,조인성,페타지니,채종국,김태완,박경수,안치용,이대형,손인호,,,,73166,98144,78129,98315,74158,73113,72161,73153,98538,,,,,,,,,,,,,,,,,,20080524,LG,HT,LG,KIA,잠실,이영재,85,,,20080524HTLG0
포크,정재복,최경환,73166,70117,130,스트라이크,,,,0,0,0,8,초,11,13,0,0,좌,우,,,,정재복,김정민,페타지니,채종국,김태완,박경수,안치용,이대형,손인호,,,,73166,93112,78129,98315,74158,73113,72161,73153,98538,,,,,,,,,,,,,,,,,,20080524,LG,HT,LG,KIA,잠실,이영재,85,1,-1,20080524HTLG0
직구,정재복,최경환,73166,70117,138,볼,,,,0,1,0,8,초,11,13,0,0,좌,우,,,,정재복,김정민,페타지니,채종국,김태완,박경수,안치용,이대형,손인호,,,,73166,93112,78129,98315,74158,73113,72161,73153,98538,,,,,,,,,,,,,,,,,,20080524,LG,HT,LG,KIA,잠실,이영재,85,2,-1,20080524HTLG0
커브,정재복,최경환,73166,70117,121,파울,,,,1,1,0,8,초,11,13,0,0,좌,우,,,,정재복,김정민,페타지니,채종국,김태완,박경수,안치용,이대형,손인호,,,,73166,93112,78129,98315,74158,73113,72161,73153,98538,,,,,,,,,,,,,,,,,,20080524,LG,HT,LG,KIA,잠실,이영재,85,3,-1,20080524HTLG0
직구,정재복,최경환,73166,70117,143,볼,,,,1,2,0,8,초,11,13,0,0,좌,우,,,,정재복,김정민,페타지니,채종국,김태완,박경수,안치용,이대형,손인호,,,,73166,93112,78129,98315,74158,73113,72161,73153,98538,,,,,,,,,,,,,,,,,,20080524,LG,HT,LG,KIA,잠실,이영재,85,4,-1,20080524HTLG0
포크,정재복,최경환,73166,70117,133,파울,,,,2,2,0,8,초,11,13,0,0,좌,우,,,,정재복,김정민,페타지니,채종국,김태완,박경수,안치용,이대형,손인호,,,,73166,93112,78129,98315,74158,73113,72161,73153,98538,,,,,,,,,,,,,,,,,,20080524,LG,HT,LG,KIA,잠실,이영재,85,5,-1,20080524HTLG0
포크,정재복,최경환,73166,70117,123,파울,,,,2,2,0,8,초,11,13,0,0,좌,우,,,,정재복,김정민,페타지니,채종국,김태완,박경수,안치용,이대형,손인호,,,,73166,93112,78129,98315,74158,73113,72161,73153,98538,,,,,,,,,,,,,,,,,,20080524,LG,HT,LG,KIA,잠실,이영재,85,6,-1,20080524HTLG0
직구,정재복,최경환,73166,70117,144,볼,,,,2,2,0,8,초,11,13,0,0,좌,우,,,,정재복,김정민,페타지니,채종국,김태완,박경수,안치용,이대형,손인호,,,,73166,93112,78129,98315,74158,73113,72161,73153,98538,,,,,,,,,,,,,,,,,,20080524,LG,HT,LG,KIA,잠실,이영재,85,7,-1,20080524HTLG0
직구,정재복,최경환,73166,70117,146,파울,,,,3,2,0,8,초,11,13,0,0,좌,우,,,,정재복,김정민,페타지니,채종국,김태완,박경수,안치용,이대형,손인호,,,,73166,93112,78129,98315,74158,73113,72161,73153,98538,,,,,,,,,,,,,,,,,,20080524,LG,HT,LG,KIA,잠실,이영재,85,8,-1,20080524HTLG0
슬라이더,정재복,최경환,73166,70117,135,볼,볼넷,볼넷,최경환 :  볼넷;,3,2,0,8,초,11,13,0,0,좌,우,,,,정재복,김정민,페타지니,채종국,김태완,박경수,안치용,이대형,손인호,,,,73166,93112,78129,98315,74158,73113,72161,73153,98538,,,,,,,,,,,,,,,,,,20080524,LG,HT,LG,KIA,잠실,이영재,85,9,-1,20080524HTLG0
포크,정재복,이현곤,73166,72606,121,스트라이크,,,,0,0,0,8,초,11,13,0,0,우,우,최경환,,,정재복,김정민,페타지니,채종국,김태완,박경수,안치용,이대형,손인호,70117.0,,,73166,93112,78129,98315,74158,73113,72161,73153,98538,,,,,,,,,,,,,,,,,,20080524,LG,HT,LG,KIA,잠실,이영재,86,1,-1,20080524HTLG0
직구,정재복,이현곤,73166,72606,140,파울,,,,0,1,0,8,초,11,13,0,0,우,우,최경환,,,정재복,김정민,페타지니,채종국,김태완,박경수,안치용,이대형,손인호,70117.0,,,73166,93112,78129,98315,74158,73113,72161,73153,98538,,,,,,,,,,,,,,,,,,20080524,LG,HT,LG,KIA,잠실,이영재,86,2,-1,20080524HTLG0
슬라이더,정재복,이현곤,73166,72606,135,타격,안타,안타,이현곤 : 우익수 오른쪽 1루타; 1루주자 최경환 :   2루까지 진루;,0,2,0,8,초,11,13,0,0,우,우,최경환,,,정재복,김정민,페타지니,채종국,김태완,박경수,안치용,이대형,손인호,70117.0,,,73166,93112,78129,98315,74158,73113,72161,73153,98538,,,,,,,,,,,,,,,,,,20080524,LG,HT,LG,KIA,잠실,이영재,86,3,-1,20080524HTLG0
직구,정재복,이성우,73166,71184,136,번트파울,,,,0,0,0,8,초,11,13,0,0,우,우,이현곤,최경환,,정재복,김정민,페타지니,채종국,김태완,박경수,안치용,이대형,손인호,72606.0,70117.0,,73166,93112,78129,98315,74158,73113,72161,73153,98538,,,,,,,,,,,,,,,,,,20080524,LG,HT,LG,KIA,잠실,이영재,87,1,-1,20080524HTLG0
직구,정재복,이성우,73166,71184,135,타격,희생번트,희생번트,이성우 : 포수 희생번트 아웃 (포수->2루수 1루 터치아웃); 1루주자 이현곤 :   2루까지 진루; 2루주자 최경환 :   3루까지 진루;,0,1,0,8,초,11,13,1,0,우,우,이현곤,최경환,,정재복,김정민,페타지니,채종국,김태완,박경수,안치용,이대형,손인호,72606.0,70117.0,,73166,93112,78129,98315,74158,73113,72161,73153,98538,,,,,,,,,,,,,,,,,,20080524,LG,HT,LG,KIA,잠실,이영재,87,2,-1,20080524HTLG0
직구,정재복,김선빈,73166,78603,142,볼,,,,0,0,1,8,초,11,13,0,0,우,우,,이현곤,최경환,정재복,김정민,페타지니,채종국,김태완,박경수,안치용,이대형,손인호,,72606.0,70117.0,73166,93112,78129,98315,74158,73113,72161,73153,98538,,,,,,,,,,,,,,,,,,20080524,LG,HT,LG,KIA,잠실,이영재,88,1,-1,20080524HTLG0
직구,정재복,김선빈,73166,78603,142,볼,,,,1,0,1,8,초,11,13,0,0,우,우,,이현곤,최경환,정재복,김정민,페타지니,채종국,김태완,박경수,안치용,이대형,손인호,,72606.0,70117.0,73166,93112,78129,98315,74158,73113,72161,73153,98538,,,,,,,,,,,,,,,,,,20080524,LG,HT,LG,KIA,잠실,이영재,88,2,-1,20080524HTLG0
포크,정재복,김선빈,73166,78603,135,파울,,,,2,0,1,8,초,11,13,0,0,우,우,,이현곤,최경환,정재복,김정민,페타지니,채종국,김태완,박경수,안치용,이대형,손인호,,72606.0,70117.0,73166,93112,78129,98315,74158,73113,72161,73153,98538,,,,,,,,,,,,,,,,,,20080524,LG,HT,LG,KIA,잠실,이영재,88,3,-1,20080524HTLG0
직구,정재복,김선빈,73166,78603,143,파울,,,,2,1,1,8,초,11,13,0,0,우,우,,이현곤,최경환,정재복,김정민,페타지니,채종국,김태완,박경수,안치용,이대형,손인호,,72606.0,70117.0,73166,93112,78129,98315,74158,73113,72161,73153,98538,,,,,,,,,,,,,,,,,,20080524,LG,HT,LG,KIA,잠실,이영재,88,4,-1,20080524HTLG0
슬라이더,정재복,김선빈,73166,78603,135,타격,3루타,3루타,김선빈 : 우중간 3루타; 2루주자 이현곤 :  홈인; 3루주자 최경환 :  홈인;,2,2,1,8,초,11,13,0,2,우,우,,이현곤,최경환,정재복,김정민,페타지니,채종국,김태완,박경수,안치용,이대형,손인호,,72606.0,70117.0,73166,93112,78129,98315,74158,73113,72161,73153,98538,,,,,,,,,,,,,,,,,,20080524,LG,HT,LG,KIA,잠실,이영재,88,5,-1,20080524HTLG0
,정재복,발데스,73166,78649,,,,,9번타자 발데스 : 대타 강동우(으)로 교체;,0,0,1,8,초,13,13,0,0,우,우,,,김선빈,정재복,김정민,페타지니,채종국,김태완,박경수,안치용,이대형,손인호,,,78603.0,73166,93112,78129,98315,74158,73113,72161,73153,98538,,,,,,,,,,,,,,,,,,20080524,LG,HT,LG,KIA,잠실,이영재,89,,,20080524HTLG0
포크,정재복,강동우,73166,98420,130,볼,,,,0,0,1,8,초,13,13,0,0,좌,우,,,김선빈,정재복,김정민,페타지니,채종국,김태완,박경수,안치용,이대형,손인호,,,78603.0,73166,93112,78129,98315,74158,73113,72161,73153,98538,,,,,,,,,,,,,,,,,,20080524,LG,HT,LG,KIA,잠실,이영재,89,1,-1,20080524HTLG0
직구,정재복,강동우,73166,98420,140,파울,,,,1,0,1,8,초,13,13,0,0,좌,우,,,김선빈,정재복,김정민,페타지니,채종국,김태완,박경수,안치용,이대형,손인호,,,78603.0,73166,93112,78129,98315,74158,73113,72161,73153,98538,,,,,,,,,,,,,,,,,,20080524,LG,HT,LG,KIA,잠실,이영재,89,2,-1,20080524HTLG0
포크,정재복,강동우,73166,98420,123,볼,,,,1,1,1,8,초,13,13,0,0,좌,우,,,김선빈,정재복,김정민,페타지니,채종국,김태완,박경수,안치용,이대형,손인호,,,78603.0,73166,93112,78129,98315,74158,73113,72161,73153,98538,,,,,,,,,,,,,,,,,,20080524,LG,HT,LG,KIA,잠실,이영재,89,3,-1,20080524HTLG0
직구,정재복,강동우,73166,98420,141,볼,,,,2,1,1,8,초,13,13,0,0,좌,우,,,김선빈,정재복,김정민,페타지니,채종국,김태완,박경수,안치용,이대형,손인호,,,78603.0,73166,93112,78129,98315,74158,73113,72161,73153,98538,,,,,,,,,,,,,,,,,,20080524,LG,HT,LG,KIA,잠실,이영재,89,4,-1,20080524HTLG0
슬라이더,정재복,강동우,73166,98420,135,타격,희생플라이,희생플라이,강동우 : 우익수 희생플라이아웃; 3루주자 김선빈 :  홈인;,3,1,1,8,초,13,13,1,1,좌,우,,,김선빈,정재복,김정민,페타지니,채종국,김태완,박경수,안치용,이대형,손인호,,,78603.0,73166,93112,78129,98315,74158,73113,72161,73153,98538,,,,,,,,,,,,,,,,,,20080524,LG,HT,LG,KIA,잠실,이영재,89,5,-1,20080524HTLG0
슬라이더,정재복,이용규,73166,74163,127,스트라이크,,,,0,0,2,8,초,14,13,0,0,좌,우,,,,정재복,김정민,페타지니,채종국,김태완,박경수,안치용,이대형,손인호,,,,73166,93112,78129,98315,74158,73113,72161,73153,98538,,,,,,,,,,,,,,,,,,20080524,LG,HT,LG,KIA,잠실,이영재,90,1,-1,20080524HTLG0
포크,정재복,이용규,73166,74163,122,헛스윙,,,,0,1,2,8,초,14,13,0,0,좌,우,,,,정재복,김정민,페타지니,채종국,김태완,박경수,안치용,이대형,손인호,,,,73166,93112,78129,98315,74158,73113,72161,73153,98538,,,,,,,,,,,,,,,,,,20080524,LG,HT,LG,KIA,잠실,이영재,90,2,-1,20080524HTLG0
직구,정재복,이용규,73166,74163,142,파울,,,,0,2,2,8,초,14,13,0,0,좌,우,,,,정재복,김정민,페타지니,채종국,김태완,박경수,안치용,이대형,손인호,,,,73166,93112,78129,98315,74158,73113,72161,73153,98538,,,,,,,,,,,,,,,,,,20080524,LG,HT,LG,KIA,잠실,이영재,90,3,-1,20080524HTLG0
포크,정재복,이용규,73166,74163,125,타격,포스 아웃,땅볼 아웃,이용규 : 1루수 땅볼 아웃 (1루수 1루 터치아웃);,0,2,2,8,초,14,13,1,0,좌,우,,,,정재복,김정민,페타지니,채종국,김태완,박경수,안치용,이대형,손인호,,,,73166,93112,78129,98315,74158,73113,72161,73153,98538,,,,,,,,,,,,,,,,,,20080524,LG,HT,LG,KIA,잠실,이영재,90,4,-1,20080524HTLG0
,오준형,김태완,77641,74158,,,,,투수 오준형 : 투수 한기주 (으)로 교체; 좌익수 최경환 : 2루수 김종국 (으)로 교체; 2루수 김선빈 : 유격수(으)로 수비위치 변경; 대타 강동우 : 좌익수(으)로 수비위치 변경;,0,0,0,8,말,14,13,0,0,우,우,,,,오준형,이성우,이종범,김선빈,이현곤,발데스,최경환,이용규,김원섭,,,,77641,71184,93607,78603,72606,78649,70117,74163,71207,,,,,,,,,,,,,,,,,,20080524,LG,HT,LG,KIA,잠실,이영재,91,,,20080524HTLG0
직구,한기주,김태완,76610,74158,146,볼,,,,0,0,0,8,말,14,13,0,0,우,우,,,,한기주,이성우,이종범,김종국,이현곤,김선빈,강동우,이용규,김원섭,,,,76610,71184,93607,96616,72606,78603,98420,74163,71207,,,,,,,,,,,,,,,,,,20080524,LG,HT,LG,KIA,잠실,이영재,91,1,-1,20080524HTLG0
직구,한기주,김태완,76610,74158,150,파울,,,,1,0,0,8,말,14,13,0,0,우,우,,,,한기주,이성우,이종범,김종국,이현곤,김선빈,강동우,이용규,김원섭,,,,76610,71184,93607,96616,72606,78603,98420,74163,71207,,,,,,,,,,,,,,,,,,20080524,LG,HT,LG,KIA,잠실,이영재,91,2,-1,20080524HTLG0
직구,한기주,김태완,76610,74158,151,스트라이크,,,,1,1,0,8,말,14,13,0,0,우,우,,,,한기주,이성우,이종범,김종국,이현곤,김선빈,강동우,이용규,김원섭,,,,76610,71184,93607,96616,72606,78603,98420,74163,71207,,,,,,,,,,,,,,,,,,20080524,LG,HT,LG,KIA,잠실,이영재,91,3,-1,20080524HTLG0
직구,한기주,김태완,76610,74158,151,타격,포스 아웃,땅볼 아웃,김태완 : 유격수 땅볼 아웃 (유격수->1루수 송구아웃);,1,2,0,8,말,14,13,1,0,우,우,,,,한기주,이성우,이종범,김종국,이현곤,김선빈,강동우,이용규,김원섭,,,,76610,71184,93607,96616,72606,78603,98420,74163,71207,,,,,,,,,,,,,,,,,,20080524,LG,HT,LG,KIA,잠실,이영재,91,4,-1,20080524HTLG0
직구,한기주,이대형,76610,73153,155,스트라이크,,,,0,0,1,8,말,14,13,0,0,좌,우,,,,한기주,이성우,이종범,김종국,이현곤,김선빈,강동우,이용규,김원섭,,,,76610,71184,93607,96616,72606,78603,98420,74163,71207,,,,,,,,,,,,,,,,,,20080524,LG,HT,LG,KIA,잠실,이영재,92,1,-1,20080524HTLG0
직구,한기주,이대형,76610,73153,155,파울,,,,0,1,1,8,말,14,13,0,0,좌,우,,,,한기주,이성우,이종범,김종국,이현곤,김선빈,강동우,이용규,김원섭,,,,76610,71184,93607,96616,72606,78603,98420,74163,71207,,,,,,,,,,,,,,,,,,20080524,LG,HT,LG,KIA,잠실,이영재,92,2,-1,20080524HTLG0
직구,한기주,이대형,76610,73153,155,파울,,,,0,2,1,8,말,14,13,0,0,좌,우,,,,한기주,이성우,이종범,김종국,이현곤,김선빈,강동우,이용규,김원섭,,,,76610,71184,93607,96616,72606,78603,98420,74163,71207,,,,,,,,,,,,,,,,,,20080524,LG,HT,LG,KIA,잠실,이영재,92,3,-1,20080524HTLG0
직구,한기주,이대형,76610,73153,154,볼,,,,0,2,1,8,말,14,13,0,0,좌,우,,,,한기주,이성우,이종범,김종국,이현곤,김선빈,강동우,이용규,김원섭,,,,76610,71184,93607,96616,72606,78603,98420,74163,71207,,,,,,,,,,,,,,,,,,20080524,LG,HT,LG,KIA,잠실,이영재,92,4,-1,20080524HTLG0
직구,한기주,이대형,76610,73153,153,파울,,,,1,2,1,8,말,14,13,0,0,좌,우,,,,한기주,이성우,이종범,김종국,이현곤,김선빈,강동우,이용규,김원섭,,,,76610,71184,93607,96616,72606,78603,98420,74163,71207,,,,,,,,,,,,,,,,,,20080524,LG,HT,LG,KIA,잠실,이영재,92,5,-1,20080524HTLG0
슬라이더,한기주,이대형,76610,73153,140,타격,포스 아웃,땅볼 아웃,이대형 : 2루수 땅볼 아웃 (2루수->1루수 송구아웃);,1,2,1,8,말,14,13,1,0,좌,우,,,,한기주,이성우,이종범,김종국,이현곤,김선빈,강동우,이용규,김원섭,,,,76610,71184,93607,96616,72606,78603,98420,74163,71207,,,,,,,,,,,,,,,,,,20080524,LG,HT,LG,KIA,잠실,이영재,92,6,-1,20080524HTLG0
슬라이더,한기주,박경수,76610,73113,142,볼,,,,0,0,2,8,말,14,13,0,0,우,우,,,,한기주,이성우,이종범,김종국,이현곤,김선빈,강동우,이용규,김원섭,,,,76610,71184,93607,96616,72606,78603,98420,74163,71207,,,,,,,,,,,,,,,,,,20080524,LG,HT,LG,KIA,잠실,이영재,93,1,-1,20080524HTLG0
체인지업,한기주,박경수,76610,73113,136,볼,,,,1,0,2,8,말,14,13,0,0,우,우,,,,한기주,이성우,이종범,김종국,이현곤,김선빈,강동우,이용규,김원섭,,,,76610,71184,93607,96616,72606,78603,98420,74163,71207,,,,,,,,,,,,,,,,,,20080524,LG,HT,LG,KIA,잠실,이영재,93,2,-1,20080524HTLG0
직구,한기주,박경수,76610,73113,154,파울,,,,2,0,2,8,말,14,13,0,0,우,우,,,,한기주,이성우,이종범,김종국,이현곤,김선빈,강동우,이용규,김원섭,,,,76610,71184,93607,96616,72606,78603,98420,74163,71207,,,,,,,,,,,,,,,,,,20080524,LG,HT,LG,KIA,잠실,이영재,93,3,-1,20080524HTLG0
직구,한기주,박경수,76610,73113,155,파울,,,,2,1,2,8,말,14,13,0,0,우,우,,,,한기주,이성우,이종범,김종국,이현곤,김선빈,강동우,이용규,김원섭,,,,76610,71184,93607,96616,72606,78603,98420,74163,71207,,,,,,,,,,,,,,,,,,20080524,LG,HT,LG,KIA,잠실,이영재,93,4,-1,20080524HTLG0
체인지업,한기주,박경수,76610,73113,137,타격,포스 아웃,땅볼 아웃,박경수 : 유격수 땅볼 아웃 (유격수->1루수 송구아웃);,2,2,2,8,말,14,13,1,0,우,우,,,,한기주,이성우,이종범,김종국,이현곤,김선빈,강동우,이용규,김원섭,,,,76610,71184,93607,96616,72606,78603,98420,74163,71207,,,,,,,,,,,,,,,,,,20080524,LG,HT,LG,KIA,잠실,이영재,93,5,-1,20080524HTLG0
,정재복,김원섭,73166,71207,,,,,투수 정재복 : 투수 우규민 (으)로 교체;,0,0,0,9,초,14,13,0,0,양,우,,,,정재복,김정민,페타지니,채종국,김태완,박경수,안치용,이대형,손인호,,,,73166,93112,78129,98315,74158,73113,72161,73153,98538,,,,,,,,,,,,,,,,,,20080524,LG,HT,LG,KIA,잠실,이영재,94,,,20080524HTLG0
커브,우규민,김원섭,73117,71207,115,볼,,,,0,0,0,9,초,14,13,0,0,양,우,,,,우규민,김정민,페타지니,채종국,김태완,박경수,안치용,이대형,손인호,,,,73117,93112,78129,98315,74158,73113,72161,73153,98538,,,,,,,,,,,,,,,,,,20080524,LG,HT,LG,KIA,잠실,이영재,94,1,-1,20080524HTLG0
커브,우규민,김원섭,73117,71207,114,볼,,,,1,0,0,9,초,14,13,0,0,양,우,,,,우규민,김정민,페타지니,채종국,김태완,박경수,안치용,이대형,손인호,,,,73117,93112,78129,98315,74158,73113,72161,73153,98538,,,,,,,,,,,,,,,,,,20080524,LG,HT,LG,KIA,잠실,이영재,94,2,-1,20080524HTLG0
직구,우규민,김원섭,73117,71207,134,볼,,,,2,0,0,9,초,14,13,0,0,양,우,,,,우규민,김정민,페타지니,채종국,김태완,박경수,안치용,이대형,손인호,,,,73117,93112,78129,98315,74158,73113,72161,73153,98538,,,,,,,,,,,,,,,,,,20080524,LG,HT,LG,KIA,잠실,이영재,94,3,-1,20080524HTLG0
직구,우규민,김원섭,73117,71207,130,스트라이크,,,,3,0,0,9,초,14,13,0,0,양,우,,,,우규민,김정민,페타지니,채종국,김태완,박경수,안치용,이대형,손인호,,,,73117,93112,78129,98315,74158,73113,72161,73153,98538,,,,,,,,,,,,,,,,,,20080524,LG,HT,LG,KIA,잠실,이영재,94,4,-1,20080524HTLG0
슬라이더,우규민,김원섭,73117,71207,121,볼,볼넷,볼넷,김원섭 :  볼넷;,3,1,0,9,초,14,13,0,0,양,우,,,,우규민,김정민,페타지니,채종국,김태완,박경수,안치용,이대형,손인호,,,,73117,93112,78129,98315,74158,73113,72161,73153,98538,,,,,,,,,,,,,,,,,,20080524,LG,HT,LG,KIA,잠실,이영재,94,5,-1,20080524HTLG0
커브,우규민,이종범,73117,93607,114,타격,희생번트,희생번트,이종범 : 1루수 희생번트 아웃 (1루수->2루수 1루 터치아웃); 1루주자 김원섭 :   2루까지 진루;,0,0,0,9,초,14,13,1,0,우,우,김원섭,,,우규민,김정민,페타지니,채종국,김태완,박경수,안치용,이대형,손인호,71207.0,,,73117,93112,78129,98315,74158,73113,72161,73153,98538,,,,,,,,,,,,,,,,,,20080524,LG,HT,LG,KIA,잠실,이영재,95,1,-1,20080524HTLG0
직구,우규민,이재주,73117,92304,130,스트라이크,,,,0,0,1,9,초,14,13,0,0,우,우,,김원섭,,우규민,김정민,페타지니,채종국,김태완,박경수,안치용,이대형,손인호,,71207.0,,73117,93112,78129,98315,74158,73113,72161,73153,98538,,,,,,,,,,,,,,,,,,20080524,LG,HT,LG,KIA,잠실,이영재,96,1,-1,20080524HTLG0
직구,우규민,이재주,73117,92304,135,스트라이크,,,,0,1,1,9,초,14,13,0,0,우,우,,김원섭,,우규민,김정민,페타지니,채종국,김태완,박경수,안치용,이대형,손인호,,71207.0,,73117,93112,78129,98315,74158,73113,72161,73153,98538,,,,,,,,,,,,,,,,,,20080524,LG,HT,LG,KIA,잠실,이영재,96,2,-1,20080524HTLG0
슬라이더,우규민,이재주,73117,92304,127,볼,,,,0,2,1,9,초,14,13,0,0,우,우,,김원섭,,우규민,김정민,페타지니,채종국,김태완,박경수,안치용,이대형,손인호,,71207.0,,73117,93112,78129,98315,74158,73113,72161,73153,98538,,,,,,,,,,,,,,,,,,20080524,LG,HT,LG,KIA,잠실,이영재,96,3,-1,20080524HTLG0
슬라이더,우규민,이재주,73117,92304,116,볼,,,,1,2,1,9,초,14,13,0,0,우,우,,김원섭,,우규민,김정민,페타지니,채종국,김태완,박경수,안치용,이대형,손인호,,71207.0,,73117,93112,78129,98315,74158,73113,72161,73153,98538,,,,,,,,,,,,,,,,,,20080524,LG,HT,LG,KIA,잠실,이영재,96,4,-1,20080524HTLG0
커브,우규민,이재주,73117,92304,110,볼,,,,2,2,1,9,초,14,13,0,0,우,우,,김원섭,,우규민,김정민,페타지니,채종국,김태완,박경수,안치용,이대형,손인호,,71207.0,,73117,93112,78129,98315,74158,73113,72161,73153,98538,,,,,,,,,,,,,,,,,,20080524,LG,HT,LG,KIA,잠실,이영재,96,5,-1,20080524HTLG0
싱커,우규민,이재주,73117,92304,127,파울,,,,3,2,1,9,초,14,13,0,0,우,우,,김원섭,,우규민,김정민,페타지니,채종국,김태완,박경수,안치용,이대형,손인호,,71207.0,,73117,93112,78129,98315,74158,73113,72161,73153,98538,,,,,,,,,,,,,,,,,,20080524,LG,HT,LG,KIA,잠실,이영재,96,6,-1,20080524HTLG0
직구,우규민,이재주,73117,92304,136,타격,2루타,2루타,이재주 : 우중간 2루타; 2루주자 김원섭 :  홈인;,3,2,1,9,초,14,13,0,1,우,우,,김원섭,,우규민,김정민,페타지니,채종국,김태완,박경수,안치용,이대형,손인호,,71207.0,,73117,93112,78129,98315,74158,73113,72161,73153,98538,,,,,,,,,,,,,,,,,,20080524,LG,HT,LG,KIA,잠실,이영재,96,7,-1,20080524HTLG0
,우규민,김종국,73117,96616,,,,,2루주자 이재주 : 대주자 나지완(으)로 교체;,0,0,1,9,초,15,13,0,0,우,우,,이재주,,우규민,김정민,페타지니,채종국,김태완,박경수,안치용,이대형,손인호,,92304.0,,73117,93112,78129,98315,74158,73113,72161,73153,98538,,,,,,,,,,,,,,,,,,20080524,LG,HT,LG,KIA,잠실,이영재,97,,,20080524HTLG0
커브,우규민,김종국,73117,96616,112,볼,,,,0,0,1,9,초,15,13,0,0,우,우,,나지완,,우규민,김정민,페타지니,채종국,김태완,박경수,안치용,이대형,손인호,,78629.0,,73117,93112,78129,98315,74158,73113,72161,73153,98538,,,,,,,,,,,,,,,,,,20080524,LG,HT,LG,KIA,잠실,이영재,97,1,-1,20080524HTLG0
커브,우규민,김종국,73117,96616,118,파울,,,,1,0,1,9,초,15,13,0,0,우,우,,나지완,,우규민,김정민,페타지니,채종국,김태완,박경수,안치용,이대형,손인호,,78629.0,,73117,93112,78129,98315,74158,73113,72161,73153,98538,,,,,,,,,,,,,,,,,,20080524,LG,HT,LG,KIA,잠실,이영재,97,2,-1,20080524HTLG0
직구,우규민,김종국,73117,96616,132,볼,,,,1,1,1,9,초,15,13,0,0,우,우,,나지완,,우규민,김정민,페타지니,채종국,김태완,박경수,안치용,이대형,손인호,,78629.0,,73117,93112,78129,98315,74158,73113,72161,73153,98538,,,,,,,,,,,,,,,,,,20080524,LG,HT,LG,KIA,잠실,이영재,97,3,-1,20080524HTLG0
커브,우규민,김종국,73117,96616,102,볼,,,,2,1,1,9,초,15,13,0,0,우,우,,나지완,,우규민,김정민,페타지니,채종국,김태완,박경수,안치용,이대형,손인호,,78629.0,,73117,93112,78129,98315,74158,73113,72161,73153,98538,,,,,,,,,,,,,,,,,,20080524,LG,HT,LG,KIA,잠실,이영재,97,4,-1,20080524HTLG0
커브,우규민,김종국,73117,96616,116,파울,,,,3,1,1,9,초,15,13,0,0,우,우,,나지완,,우규민,김정민,페타지니,채종국,김태완,박경수,안치용,이대형,손인호,,78629.0,,73117,93112,78129,98315,74158,73113,72161,73153,98538,,,,,,,,,,,,,,,,,,20080524,LG,HT,LG,KIA,잠실,이영재,97,5,-1,20080524HTLG0
커브,우규민,김종국,73117,96616,114,파울,,,,3,2,1,9,초,15,13,0,0,우,우,,나지완,,우규민,김정민,페타지니,채종국,김태완,박경수,안치용,이대형,손인호,,78629.0,,73117,93112,78129,98315,74158,73113,72161,73153,98538,,,,,,,,,,,,,,,,,,20080524,LG,HT,LG,KIA,잠실,이영재,97,6,-1,20080524HTLG0
직구,우규민,김종국,73117,96616,137,볼,볼넷,볼넷,김종국 :  볼넷;,3,2,1,9,초,15,13,0,0,우,우,,나지완,,우규민,김정민,페타지니,채종국,김태완,박경수,안치용,이대형,손인호,,78629.0,,73117,93112,78129,98315,74158,73113,72161,73153,98538,,,,,,,,,,,,,,,,,,20080524,LG,HT,LG,KIA,잠실,이영재,97,7,-1,20080524HTLG0
직구,우규민,이현곤,73117,72606,136,타격,병살타,병살타,이현곤 : 3루수 병살타 아웃 (3루수->1루수 송구아웃); 2루주자 나지완 :  포스아웃 (3루수 3루 터치아웃);,0,0,1,9,초,15,13,2,0,우,우,김종국,나지완,,우규민,김정민,페타지니,채종국,김태완,박경수,안치용,이대형,손인호,96616.0,78629.0,,73117,93112,78129,98315,74158,73113,72161,73153,98538,,,,,,,,,,,,,,,,,,20080524,LG,HT,LG,KIA,잠실,이영재,98,1,-1,20080524HTLG0
,한기주,안치용,76610,72161,,,,,대주자 나지완 : 지명타자(으)로 수비위치 변경;,0,0,0,9,말,15,13,0,0,우,우,,,,한기주,이성우,이종범,김종국,이현곤,김선빈,강동우,이용규,김원섭,,,,76610,71184,93607,96616,72606,78603,98420,74163,71207,,,,,,,,,,,,,,,,,,20080524,LG,HT,LG,KIA,잠실,이영재,99,,,20080524HTLG0
슬라이더,한기주,안치용,76610,72161,142,볼,,,,0,0,0,9,말,15,13,0,0,우,우,,,,한기주,이성우,이종범,김종국,이현곤,김선빈,강동우,이용규,김원섭,,,,76610,71184,93607,96616,72606,78603,98420,74163,71207,,,,,,,,,,,,,,,,,,20080524,LG,HT,LG,KIA,잠실,이영재,99,1,-1,20080524HTLG0
직구,한기주,안치용,76610,72161,152,볼,,,,1,0,0,9,말,15,13,0,0,우,우,,,,한기주,이성우,이종범,김종국,이현곤,김선빈,강동우,이용규,김원섭,,,,76610,71184,93607,96616,72606,78603,98420,74163,71207,,,,,,,,,,,,,,,,,,20080524,LG,HT,LG,KIA,잠실,이영재,99,2,-1,20080524HTLG0
직구,한기주,안치용,76610,72161,149,스트라이크,,,,2,0,0,9,말,15,13,0,0,우,우,,,,한기주,이성우,이종범,김종국,이현곤,김선빈,강동우,이용규,김원섭,,,,76610,71184,93607,96616,72606,78603,98420,74163,71207,,,,,,,,,,,,,,,,,,20080524,LG,HT,LG,KIA,잠실,이영재,99,3,-1,20080524HTLG0
직구,한기주,안치용,76610,72161,154,파울,,,,2,1,0,9,말,15,13,0,0,우,우,,,,한기주,이성우,이종범,김종국,이현곤,김선빈,강동우,이용규,김원섭,,,,76610,71184,93607,96616,72606,78603,98420,74163,71207,,,,,,,,,,,,,,,,,,20080524,LG,HT,LG,KIA,잠실,이영재,99,4,-1,20080524HTLG0
직구,한기주,안치용,76610,72161,152,파울,,,,2,2,0,9,말,15,13,0,0,우,우,,,,한기주,이성우,이종범,김종국,이현곤,김선빈,강동우,이용규,김원섭,,,,76610,71184,93607,96616,72606,78603,98420,74163,71207,,,,,,,,,,,,,,,,,,20080524,LG,HT,LG,KIA,잠실,이영재,99,5,-1,20080524HTLG0
직구,한기주,안치용,76610,72161,152,타격,필드 아웃,플라이 아웃,안치용 : 중견수 플라이 아웃;,2,2,0,9,말,15,13,1,0,우,우,,,,한기주,이성우,이종범,김종국,이현곤,김선빈,강동우,이용규,김원섭,,,,76610,71184,93607,96616,72606,78603,98420,74163,71207,,,,,,,,,,,,,,,,,,20080524,LG,HT,LG,KIA,잠실,이영재,99,6,-1,20080524HTLG0
직구,한기주,페타지니,76610,78129,156,헛스윙,,,,0,0,1,9,말,15,13,0,0,좌,우,,,,한기주,이성우,이종범,김종국,이현곤,김선빈,강동우,이용규,김원섭,,,,76610,71184,93607,96616,72606,78603,98420,74163,71207,,,,,,,,,,,,,,,,,,20080524,LG,HT,LG,KIA,잠실,이영재,100,1,-1,20080524HTLG0
직구,한기주,페타지니,76610,78129,154,볼,,,,0,1,1,9,말,15,13,0,0,좌,우,,,,한기주,이성우,이종범,김종국,이현곤,김선빈,강동우,이용규,김원섭,,,,76610,71184,93607,96616,72606,78603,98420,74163,71207,,,,,,,,,,,,,,,,,,20080524,LG,HT,LG,KIA,잠실,이영재,100,2,-1,20080524HTLG0
직구,한기주,페타지니,76610,78129,154,파울,,,,1,1,1,9,말,15,13,0,0,좌,우,,,,한기주,이성우,이종범,김종국,이현곤,김선빈,강동우,이용규,김원섭,,,,76610,71184,93607,96616,72606,78603,98420,74163,71207,,,,,,,,,,,,,,,,,,20080524,LG,HT,LG,KIA,잠실,이영재,100,3,-1,20080524HTLG0
직구,한기주,페타지니,76610,78129,155,볼,,,,1,2,1,9,말,15,13,0,0,좌,우,,,,한기주,이성우,이종범,김종국,이현곤,김선빈,강동우,이용규,김원섭,,,,76610,71184,93607,96616,72606,78603,98420,74163,71207,,,,,,,,,,,,,,,,,,20080524,LG,HT,LG,KIA,잠실,이영재,100,4,-1,20080524HTLG0
직구,한기주,페타지니,76610,78129,153,타격,안타,안타,페타지니 : 좌익수 앞 1루타;,2,2,1,9,말,15,13,0,0,좌,우,,,,한기주,이성우,이종범,김종국,이현곤,김선빈,강동우,이용규,김원섭,,,,76610,71184,93607,96616,72606,78603,98420,74163,71207,,,,,,,,,,,,,,,,,,20080524,LG,HT,LG,KIA,잠실,이영재,100,5,-1,20080524HTLG0
,한기주,채종국,76610,98315,,,,,1루주자 페타지니 : 대주자 박용근(으)로 교체;,0,0,1,9,말,15,13,0,0,우,우,페타지니,,,한기주,이성우,이종범,김종국,이현곤,김선빈,강동우,이용규,김원섭,78129.0,,,76610,71184,93607,96616,72606,78603,98420,74163,71207,,,,,,,,,,,,,,,,,,20080524,LG,HT,LG,KIA,잠실,이영재,101,,,20080524HTLG0
직구,한기주,채종국,76610,98315,152,파울,,,,0,0,1,9,말,15,13,0,0,우,우,박용근,,,한기주,이성우,이종범,김종국,이현곤,김선빈,강동우,이용규,김원섭,77104.0,,,76610,71184,93607,96616,72606,78603,98420,74163,71207,,,,,,,,,,,,,,,,,,20080524,LG,HT,LG,KIA,잠실,이영재,101,1,-1,20080524HTLG0
직구,한기주,채종국,76610,98315,151,파울,,,,0,1,1,9,말,15,13,0,0,우,우,박용근,,,한기주,이성우,이종범,김종국,이현곤,김선빈,강동우,이용규,김원섭,77104.0,,,76610,71184,93607,96616,72606,78603,98420,74163,71207,,,,,,,,,,,,,,,,,,20080524,LG,HT,LG,KIA,잠실,이영재,101,2,-1,20080524HTLG0
직구,한기주,채종국,76610,98315,152,파울,,,,0,2,1,9,말,15,13,0,0,우,우,박용근,,,한기주,이성우,이종범,김종국,이현곤,김선빈,강동우,이용규,김원섭,77104.0,,,76610,71184,93607,96616,72606,78603,98420,74163,71207,,,,,,,,,,,,,,,,,,20080524,LG,HT,LG,KIA,잠실,이영재,101,3,-1,20080524HTLG0
직구,한기주,채종국,76610,98315,147,볼,,,,0,2,1,9,말,15,13,0,0,우,우,박용근,,,한기주,이성우,이종범,김종국,이현곤,김선빈,강동우,이용규,김원섭,77104.0,,,76610,71184,93607,96616,72606,78603,98420,74163,71207,,,,,,,,,,,,,,,,,,20080524,LG,HT,LG,KIA,잠실,이영재,101,4,-1,20080524HTLG0
슬라이더,한기주,채종국,76610,98315,135,헛스윙,삼진,삼진,채종국 :  삼진 아웃;,1,2,1,9,말,15,13,0,0,우,우,박용근,,,한기주,이성우,이종범,김종국,이현곤,김선빈,강동우,이용규,김원섭,77104.0,,,76610,71184,93607,96616,72606,78603,98420,74163,71207,,,,,,,,,,,,,,,,,,20080524,LG,HT,LG,KIA,잠실,이영재,101,5,-1,20080524HTLG0
직구,한기주,손인호,76610,98538,153,파울,,,,0,0,2,9,말,15,13,0,0,좌,우,박용근,,,한기주,이성우,이종범,김종국,이현곤,김선빈,강동우,이용규,김원섭,77104.0,,,76610,71184,93607,96616,72606,78603,98420,74163,71207,,,,,,,,,,,,,,,,,,20080524,LG,HT,LG,KIA,잠실,이영재,102,1,-1,20080524HTLG0
슬라이더,한기주,손인호,76610,98538,133,타격,필드 아웃,플라이 아웃,손인호 : 우익수 플라이 아웃;,0,1,2,9,말,15,13,1,0,좌,우,박용근,,,한기주,이성우,이종범,김종국,이현곤,김선빈,강동우,이용규,김원섭,77104.0,,,76610,71184,93607,96616,72606,78603,98420,74163,71207,,,,,,,,,,,,,,,,,,20080524,LG,HT,LG,KIA,잠실,이영재,102,2,-1,20080524HTLG0
