pitch_type,pitcher,batter,pitcher_ID,batter_ID,speed,pitch_result,pa_result,pa_result_detail,description,balls,strikes,outs,inning,inning_topbot,score_away,score_home,outs_on_play,runs_scored,stands,throws,on_1b,on_2b,on_3b,pos_1,pos_2,pos_3,pos_4,pos_5,pos_6,pos_7,pos_8,pos_9,on_1b_id,on_2b_id,on_3b_id,pos_1_id,pos_2_id,pos_3_id,pos_4_id,pos_5_id,pos_6_id,pos_7_id,pos_8_id,pos_9_id,px,pz,pfx_x,pfx_z,pfx_x_raw,pfx_z_raw,x0,z0,sz_top,sz_bot,y0,vx0,vy0,vz0,ax,ay,az,game_date,home,away,home_alias,away_alias,stadium,referee,pa_number,pitch_number,pitchID,gameID
커브,전준호,이용규,94364,74163,119,스트라이크,,,,0,0,0,1,초,0,0,0,0,좌,우,,,,전준호,김동수,이숭용,강정호,정성훈,황재균,전준호,이택근,송지만,,,,94364,90419,94310,76325,99606,76313,91511,73342,96761,,,,,,,,,,,,,,,,,,20080612,WO,HT,키움,KIA,목동,윤상원,1,1,-1,20080612HTWO0
커브,전준호,이용규,94364,74163,113,볼,,,,0,1,0,1,초,0,0,0,0,좌,우,,,,전준호,김동수,이숭용,강정호,정성훈,황재균,전준호,이택근,송지만,,,,94364,90419,94310,76325,99606,76313,91511,73342,96761,,,,,,,,,,,,,,,,,,20080612,WO,HT,키움,KIA,목동,윤상원,1,2,-1,20080612HTWO0
체인지업,전준호,이용규,94364,74163,128,볼,,,,1,1,0,1,초,0,0,0,0,좌,우,,,,전준호,김동수,이숭용,강정호,정성훈,황재균,전준호,이택근,송지만,,,,94364,90419,94310,76325,99606,76313,91511,73342,96761,,,,,,,,,,,,,,,,,,20080612,WO,HT,키움,KIA,목동,윤상원,1,3,-1,20080612HTWO0
직구,전준호,이용규,94364,74163,138,타격,필드 아웃,플라이 아웃,이용규 : 2루수 플라이 아웃;,2,1,0,1,초,0,0,1,0,좌,우,,,,전준호,김동수,이숭용,강정호,정성훈,황재균,전준호,이택근,송지만,,,,94364,90419,94310,76325,99606,76313,91511,73342,96761,,,,,,,,,,,,,,,,,,20080612,WO,HT,키움,KIA,목동,윤상원,1,4,-1,20080612HTWO0
직구,전준호,김원섭,94364,71207,133,스트라이크,,,,0,0,1,1,초,0,0,0,0,양,우,,,,전준호,김동수,이숭용,강정호,정성훈,황재균,전준호,이택근,송지만,,,,94364,90419,94310,76325,99606,76313,91511,73342,96761,,,,,,,,,,,,,,,,,,20080612,WO,HT,키움,KIA,목동,윤상원,2,1,-1,20080612HTWO0
커브,전준호,김원섭,94364,71207,120,타격,안타,안타,김원섭 : 우익수 앞 1루타;,0,1,1,1,초,0,0,0,0,양,우,,,,전준호,김동수,이숭용,강정호,정성훈,황재균,전준호,이택근,송지만,,,,94364,90419,94310,76325,99606,76313,91511,73342,96761,,,,,,,,,,,,,,,,,,20080612,WO,HT,키움,KIA,목동,윤상원,2,2,-1,20080612HTWO0
직구,전준호,장성호,94364,96610,137,볼,,,,0,0,1,1,초,0,0,0,0,좌,우,김원섭,,,전준호,김동수,이숭용,강정호,정성훈,황재균,전준호,이택근,송지만,71207.0,,,94364,90419,94310,76325,99606,76313,91511,73342,96761,,,,,,,,,,,,,,,,,,20080612,WO,HT,키움,KIA,목동,윤상원,3,1,-1,20080612HTWO0
슬라이더,전준호,장성호,94364,96610,127,파울,,,,1,0,1,1,초,0,0,0,0,좌,우,김원섭,,,전준호,김동수,이숭용,강정호,정성훈,황재균,전준호,이택근,송지만,71207.0,,,94364,90419,94310,76325,99606,76313,91511,73342,96761,,,,,,,,,,,,,,,,,,20080612,WO,HT,키움,KIA,목동,윤상원,3,2,-1,20080612HTWO0
체인지업,전준호,장성호,94364,96610,122,타격,필드 아웃,플라이 아웃,장성호 : 우익수 플라이 아웃;,1,1,1,1,초,0,0,1,0,좌,우,김원섭,,,전준호,김동수,이숭용,강정호,정성훈,황재균,전준호,이택근,송지만,71207.0,,,94364,90419,94310,76325,99606,76313,91511,73342,96761,,,,,,,,,,,,,,,,,,20080612,WO,HT,키움,KIA,목동,윤상원,3,3,-1,20080612HTWO0
직구,전준호,이재주,94364,92304,139,파울,,,,0,0,2,1,초,0,0,0,0,우,우,김원섭,,,전준호,김동수,이숭용,강정호,정성훈,황재균,전준호,이택근,송지만,71207.0,,,94364,90419,94310,76325,99606,76313,91511,73342,96761,,,,,,,,,,,,,,,,,,20080612,WO,HT,키움,KIA,목동,윤상원,4,1,-1,20080612HTWO0
직구,전준호,이재주,94364,92304,134,볼,,,,0,1,2,1,초,0,0,0,0,우,우,김원섭,,,전준호,김동수,이숭용,강정호,정성훈,황재균,전준호,이택근,송지만,71207.0,,,94364,90419,94310,76325,99606,76313,91511,73342,96761,,,,,,,,,,,,,,,,,,20080612,WO,HT,키움,KIA,목동,윤상원,4,2,-1,20080612HTWO0
,전준호,이재주,94364,92304,,,,,1루주자 김원섭 :  도루실패 아웃 (포수->2루수 태그아웃);,1,1,2,1,초,0,0,1,0,우,우,김원섭,,,전준호,김동수,이숭용,강정호,정성훈,황재균,전준호,이택근,송지만,71207.0,,,94364,90419,94310,76325,99606,76313,91511,73342,96761,,,,,,,,,,,,,,,,,,20080612,WO,HT,키움,KIA,목동,윤상원,4,,,20080612HTWO0
직구,윤석민,이택근,75620,73342,143,타격,2루타,2루타,이택근 : 좌중간 2루타;,0,0,0,1,말,0,0,0,0,우,우,,,,윤석민,이성우,장성호,김형철,최용규,김종국,최경환,이용규,김원섭,,,,75620,71184,96610,73827,78666,96616,70117,74163,71207,,,,,,,,,,,,,,,,,,20080612,WO,HT,키움,KIA,목동,윤상원,5,1,-1,20080612HTWO0
직구,윤석민,전준호,75620,91511,140,타격,포스 아웃,땅볼 아웃,전준호 : 투수 앞 땅볼로 출루; 2루주자 이택근 :  태그아웃 (투수->3루수 태그아웃);,0,0,0,1,말,0,0,1,0,좌,우,,이택근,,윤석민,이성우,장성호,김형철,최용규,김종국,최경환,이용규,김원섭,,73342.0,,75620,71184,96610,73827,78666,96616,70117,74163,71207,,,,,,,,,,,,,,,,,,20080612,WO,HT,키움,KIA,목동,윤상원,6,1,-1,20080612HTWO0
커브,윤석민,정성훈,75620,99606,113,볼,,,,0,0,1,1,말,0,0,0,0,우,우,전준호,,,윤석민,이성우,장성호,김형철,최용규,김종국,최경환,이용규,김원섭,91511.0,,,75620,71184,96610,73827,78666,96616,70117,74163,71207,,,,,,,,,,,,,,,,,,20080612,WO,HT,키움,KIA,목동,윤상원,7,1,-1,20080612HTWO0
슬라이더,윤석민,정성훈,75620,99606,132,볼,,,,1,0,1,1,말,0,0,0,0,우,우,전준호,,,윤석민,이성우,장성호,김형철,최용규,김종국,최경환,이용규,김원섭,91511.0,,,75620,71184,96610,73827,78666,96616,70117,74163,71207,,,,,,,,,,,,,,,,,,20080612,WO,HT,키움,KIA,목동,윤상원,7,2,-1,20080612HTWO0
,윤석민,정성훈,75620,99606,,,,,1루주자 전준호 :  도루로 2루까지 진루;,2,0,1,1,말,0,0,0,0,우,우,전준호,,,윤석민,이성우,장성호,김형철,최용규,김종국,최경환,이용규,김원섭,91511.0,,,75620,71184,96610,73827,78666,96616,70117,74163,71207,,,,,,,,,,,,,,,,,,20080612,WO,HT,키움,KIA,목동,윤상원,7,,,20080612HTWO0
슬라이더,윤석민,정성훈,75620,99606,132,파울,,,,2,0,1,1,말,0,0,0,0,우,우,,전준호,,윤석민,이성우,장성호,김형철,최용규,김종국,최경환,이용규,김원섭,,91511.0,,75620,71184,96610,73827,78666,96616,70117,74163,71207,,,,,,,,,,,,,,,,,,20080612,WO,HT,키움,KIA,목동,윤상원,7,3,-1,20080612HTWO0
체인지업,윤석민,정성훈,75620,99606,111,타격,안타,안타,정성훈 : 중견수 왼쪽 1루타; 2루주자 전준호 :  홈인;,2,1,1,1,말,0,0,0,1,우,우,,전준호,,윤석민,이성우,장성호,김형철,최용규,김종국,최경환,이용규,김원섭,,91511.0,,75620,71184,96610,73827,78666,96616,70117,74163,71207,,,,,,,,,,,,,,,,,,20080612,WO,HT,키움,KIA,목동,윤상원,7,4,-1,20080612HTWO0
직구,윤석민,송지만,75620,96761,144,볼,,,,0,0,1,1,말,0,1,0,0,우,우,정성훈,,,윤석민,이성우,장성호,김형철,최용규,김종국,최경환,이용규,김원섭,99606.0,,,75620,71184,96610,73827,78666,96616,70117,74163,71207,,,,,,,,,,,,,,,,,,20080612,WO,HT,키움,KIA,목동,윤상원,8,1,-1,20080612HTWO0
커브,윤석민,송지만,75620,96761,116,타격,병살타,병살타,송지만 : 3루수 병살타 아웃 (3루수->2루수->1루수 송구아웃); 1루주자 정성훈 :  포스아웃 (3루수->2루수 2루 터치아웃);,1,0,1,1,말,0,1,2,0,우,우,정성훈,,,윤석민,이성우,장성호,김형철,최용규,김종국,최경환,이용규,김원섭,99606.0,,,75620,71184,96610,73827,78666,96616,70117,74163,71207,,,,,,,,,,,,,,,,,,20080612,WO,HT,키움,KIA,목동,윤상원,8,2,-1,20080612HTWO0
직구,전준호,이재주,94364,92304,139,파울,,,,0,0,0,2,초,0,1,0,0,우,우,,,,전준호,김동수,이숭용,강정호,정성훈,황재균,전준호,이택근,송지만,,,,94364,90419,94310,76325,99606,76313,91511,73342,96761,,,,,,,,,,,,,,,,,,20080612,WO,HT,키움,KIA,목동,윤상원,9,1,-1,20080612HTWO0
직구,전준호,이재주,94364,92304,137,볼,,,,0,1,0,2,초,0,1,0,0,우,우,,,,전준호,김동수,이숭용,강정호,정성훈,황재균,전준호,이택근,송지만,,,,94364,90419,94310,76325,99606,76313,91511,73342,96761,,,,,,,,,,,,,,,,,,20080612,WO,HT,키움,KIA,목동,윤상원,9,2,-1,20080612HTWO0
직구,전준호,이재주,94364,92304,139,파울,,,,1,1,0,2,초,0,1,0,0,우,우,,,,전준호,김동수,이숭용,강정호,정성훈,황재균,전준호,이택근,송지만,,,,94364,90419,94310,76325,99606,76313,91511,73342,96761,,,,,,,,,,,,,,,,,,20080612,WO,HT,키움,KIA,목동,윤상원,9,3,-1,20080612HTWO0
슬라이더,전준호,이재주,94364,92304,127,타격,포스 아웃,땅볼 아웃,이재주 : 유격수 땅볼 아웃 (유격수->1루수 송구아웃);,1,2,0,2,초,0,1,1,0,우,우,,,,전준호,김동수,이숭용,강정호,정성훈,황재균,전준호,이택근,송지만,,,,94364,90419,94310,76325,99606,76313,91511,73342,96761,,,,,,,,,,,,,,,,,,20080612,WO,HT,키움,KIA,목동,윤상원,9,4,-1,20080612HTWO0
커브,전준호,최경환,94364,70117,104,스트라이크,,,,0,0,1,2,초,0,1,0,0,좌,우,,,,전준호,김동수,이숭용,강정호,정성훈,황재균,전준호,이택근,송지만,,,,94364,90419,94310,76325,99606,76313,91511,73342,96761,,,,,,,,,,,,,,,,,,20080612,WO,HT,키움,KIA,목동,윤상원,10,1,-1,20080612HTWO0
슬라이더,전준호,최경환,94364,70117,126,볼,,,,0,1,1,2,초,0,1,0,0,좌,우,,,,전준호,김동수,이숭용,강정호,정성훈,황재균,전준호,이택근,송지만,,,,94364,90419,94310,76325,99606,76313,91511,73342,96761,,,,,,,,,,,,,,,,,,20080612,WO,HT,키움,KIA,목동,윤상원,10,2,-1,20080612HTWO0
커브,전준호,최경환,94364,70117,104,볼,,,,1,1,1,2,초,0,1,0,0,좌,우,,,,전준호,김동수,이숭용,강정호,정성훈,황재균,전준호,이택근,송지만,,,,94364,90419,94310,76325,99606,76313,91511,73342,96761,,,,,,,,,,,,,,,,,,20080612,WO,HT,키움,KIA,목동,윤상원,10,3,-1,20080612HTWO0
직구,전준호,최경환,94364,70117,140,타격,안타,안타,최경환 : 중견수 오른쪽 1루타;,2,1,1,2,초,0,1,0,0,좌,우,,,,전준호,김동수,이숭용,강정호,정성훈,황재균,전준호,이택근,송지만,,,,94364,90419,94310,76325,99606,76313,91511,73342,96761,,,,,,,,,,,,,,,,,,20080612,WO,HT,키움,KIA,목동,윤상원,10,4,-1,20080612HTWO0
슬라이더,전준호,김종국,94364,96616,124,볼,,,,0,0,1,2,초,0,1,0,0,우,우,최경환,,,전준호,김동수,이숭용,강정호,정성훈,황재균,전준호,이택근,송지만,70117.0,,,94364,90419,94310,76325,99606,76313,91511,73342,96761,,,,,,,,,,,,,,,,,,20080612,WO,HT,키움,KIA,목동,윤상원,11,1,-1,20080612HTWO0
직구,전준호,김종국,94364,96616,133,볼,,,,1,0,1,2,초,0,1,0,0,우,우,최경환,,,전준호,김동수,이숭용,강정호,정성훈,황재균,전준호,이택근,송지만,70117.0,,,94364,90419,94310,76325,99606,76313,91511,73342,96761,,,,,,,,,,,,,,,,,,20080612,WO,HT,키움,KIA,목동,윤상원,11,2,-1,20080612HTWO0
직구,전준호,김종국,94364,96616,136,타격,안타,안타,김종국 : 우익수 앞 1루타; 1루주자 최경환 :   3루까지 진루;,2,0,1,2,초,0,1,0,0,우,우,최경환,,,전준호,김동수,이숭용,강정호,정성훈,황재균,전준호,이택근,송지만,70117.0,,,94364,90419,94310,76325,99606,76313,91511,73342,96761,,,,,,,,,,,,,,,,,,20080612,WO,HT,키움,KIA,목동,윤상원,11,3,-1,20080612HTWO0
슬라이더,전준호,최용규,94364,78666,127,볼,,,,0,0,1,2,초,0,1,0,0,우,우,김종국,,최경환,전준호,김동수,이숭용,강정호,정성훈,황재균,전준호,이택근,송지만,96616.0,,70117.0,94364,90419,94310,76325,99606,76313,91511,73342,96761,,,,,,,,,,,,,,,,,,20080612,WO,HT,키움,KIA,목동,윤상원,12,1,-1,20080612HTWO0
커브,전준호,최용규,94364,78666,116,볼,,,,1,0,1,2,초,0,1,0,0,우,우,김종국,,최경환,전준호,김동수,이숭용,강정호,정성훈,황재균,전준호,이택근,송지만,96616.0,,70117.0,94364,90419,94310,76325,99606,76313,91511,73342,96761,,,,,,,,,,,,,,,,,,20080612,WO,HT,키움,KIA,목동,윤상원,12,2,-1,20080612HTWO0
직구,전준호,최용규,94364,78666,137,스트라이크,,,,2,0,1,2,초,0,1,0,0,우,우,김종국,,최경환,전준호,김동수,이숭용,강정호,정성훈,황재균,전준호,이택근,송지만,96616.0,,70117.0,94364,90419,94310,76325,99606,76313,91511,73342,96761,,,,,,,,,,,,,,,,,,20080612,WO,HT,키움,KIA,목동,윤상원,12,3,-1,20080612HTWO0
직구,전준호,최용규,94364,78666,139,헛스윙,,,,2,1,1,2,초,0,1,0,0,우,우,김종국,,최경환,전준호,김동수,이숭용,강정호,정성훈,황재균,전준호,이택근,송지만,96616.0,,70117.0,94364,90419,94310,76325,99606,76313,91511,73342,96761,,,,,,,,,,,,,,,,,,20080612,WO,HT,키움,KIA,목동,윤상원,12,4,-1,20080612HTWO0
슬라이더,전준호,최용규,94364,78666,129,헛스윙,삼진,삼진,최용규 :  삼진 아웃;,2,2,1,2,초,0,1,0,0,우,우,김종국,,최경환,전준호,김동수,이숭용,강정호,정성훈,황재균,전준호,이택근,송지만,96616.0,,70117.0,94364,90419,94310,76325,99606,76313,91511,73342,96761,,,,,,,,,,,,,,,,,,20080612,WO,HT,키움,KIA,목동,윤상원,12,5,-1,20080612HTWO0
직구,전준호,이성우,94364,71184,136,타격,필드 아웃,플라이 아웃,이성우 : 우익수 플라이 아웃;,0,0,2,2,초,0,1,1,0,우,우,김종국,,최경환,전준호,김동수,이숭용,강정호,정성훈,황재균,전준호,이택근,송지만,96616.0,,70117.0,94364,90419,94310,76325,99606,76313,91511,73342,96761,,,,,,,,,,,,,,,,,,20080612,WO,HT,키움,KIA,목동,윤상원,13,1,-1,20080612HTWO0
직구,윤석민,브룸바,75620,73324,145,파울,,,,0,0,0,2,말,0,1,0,0,우,우,,,,윤석민,이성우,장성호,김형철,최용규,김종국,최경환,이용규,김원섭,,,,75620,71184,96610,73827,78666,96616,70117,74163,71207,,,,,,,,,,,,,,,,,,20080612,WO,HT,키움,KIA,목동,윤상원,14,1,-1,20080612HTWO0
슬라이더,윤석민,브룸바,75620,73324,135,파울,,,,0,1,0,2,말,0,1,0,0,우,우,,,,윤석민,이성우,장성호,김형철,최용규,김종국,최경환,이용규,김원섭,,,,75620,71184,96610,73827,78666,96616,70117,74163,71207,,,,,,,,,,,,,,,,,,20080612,WO,HT,키움,KIA,목동,윤상원,14,2,-1,20080612HTWO0
직구,윤석민,브룸바,75620,73324,144,볼,,,,0,2,0,2,말,0,1,0,0,우,우,,,,윤석민,이성우,장성호,김형철,최용규,김종국,최경환,이용규,김원섭,,,,75620,71184,96610,73827,78666,96616,70117,74163,71207,,,,,,,,,,,,,,,,,,20080612,WO,HT,키움,KIA,목동,윤상원,14,3,-1,20080612HTWO0
커브,윤석민,브룸바,75620,73324,119,타격,안타,안타,브룸바 : 중견수 오른쪽 1루타;,1,2,0,2,말,0,1,0,0,우,우,,,,윤석민,이성우,장성호,김형철,최용규,김종국,최경환,이용규,김원섭,,,,75620,71184,96610,73827,78666,96616,70117,74163,71207,,,,,,,,,,,,,,,,,,20080612,WO,HT,키움,KIA,목동,윤상원,14,4,-1,20080612HTWO0
직구,윤석민,이숭용,75620,94310,144,볼,,,,0,0,0,2,말,0,1,0,0,좌,우,브룸바,,,윤석민,이성우,장성호,김형철,최용규,김종국,최경환,이용규,김원섭,73324.0,,,75620,71184,96610,73827,78666,96616,70117,74163,71207,,,,,,,,,,,,,,,,,,20080612,WO,HT,키움,KIA,목동,윤상원,15,1,-1,20080612HTWO0
체인지업,윤석민,이숭용,75620,94310,119,타격,필드 아웃,플라이 아웃,이숭용 : 우익수 플라이 아웃;,1,0,0,2,말,0,1,1,0,좌,우,브룸바,,,윤석민,이성우,장성호,김형철,최용규,김종국,최경환,이용규,김원섭,73324.0,,,75620,71184,96610,73827,78666,96616,70117,74163,71207,,,,,,,,,,,,,,,,,,20080612,WO,HT,키움,KIA,목동,윤상원,15,2,-1,20080612HTWO0
슬라이더,윤석민,강정호,75620,76325,132,스트라이크,,,,0,0,1,2,말,0,1,0,0,우,우,브룸바,,,윤석민,이성우,장성호,김형철,최용규,김종국,최경환,이용규,김원섭,73324.0,,,75620,71184,96610,73827,78666,96616,70117,74163,71207,,,,,,,,,,,,,,,,,,20080612,WO,HT,키움,KIA,목동,윤상원,16,1,-1,20080612HTWO0
슬라이더,윤석민,강정호,75620,76325,133,볼,,,,0,1,1,2,말,0,1,0,0,우,우,브룸바,,,윤석민,이성우,장성호,김형철,최용규,김종국,최경환,이용규,김원섭,73324.0,,,75620,71184,96610,73827,78666,96616,70117,74163,71207,,,,,,,,,,,,,,,,,,20080612,WO,HT,키움,KIA,목동,윤상원,16,2,-1,20080612HTWO0
슬라이더,윤석민,강정호,75620,76325,132,타격,2루타,2루타,강정호 : 좌중간 2루타; 1루주자 브룸바 :   3루까지 진루;,1,1,1,2,말,0,1,0,0,우,우,브룸바,,,윤석민,이성우,장성호,김형철,최용규,김종국,최경환,이용규,김원섭,73324.0,,,75620,71184,96610,73827,78666,96616,70117,74163,71207,,,,,,,,,,,,,,,,,,20080612,WO,HT,키움,KIA,목동,윤상원,16,3,-1,20080612HTWO0
직구,윤석민,김동수,75620,90419,144,볼,,,,0,0,1,2,말,0,1,0,0,우,우,,강정호,브룸바,윤석민,이성우,장성호,김형철,최용규,김종국,최경환,이용규,김원섭,,76325.0,73324.0,75620,71184,96610,73827,78666,96616,70117,74163,71207,,,,,,,,,,,,,,,,,,20080612,WO,HT,키움,KIA,목동,윤상원,17,1,-1,20080612HTWO0
직구,윤석민,김동수,75620,90419,144,파울,,,,1,0,1,2,말,0,1,0,0,우,우,,강정호,브룸바,윤석민,이성우,장성호,김형철,최용규,김종국,최경환,이용규,김원섭,,76325.0,73324.0,75620,71184,96610,73827,78666,96616,70117,74163,71207,,,,,,,,,,,,,,,,,,20080612,WO,HT,키움,KIA,목동,윤상원,17,2,-1,20080612HTWO0
슬라이더,윤석민,김동수,75620,90419,137,스트라이크,,,,1,1,1,2,말,0,1,0,0,우,우,,강정호,브룸바,윤석민,이성우,장성호,김형철,최용규,김종국,최경환,이용규,김원섭,,76325.0,73324.0,75620,71184,96610,73827,78666,96616,70117,74163,71207,,,,,,,,,,,,,,,,,,20080612,WO,HT,키움,KIA,목동,윤상원,17,3,-1,20080612HTWO0
슬라이더,윤석민,김동수,75620,90419,137,헛스윙,삼진,낫아웃 삼진,김동수 : 포수 스트라이크 낫아웃 (포수->1루수 1루 터치아웃);,1,2,1,2,말,0,1,0,0,우,우,,강정호,브룸바,윤석민,이성우,장성호,김형철,최용규,김종국,최경환,이용규,김원섭,,76325.0,73324.0,75620,71184,96610,73827,78666,96616,70117,74163,71207,,,,,,,,,,,,,,,,,,20080612,WO,HT,키움,KIA,목동,윤상원,17,4,-1,20080612HTWO0
직구,윤석민,황재균,75620,76313,144,타격,필드 아웃,플라이 아웃,황재균 : 좌익수 플라이 아웃;,0,0,2,2,말,0,1,1,0,우,우,,강정호,브룸바,윤석민,이성우,장성호,김형철,최용규,김종국,최경환,이용규,김원섭,,76325.0,73324.0,75620,71184,96610,73827,78666,96616,70117,74163,71207,,,,,,,,,,,,,,,,,,20080612,WO,HT,키움,KIA,목동,윤상원,18,1,-1,20080612HTWO0
직구,전준호,김형철,94364,73827,138,스트라이크,,,,0,0,0,3,초,0,1,0,0,좌,우,,,,전준호,김동수,이숭용,강정호,정성훈,황재균,전준호,이택근,송지만,,,,94364,90419,94310,76325,99606,76313,91511,73342,96761,,,,,,,,,,,,,,,,,,20080612,WO,HT,키움,KIA,목동,윤상원,19,1,-1,20080612HTWO0
슬라이더,전준호,김형철,94364,73827,128,헛스윙,,,,0,1,0,3,초,0,1,0,0,좌,우,,,,전준호,김동수,이숭용,강정호,정성훈,황재균,전준호,이택근,송지만,,,,94364,90419,94310,76325,99606,76313,91511,73342,96761,,,,,,,,,,,,,,,,,,20080612,WO,HT,키움,KIA,목동,윤상원,19,2,-1,20080612HTWO0
슬라이더,전준호,김형철,94364,73827,127,볼,,,,0,2,0,3,초,0,1,0,0,좌,우,,,,전준호,김동수,이숭용,강정호,정성훈,황재균,전준호,이택근,송지만,,,,94364,90419,94310,76325,99606,76313,91511,73342,96761,,,,,,,,,,,,,,,,,,20080612,WO,HT,키움,KIA,목동,윤상원,19,3,-1,20080612HTWO0
슬라이더,전준호,김형철,94364,73827,127,볼,,,,1,2,0,3,초,0,1,0,0,좌,우,,,,전준호,김동수,이숭용,강정호,정성훈,황재균,전준호,이택근,송지만,,,,94364,90419,94310,76325,99606,76313,91511,73342,96761,,,,,,,,,,,,,,,,,,20080612,WO,HT,키움,KIA,목동,윤상원,19,4,-1,20080612HTWO0
슬라이더,전준호,김형철,94364,73827,129,타격,포스 아웃,땅볼 아웃,김형철 : 1루수 땅볼 아웃 (1루수->투수 1루 터치아웃);,2,2,0,3,초,0,1,1,0,좌,우,,,,전준호,김동수,이숭용,강정호,정성훈,황재균,전준호,이택근,송지만,,,,94364,90419,94310,76325,99606,76313,91511,73342,96761,,,,,,,,,,,,,,,,,,20080612,WO,HT,키움,KIA,목동,윤상원,19,5,-1,20080612HTWO0
커브,전준호,이용규,94364,74163,113,볼,,,,0,0,1,3,초,0,1,0,0,좌,우,,,,전준호,김동수,이숭용,강정호,정성훈,황재균,전준호,이택근,송지만,,,,94364,90419,94310,76325,99606,76313,91511,73342,96761,,,,,,,,,,,,,,,,,,20080612,WO,HT,키움,KIA,목동,윤상원,20,1,-1,20080612HTWO0
직구,전준호,이용규,94364,74163,139,볼,,,,1,0,1,3,초,0,1,0,0,좌,우,,,,전준호,김동수,이숭용,강정호,정성훈,황재균,전준호,이택근,송지만,,,,94364,90419,94310,76325,99606,76313,91511,73342,96761,,,,,,,,,,,,,,,,,,20080612,WO,HT,키움,KIA,목동,윤상원,20,2,-1,20080612HTWO0
직구,전준호,이용규,94364,74163,140,스트라이크,,,,2,0,1,3,초,0,1,0,0,좌,우,,,,전준호,김동수,이숭용,강정호,정성훈,황재균,전준호,이택근,송지만,,,,94364,90419,94310,76325,99606,76313,91511,73342,96761,,,,,,,,,,,,,,,,,,20080612,WO,HT,키움,KIA,목동,윤상원,20,3,-1,20080612HTWO0
직구,전준호,이용규,94364,74163,139,볼,,,,2,1,1,3,초,0,1,0,0,좌,우,,,,전준호,김동수,이숭용,강정호,정성훈,황재균,전준호,이택근,송지만,,,,94364,90419,94310,76325,99606,76313,91511,73342,96761,,,,,,,,,,,,,,,,,,20080612,WO,HT,키움,KIA,목동,윤상원,20,4,-1,20080612HTWO0
직구,전준호,이용규,94364,74163,140,파울,,,,3,1,1,3,초,0,1,0,0,좌,우,,,,전준호,김동수,이숭용,강정호,정성훈,황재균,전준호,이택근,송지만,,,,94364,90419,94310,76325,99606,76313,91511,73342,96761,,,,,,,,,,,,,,,,,,20080612,WO,HT,키움,KIA,목동,윤상원,20,5,-1,20080612HTWO0
직구,전준호,이용규,94364,74163,138,파울,,,,3,2,1,3,초,0,1,0,0,좌,우,,,,전준호,김동수,이숭용,강정호,정성훈,황재균,전준호,이택근,송지만,,,,94364,90419,94310,76325,99606,76313,91511,73342,96761,,,,,,,,,,,,,,,,,,20080612,WO,HT,키움,KIA,목동,윤상원,20,6,-1,20080612HTWO0
슬라이더,전준호,이용규,94364,74163,129,볼,볼넷,볼넷,이용규 :  볼넷;,3,2,1,3,초,0,1,0,0,좌,우,,,,전준호,김동수,이숭용,강정호,정성훈,황재균,전준호,이택근,송지만,,,,94364,90419,94310,76325,99606,76313,91511,73342,96761,,,,,,,,,,,,,,,,,,20080612,WO,HT,키움,KIA,목동,윤상원,20,7,-1,20080612HTWO0
슬라이더,전준호,김원섭,94364,71207,126,볼,,,,0,0,1,3,초,0,1,0,0,양,우,이용규,,,전준호,김동수,이숭용,강정호,정성훈,황재균,전준호,이택근,송지만,74163.0,,,94364,90419,94310,76325,99606,76313,91511,73342,96761,,,,,,,,,,,,,,,,,,20080612,WO,HT,키움,KIA,목동,윤상원,21,1,-1,20080612HTWO0
직구,전준호,김원섭,94364,71207,138,타격,필드 아웃,플라이 아웃,김원섭 : 중견수 플라이 아웃;,1,0,1,3,초,0,1,1,0,양,우,이용규,,,전준호,김동수,이숭용,강정호,정성훈,황재균,전준호,이택근,송지만,74163.0,,,94364,90419,94310,76325,99606,76313,91511,73342,96761,,,,,,,,,,,,,,,,,,20080612,WO,HT,키움,KIA,목동,윤상원,21,2,-1,20080612HTWO0
직구,전준호,장성호,94364,96610,137,스트라이크,,,,0,0,2,3,초,0,1,0,0,좌,우,이용규,,,전준호,김동수,이숭용,강정호,정성훈,황재균,전준호,이택근,송지만,74163.0,,,94364,90419,94310,76325,99606,76313,91511,73342,96761,,,,,,,,,,,,,,,,,,20080612,WO,HT,키움,KIA,목동,윤상원,22,1,-1,20080612HTWO0
직구,전준호,장성호,94364,96610,139,스트라이크,,,,0,1,2,3,초,0,1,0,0,좌,우,이용규,,,전준호,김동수,이숭용,강정호,정성훈,황재균,전준호,이택근,송지만,74163.0,,,94364,90419,94310,76325,99606,76313,91511,73342,96761,,,,,,,,,,,,,,,,,,20080612,WO,HT,키움,KIA,목동,윤상원,22,2,-1,20080612HTWO0
직구,전준호,장성호,94364,96610,138,볼,,,,0,2,2,3,초,0,1,0,0,좌,우,이용규,,,전준호,김동수,이숭용,강정호,정성훈,황재균,전준호,이택근,송지만,74163.0,,,94364,90419,94310,76325,99606,76313,91511,73342,96761,,,,,,,,,,,,,,,,,,20080612,WO,HT,키움,KIA,목동,윤상원,22,3,-1,20080612HTWO0
,전준호,장성호,94364,96610,,,,,1루주자 이용규 :  도루로 2루까지 진루;,1,2,2,3,초,0,1,0,0,좌,우,이용규,,,전준호,김동수,이숭용,강정호,정성훈,황재균,전준호,이택근,송지만,74163.0,,,94364,90419,94310,76325,99606,76313,91511,73342,96761,,,,,,,,,,,,,,,,,,20080612,WO,HT,키움,KIA,목동,윤상원,22,,,20080612HTWO0
슬라이더,전준호,장성호,94364,96610,128,볼,,,,1,2,2,3,초,0,1,0,0,좌,우,,이용규,,전준호,김동수,이숭용,강정호,정성훈,황재균,전준호,이택근,송지만,,74163.0,,94364,90419,94310,76325,99606,76313,91511,73342,96761,,,,,,,,,,,,,,,,,,20080612,WO,HT,키움,KIA,목동,윤상원,22,4,-1,20080612HTWO0
슬라이더,전준호,장성호,94364,96610,128,볼,,,,2,2,2,3,초,0,1,0,0,좌,우,,이용규,,전준호,김동수,이숭용,강정호,정성훈,황재균,전준호,이택근,송지만,,74163.0,,94364,90419,94310,76325,99606,76313,91511,73342,96761,,,,,,,,,,,,,,,,,,20080612,WO,HT,키움,KIA,목동,윤상원,22,5,-1,20080612HTWO0
커브,전준호,장성호,94364,96610,102,파울,,,,3,2,2,3,초,0,1,0,0,좌,우,,이용규,,전준호,김동수,이숭용,강정호,정성훈,황재균,전준호,이택근,송지만,,74163.0,,94364,90419,94310,76325,99606,76313,91511,73342,96761,,,,,,,,,,,,,,,,,,20080612,WO,HT,키움,KIA,목동,윤상원,22,6,-1,20080612HTWO0
슬라이더,전준호,장성호,94364,96610,127,파울,,,,3,2,2,3,초,0,1,0,0,좌,우,,이용규,,전준호,김동수,이숭용,강정호,정성훈,황재균,전준호,이택근,송지만,,74163.0,,94364,90419,94310,76325,99606,76313,91511,73342,96761,,,,,,,,,,,,,,,,,,20080612,WO,HT,키움,KIA,목동,윤상원,22,7,-1,20080612HTWO0
슬라이더,전준호,장성호,94364,96610,128,파울,,,,3,2,2,3,초,0,1,0,0,좌,우,,이용규,,전준호,김동수,이숭용,강정호,정성훈,황재균,전준호,이택근,송지만,,74163.0,,94364,90419,94310,76325,99606,76313,91511,73342,96761,,,,,,,,,,,,,,,,,,20080612,WO,HT,키움,KIA,목동,윤상원,22,8,-1,20080612HTWO0
직구,전준호,장성호,94364,96610,138,볼,몸에 맞는 볼,몸에 맞는 볼,장성호 : 몸에 맞은 볼;,3,2,2,3,초,0,1,0,0,좌,우,,이용규,,전준호,김동수,이숭용,강정호,정성훈,황재균,전준호,이택근,송지만,,74163.0,,94364,90419,94310,76325,99606,76313,91511,73342,96761,,,,,,,,,,,,,,,,,,20080612,WO,HT,키움,KIA,목동,윤상원,22,9,-1,20080612HTWO0
슬라이더,전준호,이재주,94364,92304,128,파울,,,,0,0,2,3,초,0,1,0,0,우,우,장성호,이용규,,전준호,김동수,이숭용,강정호,정성훈,황재균,전준호,이택근,송지만,96610.0,74163.0,,94364,90419,94310,76325,99606,76313,91511,73342,96761,,,,,,,,,,,,,,,,,,20080612,WO,HT,키움,KIA,목동,윤상원,23,1,-1,20080612HTWO0
직구,전준호,이재주,94364,92304,137,타격,필드 아웃,플라이 아웃,이재주 : 우익수 플라이 아웃;,0,1,2,3,초,0,1,1,0,우,우,장성호,이용규,,전준호,김동수,이숭용,강정호,정성훈,황재균,전준호,이택근,송지만,96610.0,74163.0,,94364,90419,94310,76325,99606,76313,91511,73342,96761,,,,,,,,,,,,,,,,,,20080612,WO,HT,키움,KIA,목동,윤상원,23,2,-1,20080612HTWO0
체인지업,윤석민,이택근,75620,73342,111,볼,,,,0,0,0,3,말,0,1,0,0,우,우,,,,윤석민,이성우,장성호,김형철,최용규,김종국,최경환,이용규,김원섭,,,,75620,71184,96610,73827,78666,96616,70117,74163,71207,,,,,,,,,,,,,,,,,,20080612,WO,HT,키움,KIA,목동,윤상원,24,1,-1,20080612HTWO0
직구,윤석민,이택근,75620,73342,137,스트라이크,,,,1,0,0,3,말,0,1,0,0,우,우,,,,윤석민,이성우,장성호,김형철,최용규,김종국,최경환,이용규,김원섭,,,,75620,71184,96610,73827,78666,96616,70117,74163,71207,,,,,,,,,,,,,,,,,,20080612,WO,HT,키움,KIA,목동,윤상원,24,2,-1,20080612HTWO0
직구,윤석민,이택근,75620,73342,147,스트라이크,,,,1,1,0,3,말,0,1,0,0,우,우,,,,윤석민,이성우,장성호,김형철,최용규,김종국,최경환,이용규,김원섭,,,,75620,71184,96610,73827,78666,96616,70117,74163,71207,,,,,,,,,,,,,,,,,,20080612,WO,HT,키움,KIA,목동,윤상원,24,3,-1,20080612HTWO0
슬라이더,윤석민,이택근,75620,73342,136,파울,,,,1,2,0,3,말,0,1,0,0,우,우,,,,윤석민,이성우,장성호,김형철,최용규,김종국,최경환,이용규,김원섭,,,,75620,71184,96610,73827,78666,96616,70117,74163,71207,,,,,,,,,,,,,,,,,,20080612,WO,HT,키움,KIA,목동,윤상원,24,4,-1,20080612HTWO0
직구,윤석민,이택근,75620,73342,145,타격,필드 아웃,플라이 아웃,이택근 : 중견수 플라이 아웃;,1,2,0,3,말,0,1,1,0,우,우,,,,윤석민,이성우,장성호,김형철,최용규,김종국,최경환,이용규,김원섭,,,,75620,71184,96610,73827,78666,96616,70117,74163,71207,,,,,,,,,,,,,,,,,,20080612,WO,HT,키움,KIA,목동,윤상원,24,5,-1,20080612HTWO0
커브,윤석민,전준호,75620,91511,118,볼,,,,0,0,1,3,말,0,1,0,0,좌,우,,,,윤석민,이성우,장성호,김형철,최용규,김종국,최경환,이용규,김원섭,,,,75620,71184,96610,73827,78666,96616,70117,74163,71207,,,,,,,,,,,,,,,,,,20080612,WO,HT,키움,KIA,목동,윤상원,25,1,-1,20080612HTWO0
직구,윤석민,전준호,75620,91511,147,볼,,,,1,0,1,3,말,0,1,0,0,좌,우,,,,윤석민,이성우,장성호,김형철,최용규,김종국,최경환,이용규,김원섭,,,,75620,71184,96610,73827,78666,96616,70117,74163,71207,,,,,,,,,,,,,,,,,,20080612,WO,HT,키움,KIA,목동,윤상원,25,2,-1,20080612HTWO0
직구,윤석민,전준호,75620,91511,144,타격,필드 아웃,플라이 아웃,전준호 : 좌익수 플라이 아웃;,2,0,1,3,말,0,1,1,0,좌,우,,,,윤석민,이성우,장성호,김형철,최용규,김종국,최경환,이용규,김원섭,,,,75620,71184,96610,73827,78666,96616,70117,74163,71207,,,,,,,,,,,,,,,,,,20080612,WO,HT,키움,KIA,목동,윤상원,25,3,-1,20080612HTWO0
직구,윤석민,정성훈,75620,99606,146,타격,포스 아웃,땅볼 아웃,정성훈 : 유격수 땅볼 아웃 (유격수->1루수 송구아웃);,0,0,2,3,말,0,1,1,0,우,우,,,,윤석민,이성우,장성호,김형철,최용규,김종국,최경환,이용규,김원섭,,,,75620,71184,96610,73827,78666,96616,70117,74163,71207,,,,,,,,,,,,,,,,,,20080612,WO,HT,키움,KIA,목동,윤상원,26,1,-1,20080612HTWO0
직구,전준호,최경환,94364,70117,138,볼,,,,0,0,0,4,초,0,1,0,0,좌,우,,,,전준호,김동수,이숭용,강정호,정성훈,황재균,전준호,이택근,송지만,,,,94364,90419,94310,76325,99606,76313,91511,73342,96761,,,,,,,,,,,,,,,,,,20080612,WO,HT,키움,KIA,목동,윤상원,27,1,-1,20080612HTWO0
직구,전준호,최경환,94364,70117,137,볼,,,,1,0,0,4,초,0,1,0,0,좌,우,,,,전준호,김동수,이숭용,강정호,정성훈,황재균,전준호,이택근,송지만,,,,94364,90419,94310,76325,99606,76313,91511,73342,96761,,,,,,,,,,,,,,,,,,20080612,WO,HT,키움,KIA,목동,윤상원,27,2,-1,20080612HTWO0
직구,전준호,최경환,94364,70117,138,파울,,,,2,0,0,4,초,0,1,0,0,좌,우,,,,전준호,김동수,이숭용,강정호,정성훈,황재균,전준호,이택근,송지만,,,,94364,90419,94310,76325,99606,76313,91511,73342,96761,,,,,,,,,,,,,,,,,,20080612,WO,HT,키움,KIA,목동,윤상원,27,3,-1,20080612HTWO0
직구,전준호,최경환,94364,70117,139,파울,,,,2,1,0,4,초,0,1,0,0,좌,우,,,,전준호,김동수,이숭용,강정호,정성훈,황재균,전준호,이택근,송지만,,,,94364,90419,94310,76325,99606,76313,91511,73342,96761,,,,,,,,,,,,,,,,,,20080612,WO,HT,키움,KIA,목동,윤상원,27,4,-1,20080612HTWO0
직구,전준호,최경환,94364,70117,139,볼,,,,2,2,0,4,초,0,1,0,0,좌,우,,,,전준호,김동수,이숭용,강정호,정성훈,황재균,전준호,이택근,송지만,,,,94364,90419,94310,76325,99606,76313,91511,73342,96761,,,,,,,,,,,,,,,,,,20080612,WO,HT,키움,KIA,목동,윤상원,27,5,-1,20080612HTWO0
직구,전준호,최경환,94364,70117,136,타격,필드 아웃,플라이 아웃,최경환 : 우익수 플라이 아웃;,3,2,0,4,초,0,1,1,0,좌,우,,,,전준호,김동수,이숭용,강정호,정성훈,황재균,전준호,이택근,송지만,,,,94364,90419,94310,76325,99606,76313,91511,73342,96761,,,,,,,,,,,,,,,,,,20080612,WO,HT,키움,KIA,목동,윤상원,27,6,-1,20080612HTWO0
슬라이더,전준호,김종국,94364,96616,124,스트라이크,,,,0,0,1,4,초,0,1,0,0,우,우,,,,전준호,김동수,이숭용,강정호,정성훈,황재균,전준호,이택근,송지만,,,,94364,90419,94310,76325,99606,76313,91511,73342,96761,,,,,,,,,,,,,,,,,,20080612,WO,HT,키움,KIA,목동,윤상원,28,1,-1,20080612HTWO0
체인지업,전준호,김종국,94364,96616,125,파울,,,,0,1,1,4,초,0,1,0,0,우,우,,,,전준호,김동수,이숭용,강정호,정성훈,황재균,전준호,이택근,송지만,,,,94364,90419,94310,76325,99606,76313,91511,73342,96761,,,,,,,,,,,,,,,,,,20080612,WO,HT,키움,KIA,목동,윤상원,28,2,-1,20080612HTWO0
직구,전준호,김종국,94364,96616,138,볼,,,,0,2,1,4,초,0,1,0,0,우,우,,,,전준호,김동수,이숭용,강정호,정성훈,황재균,전준호,이택근,송지만,,,,94364,90419,94310,76325,99606,76313,91511,73342,96761,,,,,,,,,,,,,,,,,,20080612,WO,HT,키움,KIA,목동,윤상원,28,3,-1,20080612HTWO0
슬라이더,전준호,김종국,94364,96616,128,타격,필드 아웃,플라이 아웃,김종국 : 좌익수 플라이 아웃;,1,2,1,4,초,0,1,1,0,우,우,,,,전준호,김동수,이숭용,강정호,정성훈,황재균,전준호,이택근,송지만,,,,94364,90419,94310,76325,99606,76313,91511,73342,96761,,,,,,,,,,,,,,,,,,20080612,WO,HT,키움,KIA,목동,윤상원,28,4,-1,20080612HTWO0
직구,전준호,최용규,94364,78666,136,헛스윙,,,,0,0,2,4,초,0,1,0,0,우,우,,,,전준호,김동수,이숭용,강정호,정성훈,황재균,전준호,이택근,송지만,,,,94364,90419,94310,76325,99606,76313,91511,73342,96761,,,,,,,,,,,,,,,,,,20080612,WO,HT,키움,KIA,목동,윤상원,29,1,-1,20080612HTWO0
직구,전준호,최용규,94364,78666,137,볼,,,,0,1,2,4,초,0,1,0,0,우,우,,,,전준호,김동수,이숭용,강정호,정성훈,황재균,전준호,이택근,송지만,,,,94364,90419,94310,76325,99606,76313,91511,73342,96761,,,,,,,,,,,,,,,,,,20080612,WO,HT,키움,KIA,목동,윤상원,29,2,-1,20080612HTWO0
체인지업,전준호,최용규,94364,78666,126,파울,,,,1,1,2,4,초,0,1,0,0,우,우,,,,전준호,김동수,이숭용,강정호,정성훈,황재균,전준호,이택근,송지만,,,,94364,90419,94310,76325,99606,76313,91511,73342,96761,,,,,,,,,,,,,,,,,,20080612,WO,HT,키움,KIA,목동,윤상원,29,3,-1,20080612HTWO0
직구,전준호,최용규,94364,78666,137,볼,,,,1,2,2,4,초,0,1,0,0,우,우,,,,전준호,김동수,이숭용,강정호,정성훈,황재균,전준호,이택근,송지만,,,,94364,90419,94310,76325,99606,76313,91511,73342,96761,,,,,,,,,,,,,,,,,,20080612,WO,HT,키움,KIA,목동,윤상원,29,4,-1,20080612HTWO0
체인지업,전준호,최용규,94364,78666,125,파울,,,,2,2,2,4,초,0,1,0,0,우,우,,,,전준호,김동수,이숭용,강정호,정성훈,황재균,전준호,이택근,송지만,,,,94364,90419,94310,76325,99606,76313,91511,73342,96761,,,,,,,,,,,,,,,,,,20080612,WO,HT,키움,KIA,목동,윤상원,29,5,-1,20080612HTWO0
슬라이더,전준호,최용규,94364,78666,128,볼,,,,2,2,2,4,초,0,1,0,0,우,우,,,,전준호,김동수,이숭용,강정호,정성훈,황재균,전준호,이택근,송지만,,,,94364,90419,94310,76325,99606,76313,91511,73342,96761,,,,,,,,,,,,,,,,,,20080612,WO,HT,키움,KIA,목동,윤상원,29,6,-1,20080612HTWO0
체인지업,전준호,최용규,94364,78666,124,볼,볼넷,볼넷,최용규 :  볼넷;,3,2,2,4,초,0,1,0,0,우,우,,,,전준호,김동수,이숭용,강정호,정성훈,황재균,전준호,이택근,송지만,,,,94364,90419,94310,76325,99606,76313,91511,73342,96761,,,,,,,,,,,,,,,,,,20080612,WO,HT,키움,KIA,목동,윤상원,29,7,-1,20080612HTWO0
직구,전준호,이성우,94364,71184,135,볼,,,,0,0,2,4,초,0,1,0,0,우,우,최용규,,,전준호,김동수,이숭용,강정호,정성훈,황재균,전준호,이택근,송지만,78666.0,,,94364,90419,94310,76325,99606,76313,91511,73342,96761,,,,,,,,,,,,,,,,,,20080612,WO,HT,키움,KIA,목동,윤상원,30,1,-1,20080612HTWO0
직구,전준호,이성우,94364,71184,139,파울,,,,1,0,2,4,초,0,1,0,0,우,우,최용규,,,전준호,김동수,이숭용,강정호,정성훈,황재균,전준호,이택근,송지만,78666.0,,,94364,90419,94310,76325,99606,76313,91511,73342,96761,,,,,,,,,,,,,,,,,,20080612,WO,HT,키움,KIA,목동,윤상원,30,2,-1,20080612HTWO0
직구,전준호,이성우,94364,71184,135,볼,,,,1,1,2,4,초,0,1,0,0,우,우,최용규,,,전준호,김동수,이숭용,강정호,정성훈,황재균,전준호,이택근,송지만,78666.0,,,94364,90419,94310,76325,99606,76313,91511,73342,96761,,,,,,,,,,,,,,,,,,20080612,WO,HT,키움,KIA,목동,윤상원,30,3,-1,20080612HTWO0
,전준호,이성우,94364,71184,,,,,1루주자 최용규 :  도루로 2루까지 진루;,2,1,2,4,초,0,1,0,0,우,우,최용규,,,전준호,김동수,이숭용,강정호,정성훈,황재균,전준호,이택근,송지만,78666.0,,,94364,90419,94310,76325,99606,76313,91511,73342,96761,,,,,,,,,,,,,,,,,,20080612,WO,HT,키움,KIA,목동,윤상원,30,,,20080612HTWO0
직구,전준호,이성우,94364,71184,135,볼,,,,2,1,2,4,초,0,1,0,0,우,우,,최용규,,전준호,김동수,이숭용,강정호,정성훈,황재균,전준호,이택근,송지만,,78666.0,,94364,90419,94310,76325,99606,76313,91511,73342,96761,,,,,,,,,,,,,,,,,,20080612,WO,HT,키움,KIA,목동,윤상원,30,4,-1,20080612HTWO0
슬라이더,전준호,이성우,94364,71184,125,파울,,,,3,1,2,4,초,0,1,0,0,우,우,,최용규,,전준호,김동수,이숭용,강정호,정성훈,황재균,전준호,이택근,송지만,,78666.0,,94364,90419,94310,76325,99606,76313,91511,73342,96761,,,,,,,,,,,,,,,,,,20080612,WO,HT,키움,KIA,목동,윤상원,30,5,-1,20080612HTWO0
너클볼,전준호,이성우,94364,71184,126,헛스윙,삼진,삼진,이성우 :  삼진 아웃;,3,2,2,4,초,0,1,0,0,우,우,,최용규,,전준호,김동수,이숭용,강정호,정성훈,황재균,전준호,이택근,송지만,,78666.0,,94364,90419,94310,76325,99606,76313,91511,73342,96761,,,,,,,,,,,,,,,,,,20080612,WO,HT,키움,KIA,목동,윤상원,30,6,-1,20080612HTWO0
직구,윤석민,송지만,75620,96761,144,파울,,,,0,0,0,4,말,0,1,0,0,우,우,,,,윤석민,이성우,장성호,김형철,최용규,김종국,최경환,이용규,김원섭,,,,75620,71184,96610,73827,78666,96616,70117,74163,71207,,,,,,,,,,,,,,,,,,20080612,WO,HT,키움,KIA,목동,윤상원,31,1,-1,20080612HTWO0
직구,윤석민,송지만,75620,96761,144,파울,,,,0,1,0,4,말,0,1,0,0,우,우,,,,윤석민,이성우,장성호,김형철,최용규,김종국,최경환,이용규,김원섭,,,,75620,71184,96610,73827,78666,96616,70117,74163,71207,,,,,,,,,,,,,,,,,,20080612,WO,HT,키움,KIA,목동,윤상원,31,2,-1,20080612HTWO0
직구,윤석민,송지만,75620,96761,146,파울,,,,0,2,0,4,말,0,1,0,0,우,우,,,,윤석민,이성우,장성호,김형철,최용규,김종국,최경환,이용규,김원섭,,,,75620,71184,96610,73827,78666,96616,70117,74163,71207,,,,,,,,,,,,,,,,,,20080612,WO,HT,키움,KIA,목동,윤상원,31,3,-1,20080612HTWO0
직구,윤석민,송지만,75620,96761,147,파울,,,,0,2,0,4,말,0,1,0,0,우,우,,,,윤석민,이성우,장성호,김형철,최용규,김종국,최경환,이용규,김원섭,,,,75620,71184,96610,73827,78666,96616,70117,74163,71207,,,,,,,,,,,,,,,,,,20080612,WO,HT,키움,KIA,목동,윤상원,31,4,-1,20080612HTWO0
직구,윤석민,송지만,75620,96761,145,헛스윙,삼진,삼진,송지만 :  삼진 아웃;,0,2,0,4,말,0,1,0,0,우,우,,,,윤석민,이성우,장성호,김형철,최용규,김종국,최경환,이용규,김원섭,,,,75620,71184,96610,73827,78666,96616,70117,74163,71207,,,,,,,,,,,,,,,,,,20080612,WO,HT,키움,KIA,목동,윤상원,31,5,-1,20080612HTWO0
직구,윤석민,브룸바,75620,73324,145,헛스윙,,,,0,0,1,4,말,0,1,0,0,우,우,,,,윤석민,이성우,장성호,김형철,최용규,김종국,최경환,이용규,김원섭,,,,75620,71184,96610,73827,78666,96616,70117,74163,71207,,,,,,,,,,,,,,,,,,20080612,WO,HT,키움,KIA,목동,윤상원,32,1,-1,20080612HTWO0
직구,윤석민,브룸바,75620,73324,145,볼,,,,0,1,1,4,말,0,1,0,0,우,우,,,,윤석민,이성우,장성호,김형철,최용규,김종국,최경환,이용규,김원섭,,,,75620,71184,96610,73827,78666,96616,70117,74163,71207,,,,,,,,,,,,,,,,,,20080612,WO,HT,키움,KIA,목동,윤상원,32,2,-1,20080612HTWO0
슬라이더,윤석민,브룸바,75620,73324,136,헛스윙,,,,1,1,1,4,말,0,1,0,0,우,우,,,,윤석민,이성우,장성호,김형철,최용규,김종국,최경환,이용규,김원섭,,,,75620,71184,96610,73827,78666,96616,70117,74163,71207,,,,,,,,,,,,,,,,,,20080612,WO,HT,키움,KIA,목동,윤상원,32,3,-1,20080612HTWO0
슬라이더,윤석민,브룸바,75620,73324,139,파울,,,,1,2,1,4,말,0,1,0,0,우,우,,,,윤석민,이성우,장성호,김형철,최용규,김종국,최경환,이용규,김원섭,,,,75620,71184,96610,73827,78666,96616,70117,74163,71207,,,,,,,,,,,,,,,,,,20080612,WO,HT,키움,KIA,목동,윤상원,32,4,-1,20080612HTWO0
슬라이더,윤석민,브룸바,75620,73324,134,볼,,,,1,2,1,4,말,0,1,0,0,우,우,,,,윤석민,이성우,장성호,김형철,최용규,김종국,최경환,이용규,김원섭,,,,75620,71184,96610,73827,78666,96616,70117,74163,71207,,,,,,,,,,,,,,,,,,20080612,WO,HT,키움,KIA,목동,윤상원,32,5,-1,20080612HTWO0
직구,윤석민,브룸바,75620,73324,146,볼,,,,2,2,1,4,말,0,1,0,0,우,우,,,,윤석민,이성우,장성호,김형철,최용규,김종국,최경환,이용규,김원섭,,,,75620,71184,96610,73827,78666,96616,70117,74163,71207,,,,,,,,,,,,,,,,,,20080612,WO,HT,키움,KIA,목동,윤상원,32,6,-1,20080612HTWO0
슬라이더,윤석민,브룸바,75620,73324,135,헛스윙,삼진,삼진,브룸바 :  삼진 아웃;,3,2,1,4,말,0,1,0,0,우,우,,,,윤석민,이성우,장성호,김형철,최용규,김종국,최경환,이용규,김원섭,,,,75620,71184,96610,73827,78666,96616,70117,74163,71207,,,,,,,,,,,,,,,,,,20080612,WO,HT,키움,KIA,목동,윤상원,32,7,-1,20080612HTWO0
커브,윤석민,이숭용,75620,94310,116,볼,,,,0,0,2,4,말,0,1,0,0,좌,우,,,,윤석민,이성우,장성호,김형철,최용규,김종국,최경환,이용규,김원섭,,,,75620,71184,96610,73827,78666,96616,70117,74163,71207,,,,,,,,,,,,,,,,,,20080612,WO,HT,키움,KIA,목동,윤상원,33,1,-1,20080612HTWO0
직구,윤석민,이숭용,75620,94310,147,볼,,,,1,0,2,4,말,0,1,0,0,좌,우,,,,윤석민,이성우,장성호,김형철,최용규,김종국,최경환,이용규,김원섭,,,,75620,71184,96610,73827,78666,96616,70117,74163,71207,,,,,,,,,,,,,,,,,,20080612,WO,HT,키움,KIA,목동,윤상원,33,2,-1,20080612HTWO0
슬라이더,윤석민,이숭용,75620,94310,132,볼,,,,2,0,2,4,말,0,1,0,0,좌,우,,,,윤석민,이성우,장성호,김형철,최용규,김종국,최경환,이용규,김원섭,,,,75620,71184,96610,73827,78666,96616,70117,74163,71207,,,,,,,,,,,,,,,,,,20080612,WO,HT,키움,KIA,목동,윤상원,33,3,-1,20080612HTWO0
직구,윤석민,이숭용,75620,94310,144,스트라이크,,,,3,0,2,4,말,0,1,0,0,좌,우,,,,윤석민,이성우,장성호,김형철,최용규,김종국,최경환,이용규,김원섭,,,,75620,71184,96610,73827,78666,96616,70117,74163,71207,,,,,,,,,,,,,,,,,,20080612,WO,HT,키움,KIA,목동,윤상원,33,4,-1,20080612HTWO0
직구,윤석민,이숭용,75620,94310,144,스트라이크,,,,3,1,2,4,말,0,1,0,0,좌,우,,,,윤석민,이성우,장성호,김형철,최용규,김종국,최경환,이용규,김원섭,,,,75620,71184,96610,73827,78666,96616,70117,74163,71207,,,,,,,,,,,,,,,,,,20080612,WO,HT,키움,KIA,목동,윤상원,33,5,-1,20080612HTWO0
슬라이더,윤석민,이숭용,75620,94310,136,타격,포스 아웃,땅볼 아웃,이숭용 : 유격수 땅볼 아웃 (유격수->1루수 송구아웃);,3,2,2,4,말,0,1,1,0,좌,우,,,,윤석민,이성우,장성호,김형철,최용규,김종국,최경환,이용규,김원섭,,,,75620,71184,96610,73827,78666,96616,70117,74163,71207,,,,,,,,,,,,,,,,,,20080612,WO,HT,키움,KIA,목동,윤상원,33,6,-1,20080612HTWO0
슬라이더,전준호,김형철,94364,73827,126,스트라이크,,,,0,0,0,5,초,0,1,0,0,좌,우,,,,전준호,김동수,이숭용,강정호,정성훈,황재균,전준호,이택근,송지만,,,,94364,90419,94310,76325,99606,76313,91511,73342,96761,,,,,,,,,,,,,,,,,,20080612,WO,HT,키움,KIA,목동,윤상원,34,1,-1,20080612HTWO0
너클볼,전준호,김형철,94364,73827,123,볼,,,,0,1,0,5,초,0,1,0,0,좌,우,,,,전준호,김동수,이숭용,강정호,정성훈,황재균,전준호,이택근,송지만,,,,94364,90419,94310,76325,99606,76313,91511,73342,96761,,,,,,,,,,,,,,,,,,20080612,WO,HT,키움,KIA,목동,윤상원,34,2,-1,20080612HTWO0
직구,전준호,김형철,94364,73827,137,볼,,,,1,1,0,5,초,0,1,0,0,좌,우,,,,전준호,김동수,이숭용,강정호,정성훈,황재균,전준호,이택근,송지만,,,,94364,90419,94310,76325,99606,76313,91511,73342,96761,,,,,,,,,,,,,,,,,,20080612,WO,HT,키움,KIA,목동,윤상원,34,3,-1,20080612HTWO0
직구,전준호,김형철,94364,73827,136,스트라이크,,,,2,1,0,5,초,0,1,0,0,좌,우,,,,전준호,김동수,이숭용,강정호,정성훈,황재균,전준호,이택근,송지만,,,,94364,90419,94310,76325,99606,76313,91511,73342,96761,,,,,,,,,,,,,,,,,,20080612,WO,HT,키움,KIA,목동,윤상원,34,4,-1,20080612HTWO0
너클볼,전준호,김형철,94364,73827,122,헛스윙,낫아웃 출루,낫아웃 폭투,김형철 :  스트라이크 낫아웃 폭투;,2,2,0,5,초,0,1,0,0,좌,우,,,,전준호,김동수,이숭용,강정호,정성훈,황재균,전준호,이택근,송지만,,,,94364,90419,94310,76325,99606,76313,91511,73342,96761,,,,,,,,,,,,,,,,,,20080612,WO,HT,키움,KIA,목동,윤상원,34,5,-1,20080612HTWO0
직구,전준호,이용규,94364,74163,137,볼,,,,0,0,0,5,초,0,1,0,0,좌,우,김형철,,,전준호,김동수,이숭용,강정호,정성훈,황재균,전준호,이택근,송지만,73827.0,,,94364,90419,94310,76325,99606,76313,91511,73342,96761,,,,,,,,,,,,,,,,,,20080612,WO,HT,키움,KIA,목동,윤상원,35,1,-1,20080612HTWO0
직구,전준호,이용규,94364,74163,133,볼,,,,1,0,0,5,초,0,1,0,0,좌,우,김형철,,,전준호,김동수,이숭용,강정호,정성훈,황재균,전준호,이택근,송지만,73827.0,,,94364,90419,94310,76325,99606,76313,91511,73342,96761,,,,,,,,,,,,,,,,,,20080612,WO,HT,키움,KIA,목동,윤상원,35,2,-1,20080612HTWO0
,전준호,이용규,94364,74163,,,,,포수 김동수 : 포수 강귀태 (으)로 교체;,2,0,0,5,초,0,1,0,0,좌,우,김형철,,,전준호,김동수,이숭용,강정호,정성훈,황재균,전준호,이택근,송지만,73827.0,,,94364,90419,94310,76325,99606,76313,91511,73342,96761,,,,,,,,,,,,,,,,,,20080612,WO,HT,키움,KIA,목동,윤상원,35,,,20080612HTWO0
직구,전준호,이용규,94364,74163,133,타격,2루타,2루타,이용규 : 좌익수 왼쪽 2루타; 2루주자 이용규 :  태그아웃 (좌익수->유격수->3루수 태그아웃); 1루주자 김형철 :  홈인;,2,0,0,5,초,0,1,1,1,좌,우,김형철,,,전준호,강귀태,이숭용,강정호,정성훈,황재균,전준호,이택근,송지만,73827.0,,,94364,72312,94310,76325,99606,76313,91511,73342,96761,,,,,,,,,,,,,,,,,,20080612,WO,HT,키움,KIA,목동,윤상원,35,3,-1,20080612HTWO0
,전준호,김원섭,94364,71207,,,,,투수 전준호 : 투수 이현승 (으)로 교체;,0,0,1,5,초,1,1,0,0,양,우,,,,전준호,강귀태,이숭용,강정호,정성훈,황재균,전준호,이택근,송지만,,,,94364,72312,94310,76325,99606,76313,91511,73342,96761,,,,,,,,,,,,,,,,,,20080612,WO,HT,키움,KIA,목동,윤상원,36,,,20080612HTWO0
직구,이현승,김원섭,76329,71207,143,볼,,,,0,0,1,5,초,1,1,0,0,양,좌,,,,이현승,강귀태,이숭용,강정호,정성훈,황재균,전준호,이택근,송지만,,,,76329,72312,94310,76325,99606,76313,91511,73342,96761,,,,,,,,,,,,,,,,,,20080612,WO,HT,키움,KIA,목동,윤상원,36,1,-1,20080612HTWO0
직구,이현승,김원섭,76329,71207,141,볼,,,,1,0,1,5,초,1,1,0,0,양,좌,,,,이현승,강귀태,이숭용,강정호,정성훈,황재균,전준호,이택근,송지만,,,,76329,72312,94310,76325,99606,76313,91511,73342,96761,,,,,,,,,,,,,,,,,,20080612,WO,HT,키움,KIA,목동,윤상원,36,2,-1,20080612HTWO0
직구,이현승,김원섭,76329,71207,139,스트라이크,,,,2,0,1,5,초,1,1,0,0,양,좌,,,,이현승,강귀태,이숭용,강정호,정성훈,황재균,전준호,이택근,송지만,,,,76329,72312,94310,76325,99606,76313,91511,73342,96761,,,,,,,,,,,,,,,,,,20080612,WO,HT,키움,KIA,목동,윤상원,36,3,-1,20080612HTWO0
직구,이현승,김원섭,76329,71207,139,타격,3루타,3루타,김원섭 : 중견수 오른쪽 3루타;,2,1,1,5,초,1,1,0,0,양,좌,,,,이현승,강귀태,이숭용,강정호,정성훈,황재균,전준호,이택근,송지만,,,,76329,72312,94310,76325,99606,76313,91511,73342,96761,,,,,,,,,,,,,,,,,,20080612,WO,HT,키움,KIA,목동,윤상원,36,4,-1,20080612HTWO0
직구,이현승,장성호,76329,96610,139,스트라이크,,,,0,0,1,5,초,1,1,0,0,좌,좌,,,김원섭,이현승,강귀태,이숭용,강정호,정성훈,황재균,전준호,이택근,송지만,,,71207.0,76329,72312,94310,76325,99606,76313,91511,73342,96761,,,,,,,,,,,,,,,,,,20080612,WO,HT,키움,KIA,목동,윤상원,37,1,-1,20080612HTWO0
직구,이현승,장성호,76329,96610,139,파울,,,,0,1,1,5,초,1,1,0,0,좌,좌,,,김원섭,이현승,강귀태,이숭용,강정호,정성훈,황재균,전준호,이택근,송지만,,,71207.0,76329,72312,94310,76325,99606,76313,91511,73342,96761,,,,,,,,,,,,,,,,,,20080612,WO,HT,키움,KIA,목동,윤상원,37,2,-1,20080612HTWO0
슬라이더,이현승,장성호,76329,96610,136,볼,,,,0,2,1,5,초,1,1,0,0,좌,좌,,,김원섭,이현승,강귀태,이숭용,강정호,정성훈,황재균,전준호,이택근,송지만,,,71207.0,76329,72312,94310,76325,99606,76313,91511,73342,96761,,,,,,,,,,,,,,,,,,20080612,WO,HT,키움,KIA,목동,윤상원,37,3,-1,20080612HTWO0
슬라이더,이현승,장성호,76329,96610,136,타격,포스 아웃,땅볼 아웃,장성호 : 3루수 앞 땅볼로 출루; 3루주자 김원섭 :  태그아웃 (3루수->포수 태그아웃);,1,2,1,5,초,1,1,1,0,좌,좌,,,김원섭,이현승,강귀태,이숭용,강정호,정성훈,황재균,전준호,이택근,송지만,,,71207.0,76329,72312,94310,76325,99606,76313,91511,73342,96761,,,,,,,,,,,,,,,,,,20080612,WO,HT,키움,KIA,목동,윤상원,37,4,-1,20080612HTWO0
슬라이더,이현승,이재주,76329,92304,134,스트라이크,,,,0,0,2,5,초,1,1,0,0,우,좌,장성호,,,이현승,강귀태,이숭용,강정호,정성훈,황재균,전준호,이택근,송지만,96610.0,,,76329,72312,94310,76325,99606,76313,91511,73342,96761,,,,,,,,,,,,,,,,,,20080612,WO,HT,키움,KIA,목동,윤상원,38,1,-1,20080612HTWO0
직구,이현승,이재주,76329,92304,140,파울,,,,0,1,2,5,초,1,1,0,0,우,좌,장성호,,,이현승,강귀태,이숭용,강정호,정성훈,황재균,전준호,이택근,송지만,96610.0,,,76329,72312,94310,76325,99606,76313,91511,73342,96761,,,,,,,,,,,,,,,,,,20080612,WO,HT,키움,KIA,목동,윤상원,38,2,-1,20080612HTWO0
슬라이더,이현승,이재주,76329,92304,133,파울,,,,0,2,2,5,초,1,1,0,0,우,좌,장성호,,,이현승,강귀태,이숭용,강정호,정성훈,황재균,전준호,이택근,송지만,96610.0,,,76329,72312,94310,76325,99606,76313,91511,73342,96761,,,,,,,,,,,,,,,,,,20080612,WO,HT,키움,KIA,목동,윤상원,38,3,-1,20080612HTWO0
직구,이현승,이재주,76329,92304,146,볼,,,,0,2,2,5,초,1,1,0,0,우,좌,장성호,,,이현승,강귀태,이숭용,강정호,정성훈,황재균,전준호,이택근,송지만,96610.0,,,76329,72312,94310,76325,99606,76313,91511,73342,96761,,,,,,,,,,,,,,,,,,20080612,WO,HT,키움,KIA,목동,윤상원,38,4,-1,20080612HTWO0
,이현승,이재주,76329,92304,,,,,1루주자 장성호 :  도루로 2루까지 진루;,1,2,2,5,초,1,1,0,0,우,좌,장성호,,,이현승,강귀태,이숭용,강정호,정성훈,황재균,전준호,이택근,송지만,96610.0,,,76329,72312,94310,76325,99606,76313,91511,73342,96761,,,,,,,,,,,,,,,,,,20080612,WO,HT,키움,KIA,목동,윤상원,38,,,20080612HTWO0
직구,이현승,이재주,76329,92304,139,파울,,,,1,2,2,5,초,1,1,0,0,우,좌,,장성호,,이현승,강귀태,이숭용,강정호,정성훈,황재균,전준호,이택근,송지만,,96610.0,,76329,72312,94310,76325,99606,76313,91511,73342,96761,,,,,,,,,,,,,,,,,,20080612,WO,HT,키움,KIA,목동,윤상원,38,5,-1,20080612HTWO0
슬라이더,이현승,이재주,76329,92304,138,헛스윙,삼진,삼진,이재주 :  삼진 아웃;,1,2,2,5,초,1,1,0,0,우,좌,,장성호,,이현승,강귀태,이숭용,강정호,정성훈,황재균,전준호,이택근,송지만,,96610.0,,76329,72312,94310,76325,99606,76313,91511,73342,96761,,,,,,,,,,,,,,,,,,20080612,WO,HT,키움,KIA,목동,윤상원,38,6,-1,20080612HTWO0
직구,윤석민,강정호,75620,76325,145,스트라이크,,,,0,0,0,5,말,1,1,0,0,우,우,,,,윤석민,이성우,장성호,김형철,최용규,김종국,최경환,이용규,김원섭,,,,75620,71184,96610,73827,78666,96616,70117,74163,71207,,,,,,,,,,,,,,,,,,20080612,WO,HT,키움,KIA,목동,윤상원,39,1,-1,20080612HTWO0
슬라이더,윤석민,강정호,75620,76325,135,볼,,,,0,1,0,5,말,1,1,0,0,우,우,,,,윤석민,이성우,장성호,김형철,최용규,김종국,최경환,이용규,김원섭,,,,75620,71184,96610,73827,78666,96616,70117,74163,71207,,,,,,,,,,,,,,,,,,20080612,WO,HT,키움,KIA,목동,윤상원,39,2,-1,20080612HTWO0
체인지업,윤석민,강정호,75620,76325,116,타격,필드 아웃,플라이 아웃,강정호 : 유격수 플라이 아웃;,1,1,0,5,말,1,1,1,0,우,우,,,,윤석민,이성우,장성호,김형철,최용규,김종국,최경환,이용규,김원섭,,,,75620,71184,96610,73827,78666,96616,70117,74163,71207,,,,,,,,,,,,,,,,,,20080612,WO,HT,키움,KIA,목동,윤상원,39,3,-1,20080612HTWO0
직구,윤석민,강귀태,75620,72312,143,스트라이크,,,,0,0,1,5,말,1,1,0,0,우,우,,,,윤석민,이성우,장성호,김형철,최용규,김종국,최경환,이용규,김원섭,,,,75620,71184,96610,73827,78666,96616,70117,74163,71207,,,,,,,,,,,,,,,,,,20080612,WO,HT,키움,KIA,목동,윤상원,40,1,-1,20080612HTWO0
슬라이더,윤석민,강귀태,75620,72312,138,타격,필드 아웃,라인드라이브 아웃,강귀태 : 3루수 라인드라이브 아웃;,0,1,1,5,말,1,1,1,0,우,우,,,,윤석민,이성우,장성호,김형철,최용규,김종국,최경환,이용규,김원섭,,,,75620,71184,96610,73827,78666,96616,70117,74163,71207,,,,,,,,,,,,,,,,,,20080612,WO,HT,키움,KIA,목동,윤상원,40,2,-1,20080612HTWO0
직구,윤석민,황재균,75620,76313,144,파울,,,,0,0,2,5,말,1,1,0,0,우,우,,,,윤석민,이성우,장성호,김형철,최용규,김종국,최경환,이용규,김원섭,,,,75620,71184,96610,73827,78666,96616,70117,74163,71207,,,,,,,,,,,,,,,,,,20080612,WO,HT,키움,KIA,목동,윤상원,41,1,-1,20080612HTWO0
체인지업,윤석민,황재균,75620,76313,121,타격,포스 아웃,땅볼 아웃,황재균 : 투수 땅볼 아웃 (투수->1루수 송구아웃);,0,1,2,5,말,1,1,1,0,우,우,,,,윤석민,이성우,장성호,김형철,최용규,김종국,최경환,이용규,김원섭,,,,75620,71184,96610,73827,78666,96616,70117,74163,71207,,,,,,,,,,,,,,,,,,20080612,WO,HT,키움,KIA,목동,윤상원,41,2,-1,20080612HTWO0
직구,이현승,최경환,76329,70117,140,타격,포스 아웃,땅볼 아웃,최경환 : 2루수 땅볼 아웃 (2루수->1루수 송구아웃);,0,0,0,6,초,1,1,1,0,좌,좌,,,,이현승,강귀태,이숭용,강정호,정성훈,황재균,전준호,이택근,송지만,,,,76329,72312,94310,76325,99606,76313,91511,73342,96761,,,,,,,,,,,,,,,,,,20080612,WO,HT,키움,KIA,목동,윤상원,42,1,-1,20080612HTWO0
,이현승,김종국,76329,96616,,,,,투수 이현승 : 투수 박준수 (으)로 교체;,0,0,1,6,초,1,1,0,0,우,좌,,,,이현승,강귀태,이숭용,강정호,정성훈,황재균,전준호,이택근,송지만,,,,76329,72312,94310,76325,99606,76313,91511,73342,96761,,,,,,,,,,,,,,,,,,20080612,WO,HT,키움,KIA,목동,윤상원,43,,,20080612HTWO0
직구,박준수,김종국,70349,96616,133,볼,,,,0,0,1,6,초,1,1,0,0,우,우,,,,박준수,강귀태,이숭용,강정호,정성훈,황재균,전준호,이택근,송지만,,,,70349,72312,94310,76325,99606,76313,91511,73342,96761,,,,,,,,,,,,,,,,,,20080612,WO,HT,키움,KIA,목동,윤상원,43,1,-1,20080612HTWO0
슬라이더,박준수,김종국,70349,96616,124,볼,,,,1,0,1,6,초,1,1,0,0,우,우,,,,박준수,강귀태,이숭용,강정호,정성훈,황재균,전준호,이택근,송지만,,,,70349,72312,94310,76325,99606,76313,91511,73342,96761,,,,,,,,,,,,,,,,,,20080612,WO,HT,키움,KIA,목동,윤상원,43,2,-1,20080612HTWO0
슬라이더,박준수,김종국,70349,96616,125,스트라이크,,,,2,0,1,6,초,1,1,0,0,우,우,,,,박준수,강귀태,이숭용,강정호,정성훈,황재균,전준호,이택근,송지만,,,,70349,72312,94310,76325,99606,76313,91511,73342,96761,,,,,,,,,,,,,,,,,,20080612,WO,HT,키움,KIA,목동,윤상원,43,3,-1,20080612HTWO0
슬라이더,박준수,김종국,70349,96616,125,타격,필드 아웃,파울 플라이 아웃,김종국 : 포수 파울플라이 아웃 (번트파울);,2,1,1,6,초,1,1,1,0,우,우,,,,박준수,강귀태,이숭용,강정호,정성훈,황재균,전준호,이택근,송지만,,,,70349,72312,94310,76325,99606,76313,91511,73342,96761,,,,,,,,,,,,,,,,,,20080612,WO,HT,키움,KIA,목동,윤상원,43,4,-1,20080612HTWO0
직구,박준수,최용규,70349,78666,135,볼,,,,0,0,2,6,초,1,1,0,0,우,우,,,,박준수,강귀태,이숭용,강정호,정성훈,황재균,전준호,이택근,송지만,,,,70349,72312,94310,76325,99606,76313,91511,73342,96761,,,,,,,,,,,,,,,,,,20080612,WO,HT,키움,KIA,목동,윤상원,44,1,-1,20080612HTWO0
슬라이더,박준수,최용규,70349,78666,126,스트라이크,,,,1,0,2,6,초,1,1,0,0,우,우,,,,박준수,강귀태,이숭용,강정호,정성훈,황재균,전준호,이택근,송지만,,,,70349,72312,94310,76325,99606,76313,91511,73342,96761,,,,,,,,,,,,,,,,,,20080612,WO,HT,키움,KIA,목동,윤상원,44,2,-1,20080612HTWO0
슬라이더,박준수,최용규,70349,78666,128,볼,,,,1,1,2,6,초,1,1,0,0,우,우,,,,박준수,강귀태,이숭용,강정호,정성훈,황재균,전준호,이택근,송지만,,,,70349,72312,94310,76325,99606,76313,91511,73342,96761,,,,,,,,,,,,,,,,,,20080612,WO,HT,키움,KIA,목동,윤상원,44,3,-1,20080612HTWO0
슬라이더,박준수,최용규,70349,78666,128,파울,,,,2,1,2,6,초,1,1,0,0,우,우,,,,박준수,강귀태,이숭용,강정호,정성훈,황재균,전준호,이택근,송지만,,,,70349,72312,94310,76325,99606,76313,91511,73342,96761,,,,,,,,,,,,,,,,,,20080612,WO,HT,키움,KIA,목동,윤상원,44,4,-1,20080612HTWO0
직구,박준수,최용규,70349,78666,136,헛스윙,삼진,삼진,최용규 :  삼진 아웃;,2,2,2,6,초,1,1,0,0,우,우,,,,박준수,강귀태,이숭용,강정호,정성훈,황재균,전준호,이택근,송지만,,,,70349,72312,94310,76325,99606,76313,91511,73342,96761,,,,,,,,,,,,,,,,,,20080612,WO,HT,키움,KIA,목동,윤상원,44,5,-1,20080612HTWO0
체인지업,윤석민,이택근,75620,73342,114,스트라이크,,,,0,0,0,6,말,1,1,0,0,우,우,,,,윤석민,이성우,장성호,김형철,최용규,김종국,최경환,이용규,김원섭,,,,75620,71184,96610,73827,78666,96616,70117,74163,71207,,,,,,,,,,,,,,,,,,20080612,WO,HT,키움,KIA,목동,윤상원,45,1,-1,20080612HTWO0
직구,윤석민,이택근,75620,73342,145,볼,,,,0,1,0,6,말,1,1,0,0,우,우,,,,윤석민,이성우,장성호,김형철,최용규,김종국,최경환,이용규,김원섭,,,,75620,71184,96610,73827,78666,96616,70117,74163,71207,,,,,,,,,,,,,,,,,,20080612,WO,HT,키움,KIA,목동,윤상원,45,2,-1,20080612HTWO0
커브,윤석민,이택근,75620,73342,118,볼,,,,1,1,0,6,말,1,1,0,0,우,우,,,,윤석민,이성우,장성호,김형철,최용규,김종국,최경환,이용규,김원섭,,,,75620,71184,96610,73827,78666,96616,70117,74163,71207,,,,,,,,,,,,,,,,,,20080612,WO,HT,키움,KIA,목동,윤상원,45,3,-1,20080612HTWO0
직구,윤석민,이택근,75620,73342,145,타격,필드 아웃,플라이 아웃,이택근 : 중견수 플라이 아웃;,2,1,0,6,말,1,1,1,0,우,우,,,,윤석민,이성우,장성호,김형철,최용규,김종국,최경환,이용규,김원섭,,,,75620,71184,96610,73827,78666,96616,70117,74163,71207,,,,,,,,,,,,,,,,,,20080612,WO,HT,키움,KIA,목동,윤상원,45,4,-1,20080612HTWO0
직구,윤석민,전준호,75620,91511,143,파울,,,,0,0,1,6,말,1,1,0,0,좌,우,,,,윤석민,이성우,장성호,김형철,최용규,김종국,최경환,이용규,김원섭,,,,75620,71184,96610,73827,78666,96616,70117,74163,71207,,,,,,,,,,,,,,,,,,20080612,WO,HT,키움,KIA,목동,윤상원,46,1,-1,20080612HTWO0
커브,윤석민,전준호,75620,91511,123,볼,,,,0,1,1,6,말,1,1,0,0,좌,우,,,,윤석민,이성우,장성호,김형철,최용규,김종국,최경환,이용규,김원섭,,,,75620,71184,96610,73827,78666,96616,70117,74163,71207,,,,,,,,,,,,,,,,,,20080612,WO,HT,키움,KIA,목동,윤상원,46,2,-1,20080612HTWO0
직구,윤석민,전준호,75620,91511,144,스트라이크,,,,1,1,1,6,말,1,1,0,0,좌,우,,,,윤석민,이성우,장성호,김형철,최용규,김종국,최경환,이용규,김원섭,,,,75620,71184,96610,73827,78666,96616,70117,74163,71207,,,,,,,,,,,,,,,,,,20080612,WO,HT,키움,KIA,목동,윤상원,46,3,-1,20080612HTWO0
직구,윤석민,전준호,75620,91511,149,타격,안타,안타,전준호 : 중견수 오른쪽 1루타;,1,2,1,6,말,1,1,0,0,좌,우,,,,윤석민,이성우,장성호,김형철,최용규,김종국,최경환,이용규,김원섭,,,,75620,71184,96610,73827,78666,96616,70117,74163,71207,,,,,,,,,,,,,,,,,,20080612,WO,HT,키움,KIA,목동,윤상원,46,4,-1,20080612HTWO0
직구,윤석민,정성훈,75620,99606,145,볼,,,,0,0,1,6,말,1,1,0,0,우,우,전준호,,,윤석민,이성우,장성호,김형철,최용규,김종국,최경환,이용규,김원섭,91511.0,,,75620,71184,96610,73827,78666,96616,70117,74163,71207,,,,,,,,,,,,,,,,,,20080612,WO,HT,키움,KIA,목동,윤상원,47,1,-1,20080612HTWO0
슬라이더,윤석민,정성훈,75620,99606,137,볼,,,,1,0,1,6,말,1,1,0,0,우,우,전준호,,,윤석민,이성우,장성호,김형철,최용규,김종국,최경환,이용규,김원섭,91511.0,,,75620,71184,96610,73827,78666,96616,70117,74163,71207,,,,,,,,,,,,,,,,,,20080612,WO,HT,키움,KIA,목동,윤상원,47,2,-1,20080612HTWO0
슬라이더,윤석민,정성훈,75620,99606,132,볼,,,,2,0,1,6,말,1,1,0,0,우,우,전준호,,,윤석민,이성우,장성호,김형철,최용규,김종국,최경환,이용규,김원섭,91511.0,,,75620,71184,96610,73827,78666,96616,70117,74163,71207,,,,,,,,,,,,,,,,,,20080612,WO,HT,키움,KIA,목동,윤상원,47,3,-1,20080612HTWO0
슬라이더,윤석민,정성훈,75620,99606,137,볼,볼넷,볼넷,정성훈 :  볼넷; 1루주자 전준호 :   2루까지 진루;,3,0,1,6,말,1,1,0,0,우,우,전준호,,,윤석민,이성우,장성호,김형철,최용규,김종국,최경환,이용규,김원섭,91511.0,,,75620,71184,96610,73827,78666,96616,70117,74163,71207,,,,,,,,,,,,,,,,,,20080612,WO,HT,키움,KIA,목동,윤상원,47,4,-1,20080612HTWO0
직구,윤석민,송지만,75620,96761,145,타격,병살타,병살타,송지만 : 2루수 병살타 아웃 (2루수->2루수->1루수 송구아웃); 1루주자 정성훈 :  태그아웃;,0,0,1,6,말,1,1,2,0,우,우,정성훈,전준호,,윤석민,이성우,장성호,김형철,최용규,김종국,최경환,이용규,김원섭,99606.0,91511.0,,75620,71184,96610,73827,78666,96616,70117,74163,71207,,,,,,,,,,,,,,,,,,20080612,WO,HT,키움,KIA,목동,윤상원,48,1,-1,20080612HTWO0
,박준수,이성우,70349,71184,,,,,8번타자 이성우 : 대타 이종범(으)로 교체;,0,0,0,7,초,1,1,0,0,우,우,,,,박준수,강귀태,이숭용,강정호,정성훈,황재균,전준호,이택근,송지만,,,,70349,72312,94310,76325,99606,76313,91511,73342,96761,,,,,,,,,,,,,,,,,,20080612,WO,HT,키움,KIA,목동,윤상원,49,,,20080612HTWO0
슬라이더,박준수,이종범,70349,93607,123,스트라이크,,,,0,0,0,7,초,1,1,0,0,우,우,,,,박준수,강귀태,이숭용,강정호,정성훈,황재균,전준호,이택근,송지만,,,,70349,72312,94310,76325,99606,76313,91511,73342,96761,,,,,,,,,,,,,,,,,,20080612,WO,HT,키움,KIA,목동,윤상원,49,1,-1,20080612HTWO0
슬라이더,박준수,이종범,70349,93607,124,볼,,,,0,1,0,7,초,1,1,0,0,우,우,,,,박준수,강귀태,이숭용,강정호,정성훈,황재균,전준호,이택근,송지만,,,,70349,72312,94310,76325,99606,76313,91511,73342,96761,,,,,,,,,,,,,,,,,,20080612,WO,HT,키움,KIA,목동,윤상원,49,2,-1,20080612HTWO0
직구,박준수,이종범,70349,93607,135,파울,,,,1,1,0,7,초,1,1,0,0,우,우,,,,박준수,강귀태,이숭용,강정호,정성훈,황재균,전준호,이택근,송지만,,,,70349,72312,94310,76325,99606,76313,91511,73342,96761,,,,,,,,,,,,,,,,,,20080612,WO,HT,키움,KIA,목동,윤상원,49,3,-1,20080612HTWO0
슬라이더,박준수,이종범,70349,93607,128,타격,필드 아웃,플라이 아웃,이종범 : 우익수 플라이 아웃;,1,2,0,7,초,1,1,1,0,우,우,,,,박준수,강귀태,이숭용,강정호,정성훈,황재균,전준호,이택근,송지만,,,,70349,72312,94310,76325,99606,76313,91511,73342,96761,,,,,,,,,,,,,,,,,,20080612,WO,HT,키움,KIA,목동,윤상원,49,4,-1,20080612HTWO0
,박준수,김형철,70349,73827,,,,,투수 박준수 : 투수 노환수 (으)로 교체; 9번타자 김형철 : 대타 채종범(으)로 교체;,0,0,1,7,초,1,1,0,0,좌,우,,,,박준수,강귀태,이숭용,강정호,정성훈,황재균,전준호,이택근,송지만,,,,70349,72312,94310,76325,99606,76313,91511,73342,96761,,,,,,,,,,,,,,,,,,20080612,WO,HT,키움,KIA,목동,윤상원,50,,,20080612HTWO0
슬라이더,노환수,채종범,73343,70833,128,스트라이크,,,,0,0,1,7,초,1,1,0,0,우,좌,,,,노환수,강귀태,이숭용,강정호,정성훈,황재균,전준호,이택근,송지만,,,,73343,72312,94310,76325,99606,76313,91511,73342,96761,,,,,,,,,,,,,,,,,,20080612,WO,HT,키움,KIA,목동,윤상원,50,1,-1,20080612HTWO0
슬라이더,노환수,채종범,73343,70833,129,타격,필드 아웃,플라이 아웃,채종범 : 중견수 플라이 아웃;,0,1,1,7,초,1,1,1,0,우,좌,,,,노환수,강귀태,이숭용,강정호,정성훈,황재균,전준호,이택근,송지만,,,,73343,72312,94310,76325,99606,76313,91511,73342,96761,,,,,,,,,,,,,,,,,,20080612,WO,HT,키움,KIA,목동,윤상원,50,2,-1,20080612HTWO0
슬라이더,노환수,이용규,73343,74163,128,볼,,,,0,0,2,7,초,1,1,0,0,좌,좌,,,,노환수,강귀태,이숭용,강정호,정성훈,황재균,전준호,이택근,송지만,,,,73343,72312,94310,76325,99606,76313,91511,73342,96761,,,,,,,,,,,,,,,,,,20080612,WO,HT,키움,KIA,목동,윤상원,51,1,-1,20080612HTWO0
직구,노환수,이용규,73343,74163,142,타격,2루타,2루타,이용규 : 좌익수 왼쪽 2루타;,1,0,2,7,초,1,1,0,0,좌,좌,,,,노환수,강귀태,이숭용,강정호,정성훈,황재균,전준호,이택근,송지만,,,,73343,72312,94310,76325,99606,76313,91511,73342,96761,,,,,,,,,,,,,,,,,,20080612,WO,HT,키움,KIA,목동,윤상원,51,2,-1,20080612HTWO0
커브,노환수,김원섭,73343,71207,122,볼,,,,0,0,2,7,초,1,1,0,0,양,좌,,이용규,,노환수,강귀태,이숭용,강정호,정성훈,황재균,전준호,이택근,송지만,,74163.0,,73343,72312,94310,76325,99606,76313,91511,73342,96761,,,,,,,,,,,,,,,,,,20080612,WO,HT,키움,KIA,목동,윤상원,52,1,-1,20080612HTWO0
직구,노환수,김원섭,73343,71207,138,볼,,,,1,0,2,7,초,1,1,0,0,양,좌,,이용규,,노환수,강귀태,이숭용,강정호,정성훈,황재균,전준호,이택근,송지만,,74163.0,,73343,72312,94310,76325,99606,76313,91511,73342,96761,,,,,,,,,,,,,,,,,,20080612,WO,HT,키움,KIA,목동,윤상원,52,2,-1,20080612HTWO0
,노환수,김원섭,73343,71207,,,,,2루주자 이용규 :  견제사아웃 (포수->유격수 태그아웃);,2,0,2,7,초,1,1,1,0,양,좌,,이용규,,노환수,강귀태,이숭용,강정호,정성훈,황재균,전준호,이택근,송지만,,74163.0,,73343,72312,94310,76325,99606,76313,91511,73342,96761,,,,,,,,,,,,,,,,,,20080612,WO,HT,키움,KIA,목동,윤상원,52,,,20080612HTWO0
,윤석민,브룸바,75620,73324,,,,,우익수 김원섭 : 좌익수(으)로 수비위치 변경; 좌익수 최경환 : 포수 차일목 (으)로 교체; 유격수 김종국 : 2루수(으)로 수비위치 변경; 대타 이종범 : 유격수 김선빈 (으)로 교체; 대타 채종범 : 우익수(으)로 수비위치 변경;,0,0,0,7,말,1,1,0,0,우,우,,,,윤석민,이성우,장성호,김형철,최용규,김종국,최경환,이용규,김원섭,,,,75620,71184,96610,73827,78666,96616,70117,74163,71207,,,,,,,,,,,,,,,,,,20080612,WO,HT,키움,KIA,목동,윤상원,53,,,20080612HTWO0
직구,윤석민,브룸바,75620,73324,144,스트라이크,,,,0,0,0,7,말,1,1,0,0,우,우,,,,윤석민,차일목,장성호,김종국,최용규,김선빈,김원섭,이용규,채종범,,,,75620,73602,96610,96616,78666,78603,71207,74163,70833,,,,,,,,,,,,,,,,,,20080612,WO,HT,키움,KIA,목동,윤상원,53,1,-1,20080612HTWO0
직구,윤석민,브룸바,75620,73324,145,볼,,,,0,1,0,7,말,1,1,0,0,우,우,,,,윤석민,차일목,장성호,김종국,최용규,김선빈,김원섭,이용규,채종범,,,,75620,73602,96610,96616,78666,78603,71207,74163,70833,,,,,,,,,,,,,,,,,,20080612,WO,HT,키움,KIA,목동,윤상원,53,2,-1,20080612HTWO0
직구,윤석민,브룸바,75620,73324,146,헛스윙,,,,1,1,0,7,말,1,1,0,0,우,우,,,,윤석민,차일목,장성호,김종국,최용규,김선빈,김원섭,이용규,채종범,,,,75620,73602,96610,96616,78666,78603,71207,74163,70833,,,,,,,,,,,,,,,,,,20080612,WO,HT,키움,KIA,목동,윤상원,53,3,-1,20080612HTWO0
슬라이더,윤석민,브룸바,75620,73324,135,파울,,,,1,2,0,7,말,1,1,0,0,우,우,,,,윤석민,차일목,장성호,김종국,최용규,김선빈,김원섭,이용규,채종범,,,,75620,73602,96610,96616,78666,78603,71207,74163,70833,,,,,,,,,,,,,,,,,,20080612,WO,HT,키움,KIA,목동,윤상원,53,4,-1,20080612HTWO0
직구,윤석민,브룸바,75620,73324,146,헛스윙,삼진,삼진,브룸바 :  삼진 아웃;,1,2,0,7,말,1,1,0,0,우,우,,,,윤석민,차일목,장성호,김종국,최용규,김선빈,김원섭,이용규,채종범,,,,75620,73602,96610,96616,78666,78603,71207,74163,70833,,,,,,,,,,,,,,,,,,20080612,WO,HT,키움,KIA,목동,윤상원,53,5,-1,20080612HTWO0
슬라이더,윤석민,이숭용,75620,94310,133,볼,,,,0,0,1,7,말,1,1,0,0,좌,우,,,,윤석민,차일목,장성호,김종국,최용규,김선빈,김원섭,이용규,채종범,,,,75620,73602,96610,96616,78666,78603,71207,74163,70833,,,,,,,,,,,,,,,,,,20080612,WO,HT,키움,KIA,목동,윤상원,54,1,-1,20080612HTWO0
체인지업,윤석민,이숭용,75620,94310,125,스트라이크,,,,1,0,1,7,말,1,1,0,0,좌,우,,,,윤석민,차일목,장성호,김종국,최용규,김선빈,김원섭,이용규,채종범,,,,75620,73602,96610,96616,78666,78603,71207,74163,70833,,,,,,,,,,,,,,,,,,20080612,WO,HT,키움,KIA,목동,윤상원,54,2,-1,20080612HTWO0
직구,윤석민,이숭용,75620,94310,146,타격,필드 아웃,플라이 아웃,이숭용 : 3루수 플라이 아웃;,1,1,1,7,말,1,1,1,0,좌,우,,,,윤석민,차일목,장성호,김종국,최용규,김선빈,김원섭,이용규,채종범,,,,75620,73602,96610,96616,78666,78603,71207,74163,70833,,,,,,,,,,,,,,,,,,20080612,WO,HT,키움,KIA,목동,윤상원,54,3,-1,20080612HTWO0
슬라이더,윤석민,강정호,75620,76325,135,볼,,,,0,0,2,7,말,1,1,0,0,우,우,,,,윤석민,차일목,장성호,김종국,최용규,김선빈,김원섭,이용규,채종범,,,,75620,73602,96610,96616,78666,78603,71207,74163,70833,,,,,,,,,,,,,,,,,,20080612,WO,HT,키움,KIA,목동,윤상원,55,1,-1,20080612HTWO0
직구,윤석민,강정호,75620,76325,145,헛스윙,,,,1,0,2,7,말,1,1,0,0,우,우,,,,윤석민,차일목,장성호,김종국,최용규,김선빈,김원섭,이용규,채종범,,,,75620,73602,96610,96616,78666,78603,71207,74163,70833,,,,,,,,,,,,,,,,,,20080612,WO,HT,키움,KIA,목동,윤상원,55,2,-1,20080612HTWO0
직구,윤석민,강정호,75620,76325,146,볼,,,,1,1,2,7,말,1,1,0,0,우,우,,,,윤석민,차일목,장성호,김종국,최용규,김선빈,김원섭,이용규,채종범,,,,75620,73602,96610,96616,78666,78603,71207,74163,70833,,,,,,,,,,,,,,,,,,20080612,WO,HT,키움,KIA,목동,윤상원,55,3,-1,20080612HTWO0
커브,윤석민,강정호,75620,76325,119,파울,,,,2,1,2,7,말,1,1,0,0,우,우,,,,윤석민,차일목,장성호,김종국,최용규,김선빈,김원섭,이용규,채종범,,,,75620,73602,96610,96616,78666,78603,71207,74163,70833,,,,,,,,,,,,,,,,,,20080612,WO,HT,키움,KIA,목동,윤상원,55,4,-1,20080612HTWO0
직구,윤석민,강정호,75620,76325,147,볼,,,,2,2,2,7,말,1,1,0,0,우,우,,,,윤석민,차일목,장성호,김종국,최용규,김선빈,김원섭,이용규,채종범,,,,75620,73602,96610,96616,78666,78603,71207,74163,70833,,,,,,,,,,,,,,,,,,20080612,WO,HT,키움,KIA,목동,윤상원,55,5,-1,20080612HTWO0
슬라이더,윤석민,강정호,75620,76325,130,파울,,,,3,2,2,7,말,1,1,0,0,우,우,,,,윤석민,차일목,장성호,김종국,최용규,김선빈,김원섭,이용규,채종범,,,,75620,73602,96610,96616,78666,78603,71207,74163,70833,,,,,,,,,,,,,,,,,,20080612,WO,HT,키움,KIA,목동,윤상원,55,6,-1,20080612HTWO0
직구,윤석민,강정호,75620,76325,146,타격,안타,안타,강정호 : 우익수 오른쪽 1루타;,3,2,2,7,말,1,1,0,0,우,우,,,,윤석민,차일목,장성호,김종국,최용규,김선빈,김원섭,이용규,채종범,,,,75620,73602,96610,96616,78666,78603,71207,74163,70833,,,,,,,,,,,,,,,,,,20080612,WO,HT,키움,KIA,목동,윤상원,55,7,-1,20080612HTWO0
직구,윤석민,강귀태,75620,72312,142,스트라이크,,,,0,0,2,7,말,1,1,0,0,우,우,강정호,,,윤석민,차일목,장성호,김종국,최용규,김선빈,김원섭,이용규,채종범,76325.0,,,75620,73602,96610,96616,78666,78603,71207,74163,70833,,,,,,,,,,,,,,,,,,20080612,WO,HT,키움,KIA,목동,윤상원,56,1,-1,20080612HTWO0
슬라이더,윤석민,강귀태,75620,72312,132,볼,,,,0,1,2,7,말,1,1,0,0,우,우,강정호,,,윤석민,차일목,장성호,김종국,최용규,김선빈,김원섭,이용규,채종범,76325.0,,,75620,73602,96610,96616,78666,78603,71207,74163,70833,,,,,,,,,,,,,,,,,,20080612,WO,HT,키움,KIA,목동,윤상원,56,2,-1,20080612HTWO0
체인지업,윤석민,강귀태,75620,72312,112,볼,,,,1,1,2,7,말,1,1,0,0,우,우,강정호,,,윤석민,차일목,장성호,김종국,최용규,김선빈,김원섭,이용규,채종범,76325.0,,,75620,73602,96610,96616,78666,78603,71207,74163,70833,,,,,,,,,,,,,,,,,,20080612,WO,HT,키움,KIA,목동,윤상원,56,3,-1,20080612HTWO0
슬라이더,윤석민,강귀태,75620,72312,134,파울,,,,2,1,2,7,말,1,1,0,0,우,우,강정호,,,윤석민,차일목,장성호,김종국,최용규,김선빈,김원섭,이용규,채종범,76325.0,,,75620,73602,96610,96616,78666,78603,71207,74163,70833,,,,,,,,,,,,,,,,,,20080612,WO,HT,키움,KIA,목동,윤상원,56,4,-1,20080612HTWO0
직구,윤석민,강귀태,75620,72312,145,타격,포스 아웃,땅볼 아웃,강귀태 : 유격수 앞 땅볼로 출루; 1루주자 강정호 :  포스아웃 (유격수->2루수 2루 터치아웃);,2,2,2,7,말,1,1,1,0,우,우,강정호,,,윤석민,차일목,장성호,김종국,최용규,김선빈,김원섭,이용규,채종범,76325.0,,,75620,73602,96610,96616,78666,78603,71207,74163,70833,,,,,,,,,,,,,,,,,,20080612,WO,HT,키움,KIA,목동,윤상원,56,5,-1,20080612HTWO0
직구,노환수,김원섭,73343,71207,141,스트라이크,,,,0,0,0,8,초,1,1,0,0,양,좌,,,,노환수,강귀태,이숭용,강정호,정성훈,황재균,전준호,이택근,송지만,,,,73343,72312,94310,76325,99606,76313,91511,73342,96761,,,,,,,,,,,,,,,,,,20080612,WO,HT,키움,KIA,목동,윤상원,57,1,-1,20080612HTWO0
커브,노환수,김원섭,73343,71207,118,볼,,,,0,1,0,8,초,1,1,0,0,양,좌,,,,노환수,강귀태,이숭용,강정호,정성훈,황재균,전준호,이택근,송지만,,,,73343,72312,94310,76325,99606,76313,91511,73342,96761,,,,,,,,,,,,,,,,,,20080612,WO,HT,키움,KIA,목동,윤상원,57,2,-1,20080612HTWO0
슬라이더,노환수,김원섭,73343,71207,128,볼,,,,1,1,0,8,초,1,1,0,0,양,좌,,,,노환수,강귀태,이숭용,강정호,정성훈,황재균,전준호,이택근,송지만,,,,73343,72312,94310,76325,99606,76313,91511,73342,96761,,,,,,,,,,,,,,,,,,20080612,WO,HT,키움,KIA,목동,윤상원,57,3,-1,20080612HTWO0
직구,노환수,김원섭,73343,71207,141,볼,,,,2,1,0,8,초,1,1,0,0,양,좌,,,,노환수,강귀태,이숭용,강정호,정성훈,황재균,전준호,이택근,송지만,,,,73343,72312,94310,76325,99606,76313,91511,73342,96761,,,,,,,,,,,,,,,,,,20080612,WO,HT,키움,KIA,목동,윤상원,57,4,-1,20080612HTWO0
직구,노환수,김원섭,73343,71207,142,스트라이크,,,,3,1,0,8,초,1,1,0,0,양,좌,,,,노환수,강귀태,이숭용,강정호,정성훈,황재균,전준호,이택근,송지만,,,,73343,72312,94310,76325,99606,76313,91511,73342,96761,,,,,,,,,,,,,,,,,,20080612,WO,HT,키움,KIA,목동,윤상원,57,5,-1,20080612HTWO0
슬라이더,노환수,김원섭,73343,71207,131,파울,,,,3,2,0,8,초,1,1,0,0,양,좌,,,,노환수,강귀태,이숭용,강정호,정성훈,황재균,전준호,이택근,송지만,,,,73343,72312,94310,76325,99606,76313,91511,73342,96761,,,,,,,,,,,,,,,,,,20080612,WO,HT,키움,KIA,목동,윤상원,57,6,-1,20080612HTWO0
직구,노환수,김원섭,73343,71207,142,볼,볼넷,볼넷,김원섭 :  볼넷;,3,2,0,8,초,1,1,0,0,양,좌,,,,노환수,강귀태,이숭용,강정호,정성훈,황재균,전준호,이택근,송지만,,,,73343,72312,94310,76325,99606,76313,91511,73342,96761,,,,,,,,,,,,,,,,,,20080612,WO,HT,키움,KIA,목동,윤상원,57,7,-1,20080612HTWO0
슬라이더,노환수,장성호,73343,96610,130,스트라이크,,,,0,0,0,8,초,1,1,0,0,좌,좌,김원섭,,,노환수,강귀태,이숭용,강정호,정성훈,황재균,전준호,이택근,송지만,71207.0,,,73343,72312,94310,76325,99606,76313,91511,73342,96761,,,,,,,,,,,,,,,,,,20080612,WO,HT,키움,KIA,목동,윤상원,58,1,-1,20080612HTWO0
직구,노환수,장성호,73343,96610,140,볼,,,,0,1,0,8,초,1,1,0,0,좌,좌,김원섭,,,노환수,강귀태,이숭용,강정호,정성훈,황재균,전준호,이택근,송지만,71207.0,,,73343,72312,94310,76325,99606,76313,91511,73342,96761,,,,,,,,,,,,,,,,,,20080612,WO,HT,키움,KIA,목동,윤상원,58,2,-1,20080612HTWO0
슬라이더,노환수,장성호,73343,96610,128,스트라이크,,,,1,1,0,8,초,1,1,0,0,좌,좌,김원섭,,,노환수,강귀태,이숭용,강정호,정성훈,황재균,전준호,이택근,송지만,71207.0,,,73343,72312,94310,76325,99606,76313,91511,73342,96761,,,,,,,,,,,,,,,,,,20080612,WO,HT,키움,KIA,목동,윤상원,58,3,-1,20080612HTWO0
직구,노환수,장성호,73343,96610,140,볼,,,,1,2,0,8,초,1,1,0,0,좌,좌,김원섭,,,노환수,강귀태,이숭용,강정호,정성훈,황재균,전준호,이택근,송지만,71207.0,,,73343,72312,94310,76325,99606,76313,91511,73342,96761,,,,,,,,,,,,,,,,,,20080612,WO,HT,키움,KIA,목동,윤상원,58,4,-1,20080612HTWO0
직구,노환수,장성호,73343,96610,140,파울,,,,2,2,0,8,초,1,1,0,0,좌,좌,김원섭,,,노환수,강귀태,이숭용,강정호,정성훈,황재균,전준호,이택근,송지만,71207.0,,,73343,72312,94310,76325,99606,76313,91511,73342,96761,,,,,,,,,,,,,,,,,,20080612,WO,HT,키움,KIA,목동,윤상원,58,5,-1,20080612HTWO0
슬라이더,노환수,장성호,73343,96610,136,파울,,,,2,2,0,8,초,1,1,0,0,좌,좌,김원섭,,,노환수,강귀태,이숭용,강정호,정성훈,황재균,전준호,이택근,송지만,71207.0,,,73343,72312,94310,76325,99606,76313,91511,73342,96761,,,,,,,,,,,,,,,,,,20080612,WO,HT,키움,KIA,목동,윤상원,58,6,-1,20080612HTWO0
슬라이더,노환수,장성호,73343,96610,130,볼,,,,2,2,0,8,초,1,1,0,0,좌,좌,김원섭,,,노환수,강귀태,이숭용,강정호,정성훈,황재균,전준호,이택근,송지만,71207.0,,,73343,72312,94310,76325,99606,76313,91511,73342,96761,,,,,,,,,,,,,,,,,,20080612,WO,HT,키움,KIA,목동,윤상원,58,7,-1,20080612HTWO0
,노환수,장성호,73343,96610,,,,,1루주자 김원섭 :  폭투로 2루까지 진루;,3,2,0,8,초,1,1,0,0,좌,좌,김원섭,,,노환수,강귀태,이숭용,강정호,정성훈,황재균,전준호,이택근,송지만,71207.0,,,73343,72312,94310,76325,99606,76313,91511,73342,96761,,,,,,,,,,,,,,,,,,20080612,WO,HT,키움,KIA,목동,윤상원,58,,,20080612HTWO0
직구,노환수,장성호,73343,96610,136,스트라이크,삼진,삼진,장성호 :  삼진 아웃;,3,2,0,8,초,1,1,0,0,좌,좌,,김원섭,,노환수,강귀태,이숭용,강정호,정성훈,황재균,전준호,이택근,송지만,,71207.0,,73343,72312,94310,76325,99606,76313,91511,73342,96761,,,,,,,,,,,,,,,,,,20080612,WO,HT,키움,KIA,목동,윤상원,58,8,-1,20080612HTWO0
,노환수,이재주,73343,92304,,,,,투수 노환수 : 투수 송신영 (으)로 교체;,0,0,1,8,초,1,1,0,0,우,좌,,김원섭,,노환수,강귀태,이숭용,강정호,정성훈,황재균,전준호,이택근,송지만,,71207.0,,73343,72312,94310,76325,99606,76313,91511,73342,96761,,,,,,,,,,,,,,,,,,20080612,WO,HT,키움,KIA,목동,윤상원,59,,,20080612HTWO0
직구,송신영,이재주,99314,92304,119,볼,,,,0,0,1,8,초,1,1,0,0,우,우,,김원섭,,송신영,강귀태,이숭용,강정호,정성훈,황재균,전준호,이택근,송지만,,71207.0,,99314,72312,94310,76325,99606,76313,91511,73342,96761,,,,,,,,,,,,,,,,,,20080612,WO,HT,키움,KIA,목동,윤상원,59,1,-1,20080612HTWO0
직구,송신영,이재주,99314,92304,113,볼,,,,1,0,1,8,초,1,1,0,0,우,우,,김원섭,,송신영,강귀태,이숭용,강정호,정성훈,황재균,전준호,이택근,송지만,,71207.0,,99314,72312,94310,76325,99606,76313,91511,73342,96761,,,,,,,,,,,,,,,,,,20080612,WO,HT,키움,KIA,목동,윤상원,59,2,-1,20080612HTWO0
직구,송신영,이재주,99314,92304,114,볼,,,,2,0,1,8,초,1,1,0,0,우,우,,김원섭,,송신영,강귀태,이숭용,강정호,정성훈,황재균,전준호,이택근,송지만,,71207.0,,99314,72312,94310,76325,99606,76313,91511,73342,96761,,,,,,,,,,,,,,,,,,20080612,WO,HT,키움,KIA,목동,윤상원,59,3,-1,20080612HTWO0
직구,송신영,이재주,99314,92304,105,볼,고의4구,고의4구,이재주 :  고의4구;,3,0,1,8,초,1,1,0,0,우,우,,김원섭,,송신영,강귀태,이숭용,강정호,정성훈,황재균,전준호,이택근,송지만,,71207.0,,99314,72312,94310,76325,99606,76313,91511,73342,96761,,,,,,,,,,,,,,,,,,20080612,WO,HT,키움,KIA,목동,윤상원,59,4,-1,20080612HTWO0
커브,송신영,차일목,99314,73602,116,볼,,,,0,0,1,8,초,1,1,0,0,우,우,이재주,김원섭,,송신영,강귀태,이숭용,강정호,정성훈,황재균,전준호,이택근,송지만,92304.0,71207.0,,99314,72312,94310,76325,99606,76313,91511,73342,96761,,,,,,,,,,,,,,,,,,20080612,WO,HT,키움,KIA,목동,윤상원,60,1,-1,20080612HTWO0
커브,송신영,차일목,99314,73602,111,헛스윙,,,,1,0,1,8,초,1,1,0,0,우,우,이재주,김원섭,,송신영,강귀태,이숭용,강정호,정성훈,황재균,전준호,이택근,송지만,92304.0,71207.0,,99314,72312,94310,76325,99606,76313,91511,73342,96761,,,,,,,,,,,,,,,,,,20080612,WO,HT,키움,KIA,목동,윤상원,60,2,-1,20080612HTWO0
포크,송신영,차일목,99314,73602,126,스트라이크,,,,1,1,1,8,초,1,1,0,0,우,우,이재주,김원섭,,송신영,강귀태,이숭용,강정호,정성훈,황재균,전준호,이택근,송지만,92304.0,71207.0,,99314,72312,94310,76325,99606,76313,91511,73342,96761,,,,,,,,,,,,,,,,,,20080612,WO,HT,키움,KIA,목동,윤상원,60,3,-1,20080612HTWO0
포크,송신영,차일목,99314,73602,127,타격,병살타,병살타,차일목 : 유격수 병살타 아웃 (유격수->2루수->1루수 송구아웃); 1루주자 이재주 :  포스아웃 (유격수->2루수 2루 터치아웃);,1,2,1,8,초,1,1,2,0,우,우,이재주,김원섭,,송신영,강귀태,이숭용,강정호,정성훈,황재균,전준호,이택근,송지만,92304.0,71207.0,,99314,72312,94310,76325,99606,76313,91511,73342,96761,,,,,,,,,,,,,,,,,,20080612,WO,HT,키움,KIA,목동,윤상원,60,4,-1,20080612HTWO0
커브,윤석민,황재균,75620,76313,113,볼,,,,0,0,0,8,말,1,1,0,0,우,우,,,,윤석민,차일목,장성호,김종국,최용규,김선빈,김원섭,이용규,채종범,,,,75620,73602,96610,96616,78666,78603,71207,74163,70833,,,,,,,,,,,,,,,,,,20080612,WO,HT,키움,KIA,목동,윤상원,61,1,-1,20080612HTWO0
직구,윤석민,황재균,75620,76313,146,스트라이크,,,,1,0,0,8,말,1,1,0,0,우,우,,,,윤석민,차일목,장성호,김종국,최용규,김선빈,김원섭,이용규,채종범,,,,75620,73602,96610,96616,78666,78603,71207,74163,70833,,,,,,,,,,,,,,,,,,20080612,WO,HT,키움,KIA,목동,윤상원,61,2,-1,20080612HTWO0
슬라이더,윤석민,황재균,75620,76313,126,타격,필드 아웃,번트 아웃,황재균 : 투수 번트 아웃 (투수->1루수 송구아웃);,1,1,0,8,말,1,1,1,0,우,우,,,,윤석민,차일목,장성호,김종국,최용규,김선빈,김원섭,이용규,채종범,,,,75620,73602,96610,96616,78666,78603,71207,74163,70833,,,,,,,,,,,,,,,,,,20080612,WO,HT,키움,KIA,목동,윤상원,61,3,-1,20080612HTWO0
직구,윤석민,이택근,75620,73342,145,볼,,,,0,0,1,8,말,1,1,0,0,우,우,,,,윤석민,차일목,장성호,김종국,최용규,김선빈,김원섭,이용규,채종범,,,,75620,73602,96610,96616,78666,78603,71207,74163,70833,,,,,,,,,,,,,,,,,,20080612,WO,HT,키움,KIA,목동,윤상원,62,1,-1,20080612HTWO0
슬라이더,윤석민,이택근,75620,73342,136,스트라이크,,,,1,0,1,8,말,1,1,0,0,우,우,,,,윤석민,차일목,장성호,김종국,최용규,김선빈,김원섭,이용규,채종범,,,,75620,73602,96610,96616,78666,78603,71207,74163,70833,,,,,,,,,,,,,,,,,,20080612,WO,HT,키움,KIA,목동,윤상원,62,2,-1,20080612HTWO0
슬라이더,윤석민,이택근,75620,73342,135,헛스윙,,,,1,1,1,8,말,1,1,0,0,우,우,,,,윤석민,차일목,장성호,김종국,최용규,김선빈,김원섭,이용규,채종범,,,,75620,73602,96610,96616,78666,78603,71207,74163,70833,,,,,,,,,,,,,,,,,,20080612,WO,HT,키움,KIA,목동,윤상원,62,3,-1,20080612HTWO0
직구,윤석민,이택근,75620,73342,142,타격,안타,안타,이택근 : 좌익수 앞 1루타;,1,2,1,8,말,1,1,0,0,우,우,,,,윤석민,차일목,장성호,김종국,최용규,김선빈,김원섭,이용규,채종범,,,,75620,73602,96610,96616,78666,78603,71207,74163,70833,,,,,,,,,,,,,,,,,,20080612,WO,HT,키움,KIA,목동,윤상원,62,4,-1,20080612HTWO0
슬라이더,윤석민,전준호,75620,91511,135,볼,,,,0,0,1,8,말,1,1,0,0,좌,우,이택근,,,윤석민,차일목,장성호,김종국,최용규,김선빈,김원섭,이용규,채종범,73342.0,,,75620,73602,96610,96616,78666,78603,71207,74163,70833,,,,,,,,,,,,,,,,,,20080612,WO,HT,키움,KIA,목동,윤상원,63,1,-1,20080612HTWO0
슬라이더,윤석민,전준호,75620,91511,128,스트라이크,,,,1,0,1,8,말,1,1,0,0,좌,우,이택근,,,윤석민,차일목,장성호,김종국,최용규,김선빈,김원섭,이용규,채종범,73342.0,,,75620,73602,96610,96616,78666,78603,71207,74163,70833,,,,,,,,,,,,,,,,,,20080612,WO,HT,키움,KIA,목동,윤상원,63,2,-1,20080612HTWO0
체인지업,윤석민,전준호,75620,91511,126,볼,,,,1,1,1,8,말,1,1,0,0,좌,우,이택근,,,윤석민,차일목,장성호,김종국,최용규,김선빈,김원섭,이용규,채종범,73342.0,,,75620,73602,96610,96616,78666,78603,71207,74163,70833,,,,,,,,,,,,,,,,,,20080612,WO,HT,키움,KIA,목동,윤상원,63,3,-1,20080612HTWO0
직구,윤석민,전준호,75620,91511,134,볼,,,,2,1,1,8,말,1,1,0,0,좌,우,이택근,,,윤석민,차일목,장성호,김종국,최용규,김선빈,김원섭,이용규,채종범,73342.0,,,75620,73602,96610,96616,78666,78603,71207,74163,70833,,,,,,,,,,,,,,,,,,20080612,WO,HT,키움,KIA,목동,윤상원,63,4,-1,20080612HTWO0
슬라이더,윤석민,전준호,75620,91511,133,타격,포스 아웃,땅볼 아웃,전준호 : 2루수 땅볼 아웃 (2루수->1루수 송구아웃); 1루주자 이택근 :   2루까지 진루;,3,1,1,8,말,1,1,1,0,좌,우,이택근,,,윤석민,차일목,장성호,김종국,최용규,김선빈,김원섭,이용규,채종범,73342.0,,,75620,73602,96610,96616,78666,78603,71207,74163,70833,,,,,,,,,,,,,,,,,,20080612,WO,HT,키움,KIA,목동,윤상원,63,5,-1,20080612HTWO0
슬라이더,윤석민,정성훈,75620,99606,137,스트라이크,,,,0,0,2,8,말,1,1,0,0,우,우,,이택근,,윤석민,차일목,장성호,김종국,최용규,김선빈,김원섭,이용규,채종범,,73342.0,,75620,73602,96610,96616,78666,78603,71207,74163,70833,,,,,,,,,,,,,,,,,,20080612,WO,HT,키움,KIA,목동,윤상원,64,1,-1,20080612HTWO0
슬라이더,윤석민,정성훈,75620,99606,141,볼,,,,0,1,2,8,말,1,1,0,0,우,우,,이택근,,윤석민,차일목,장성호,김종국,최용규,김선빈,김원섭,이용규,채종범,,73342.0,,75620,73602,96610,96616,78666,78603,71207,74163,70833,,,,,,,,,,,,,,,,,,20080612,WO,HT,키움,KIA,목동,윤상원,64,2,-1,20080612HTWO0
슬라이더,윤석민,정성훈,75620,99606,138,헛스윙,,,,1,1,2,8,말,1,1,0,0,우,우,,이택근,,윤석민,차일목,장성호,김종국,최용규,김선빈,김원섭,이용규,채종범,,73342.0,,75620,73602,96610,96616,78666,78603,71207,74163,70833,,,,,,,,,,,,,,,,,,20080612,WO,HT,키움,KIA,목동,윤상원,64,3,-1,20080612HTWO0
직구,윤석민,정성훈,75620,99606,145,볼,,,,1,2,2,8,말,1,1,0,0,우,우,,이택근,,윤석민,차일목,장성호,김종국,최용규,김선빈,김원섭,이용규,채종범,,73342.0,,75620,73602,96610,96616,78666,78603,71207,74163,70833,,,,,,,,,,,,,,,,,,20080612,WO,HT,키움,KIA,목동,윤상원,64,4,-1,20080612HTWO0
슬라이더,윤석민,정성훈,75620,99606,132,타격,포스 아웃,땅볼 아웃,정성훈 : 유격수 땅볼 아웃 (유격수->1루수 송구아웃);,2,2,2,8,말,1,1,1,0,우,우,,이택근,,윤석민,차일목,장성호,김종국,최용규,김선빈,김원섭,이용규,채종범,,73342.0,,75620,73602,96610,96616,78666,78603,71207,74163,70833,,,,,,,,,,,,,,,,,,20080612,WO,HT,키움,KIA,목동,윤상원,64,5,-1,20080612HTWO0
,송신영,김종국,99314,96616,,,,,좌익수 전준호 : 좌익수 정수성 (으)로 교체;,0,0,0,9,초,1,1,0,0,우,우,,,,송신영,강귀태,이숭용,강정호,정성훈,황재균,전준호,이택근,송지만,,,,99314,72312,94310,76325,99606,76313,91511,73342,96761,,,,,,,,,,,,,,,,,,20080612,WO,HT,키움,KIA,목동,윤상원,65,,,20080612HTWO0
커브,송신영,김종국,99314,96616,116,볼,,,,0,0,0,9,초,1,1,0,0,우,우,,,,송신영,강귀태,이숭용,강정호,정성훈,황재균,정수성,이택근,송지만,,,,99314,72312,94310,76325,99606,76313,97350,73342,96761,,,,,,,,,,,,,,,,,,20080612,WO,HT,키움,KIA,목동,윤상원,65,1,-1,20080612HTWO0
포크,송신영,김종국,99314,96616,124,볼,,,,1,0,0,9,초,1,1,0,0,우,우,,,,송신영,강귀태,이숭용,강정호,정성훈,황재균,정수성,이택근,송지만,,,,99314,72312,94310,76325,99606,76313,97350,73342,96761,,,,,,,,,,,,,,,,,,20080612,WO,HT,키움,KIA,목동,윤상원,65,2,-1,20080612HTWO0
커브,송신영,김종국,99314,96616,121,볼,,,,2,0,0,9,초,1,1,0,0,우,우,,,,송신영,강귀태,이숭용,강정호,정성훈,황재균,정수성,이택근,송지만,,,,99314,72312,94310,76325,99606,76313,97350,73342,96761,,,,,,,,,,,,,,,,,,20080612,WO,HT,키움,KIA,목동,윤상원,65,3,-1,20080612HTWO0
직구,송신영,김종국,99314,96616,134,볼,볼넷,볼넷,김종국 :  볼넷;,3,0,0,9,초,1,1,0,0,우,우,,,,송신영,강귀태,이숭용,강정호,정성훈,황재균,정수성,이택근,송지만,,,,99314,72312,94310,76325,99606,76313,97350,73342,96761,,,,,,,,,,,,,,,,,,20080612,WO,HT,키움,KIA,목동,윤상원,65,4,-1,20080612HTWO0
직구,송신영,최용규,99314,78666,137,타격,희생번트,희생번트,최용규 : 1루수 희생번트 아웃; 1루주자 김종국 :   2루까지 진루;,0,0,0,9,초,1,1,1,0,우,우,김종국,,,송신영,강귀태,이숭용,강정호,정성훈,황재균,정수성,이택근,송지만,96616.0,,,99314,72312,94310,76325,99606,76313,97350,73342,96761,,,,,,,,,,,,,,,,,,20080612,WO,HT,키움,KIA,목동,윤상원,66,1,-1,20080612HTWO0
,송신영,김선빈,99314,78603,,,,,8번타자 김선빈 : 대타 이현곤(으)로 교체;,0,0,1,9,초,1,1,0,0,우,우,,김종국,,송신영,강귀태,이숭용,강정호,정성훈,황재균,정수성,이택근,송지만,,96616.0,,99314,72312,94310,76325,99606,76313,97350,73342,96761,,,,,,,,,,,,,,,,,,20080612,WO,HT,키움,KIA,목동,윤상원,67,,,20080612HTWO0
슬라이더,송신영,이현곤,99314,72606,123,파울,,,,0,0,1,9,초,1,1,0,0,우,우,,김종국,,송신영,강귀태,이숭용,강정호,정성훈,황재균,정수성,이택근,송지만,,96616.0,,99314,72312,94310,76325,99606,76313,97350,73342,96761,,,,,,,,,,,,,,,,,,20080612,WO,HT,키움,KIA,목동,윤상원,67,1,-1,20080612HTWO0
직구,송신영,이현곤,99314,72606,136,볼,,,,0,1,1,9,초,1,1,0,0,우,우,,김종국,,송신영,강귀태,이숭용,강정호,정성훈,황재균,정수성,이택근,송지만,,96616.0,,99314,72312,94310,76325,99606,76313,97350,73342,96761,,,,,,,,,,,,,,,,,,20080612,WO,HT,키움,KIA,목동,윤상원,67,2,-1,20080612HTWO0
직구,송신영,이현곤,99314,72606,136,파울,,,,1,1,1,9,초,1,1,0,0,우,우,,김종국,,송신영,강귀태,이숭용,강정호,정성훈,황재균,정수성,이택근,송지만,,96616.0,,99314,72312,94310,76325,99606,76313,97350,73342,96761,,,,,,,,,,,,,,,,,,20080612,WO,HT,키움,KIA,목동,윤상원,67,3,-1,20080612HTWO0
커브,송신영,이현곤,99314,72606,116,파울,,,,1,2,1,9,초,1,1,0,0,우,우,,김종국,,송신영,강귀태,이숭용,강정호,정성훈,황재균,정수성,이택근,송지만,,96616.0,,99314,72312,94310,76325,99606,76313,97350,73342,96761,,,,,,,,,,,,,,,,,,20080612,WO,HT,키움,KIA,목동,윤상원,67,4,-1,20080612HTWO0
직구,송신영,이현곤,99314,72606,134,타격,필드 아웃,플라이 아웃,이현곤 : 2루수 플라이 아웃;,1,2,1,9,초,1,1,1,0,우,우,,김종국,,송신영,강귀태,이숭용,강정호,정성훈,황재균,정수성,이택근,송지만,,96616.0,,99314,72312,94310,76325,99606,76313,97350,73342,96761,,,,,,,,,,,,,,,,,,20080612,WO,HT,키움,KIA,목동,윤상원,67,5,-1,20080612HTWO0
직구,송신영,채종범,99314,70833,138,스트라이크,,,,0,0,2,9,초,1,1,0,0,우,우,,김종국,,송신영,강귀태,이숭용,강정호,정성훈,황재균,정수성,이택근,송지만,,96616.0,,99314,72312,94310,76325,99606,76313,97350,73342,96761,,,,,,,,,,,,,,,,,,20080612,WO,HT,키움,KIA,목동,윤상원,68,1,-1,20080612HTWO0
직구,송신영,채종범,99314,70833,138,타격,내야안타,내야안타,채종범 : 유격수 왼쪽 내야안타; 2루주자 김종국 :   3루까지 진루;,0,1,2,9,초,1,1,0,0,우,우,,김종국,,송신영,강귀태,이숭용,강정호,정성훈,황재균,정수성,이택근,송지만,,96616.0,,99314,72312,94310,76325,99606,76313,97350,73342,96761,,,,,,,,,,,,,,,,,,20080612,WO,HT,키움,KIA,목동,윤상원,68,2,-1,20080612HTWO0
포크,송신영,이용규,99314,74163,124,스트라이크,,,,0,0,2,9,초,1,1,0,0,좌,우,채종범,,김종국,송신영,강귀태,이숭용,강정호,정성훈,황재균,정수성,이택근,송지만,70833.0,,96616.0,99314,72312,94310,76325,99606,76313,97350,73342,96761,,,,,,,,,,,,,,,,,,20080612,WO,HT,키움,KIA,목동,윤상원,69,1,-1,20080612HTWO0
포크,송신영,이용규,99314,74163,112,볼,,,,0,1,2,9,초,1,1,0,0,좌,우,채종범,,김종국,송신영,강귀태,이숭용,강정호,정성훈,황재균,정수성,이택근,송지만,70833.0,,96616.0,99314,72312,94310,76325,99606,76313,97350,73342,96761,,,,,,,,,,,,,,,,,,20080612,WO,HT,키움,KIA,목동,윤상원,69,2,-1,20080612HTWO0
포크,송신영,이용규,99314,74163,125,헛스윙,,,,1,1,2,9,초,1,1,0,0,좌,우,채종범,,김종국,송신영,강귀태,이숭용,강정호,정성훈,황재균,정수성,이택근,송지만,70833.0,,96616.0,99314,72312,94310,76325,99606,76313,97350,73342,96761,,,,,,,,,,,,,,,,,,20080612,WO,HT,키움,KIA,목동,윤상원,69,3,-1,20080612HTWO0
포크,송신영,이용규,99314,74163,122,볼,,,,1,2,2,9,초,1,1,0,0,좌,우,채종범,,김종국,송신영,강귀태,이숭용,강정호,정성훈,황재균,정수성,이택근,송지만,70833.0,,96616.0,99314,72312,94310,76325,99606,76313,97350,73342,96761,,,,,,,,,,,,,,,,,,20080612,WO,HT,키움,KIA,목동,윤상원,69,4,-1,20080612HTWO0
포크,송신영,이용규,99314,74163,124,파울,,,,2,2,2,9,초,1,1,0,0,좌,우,채종범,,김종국,송신영,강귀태,이숭용,강정호,정성훈,황재균,정수성,이택근,송지만,70833.0,,96616.0,99314,72312,94310,76325,99606,76313,97350,73342,96761,,,,,,,,,,,,,,,,,,20080612,WO,HT,키움,KIA,목동,윤상원,69,5,-1,20080612HTWO0
커브,송신영,이용규,99314,74163,117,볼,,,,2,2,2,9,초,1,1,0,0,좌,우,채종범,,김종국,송신영,강귀태,이숭용,강정호,정성훈,황재균,정수성,이택근,송지만,70833.0,,96616.0,99314,72312,94310,76325,99606,76313,97350,73342,96761,,,,,,,,,,,,,,,,,,20080612,WO,HT,키움,KIA,목동,윤상원,69,6,-1,20080612HTWO0
슬라이더,송신영,이용규,99314,74163,127,헛스윙,삼진,삼진,이용규 :  삼진 아웃;,3,2,2,9,초,1,1,0,0,좌,우,채종범,,김종국,송신영,강귀태,이숭용,강정호,정성훈,황재균,정수성,이택근,송지만,70833.0,,96616.0,99314,72312,94310,76325,99606,76313,97350,73342,96761,,,,,,,,,,,,,,,,,,20080612,WO,HT,키움,KIA,목동,윤상원,69,7,-1,20080612HTWO0
,윤석민,송지만,75620,96761,,,,,2루수 김종국 : 유격수(으)로 수비위치 변경; 3루수 최용규 : 2루수(으)로 수비위치 변경; 대타 이현곤 : 3루수(으)로 수비위치 변경;,0,0,0,9,말,1,1,0,0,우,우,,,,윤석민,차일목,장성호,김종국,최용규,김선빈,김원섭,이용규,채종범,,,,75620,73602,96610,96616,78666,78603,71207,74163,70833,,,,,,,,,,,,,,,,,,20080612,WO,HT,키움,KIA,목동,윤상원,70,,,20080612HTWO0
직구,윤석민,송지만,75620,96761,144,볼,,,,0,0,0,9,말,1,1,0,0,우,우,,,,윤석민,차일목,장성호,최용규,이현곤,김종국,김원섭,이용규,채종범,,,,75620,73602,96610,78666,72606,96616,71207,74163,70833,,,,,,,,,,,,,,,,,,20080612,WO,HT,키움,KIA,목동,윤상원,70,1,-1,20080612HTWO0
체인지업,윤석민,송지만,75620,96761,115,볼,,,,1,0,0,9,말,1,1,0,0,우,우,,,,윤석민,차일목,장성호,최용규,이현곤,김종국,김원섭,이용규,채종범,,,,75620,73602,96610,78666,72606,96616,71207,74163,70833,,,,,,,,,,,,,,,,,,20080612,WO,HT,키움,KIA,목동,윤상원,70,2,-1,20080612HTWO0
슬라이더,윤석민,송지만,75620,96761,133,볼,,,,2,0,0,9,말,1,1,0,0,우,우,,,,윤석민,차일목,장성호,최용규,이현곤,김종국,김원섭,이용규,채종범,,,,75620,73602,96610,78666,72606,96616,71207,74163,70833,,,,,,,,,,,,,,,,,,20080612,WO,HT,키움,KIA,목동,윤상원,70,3,-1,20080612HTWO0
직구,윤석민,송지만,75620,96761,144,볼,볼넷,볼넷,송지만 :  볼넷;,3,0,0,9,말,1,1,0,0,우,우,,,,윤석민,차일목,장성호,최용규,이현곤,김종국,김원섭,이용규,채종범,,,,75620,73602,96610,78666,72606,96616,71207,74163,70833,,,,,,,,,,,,,,,,,,20080612,WO,HT,키움,KIA,목동,윤상원,70,4,-1,20080612HTWO0
,윤석민,브룸바,75620,73324,,,,,1루주자 송지만 : 대주자 유재신(으)로 교체;,0,0,0,9,말,1,1,0,0,우,우,송지만,,,윤석민,차일목,장성호,최용규,이현곤,김종국,김원섭,이용규,채종범,96761.0,,,75620,73602,96610,78666,72606,96616,71207,74163,70833,,,,,,,,,,,,,,,,,,20080612,WO,HT,키움,KIA,목동,윤상원,71,,,20080612HTWO0
체인지업,윤석민,브룸바,75620,73324,125,헛스윙,,,,0,0,0,9,말,1,1,0,0,우,우,유재신,,,윤석민,차일목,장성호,최용규,이현곤,김종국,김원섭,이용규,채종범,76368.0,,,75620,73602,96610,78666,72606,96616,71207,74163,70833,,,,,,,,,,,,,,,,,,20080612,WO,HT,키움,KIA,목동,윤상원,71,1,-1,20080612HTWO0
직구,윤석민,브룸바,75620,73324,144,볼,,,,0,1,0,9,말,1,1,0,0,우,우,유재신,,,윤석민,차일목,장성호,최용규,이현곤,김종국,김원섭,이용규,채종범,76368.0,,,75620,73602,96610,78666,72606,96616,71207,74163,70833,,,,,,,,,,,,,,,,,,20080612,WO,HT,키움,KIA,목동,윤상원,71,2,-1,20080612HTWO0
체인지업,윤석민,브룸바,75620,73324,117,스트라이크,,,,1,1,0,9,말,1,1,0,0,우,우,유재신,,,윤석민,차일목,장성호,최용규,이현곤,김종국,김원섭,이용규,채종범,76368.0,,,75620,73602,96610,78666,72606,96616,71207,74163,70833,,,,,,,,,,,,,,,,,,20080612,WO,HT,키움,KIA,목동,윤상원,71,3,-1,20080612HTWO0
직구,윤석민,브룸바,75620,73324,145,파울,,,,1,2,0,9,말,1,1,0,0,우,우,유재신,,,윤석민,차일목,장성호,최용규,이현곤,김종국,김원섭,이용규,채종범,76368.0,,,75620,73602,96610,78666,72606,96616,71207,74163,70833,,,,,,,,,,,,,,,,,,20080612,WO,HT,키움,KIA,목동,윤상원,71,4,-1,20080612HTWO0
체인지업,윤석민,브룸바,75620,73324,126,볼,,,,1,2,0,9,말,1,1,0,0,우,우,유재신,,,윤석민,차일목,장성호,최용규,이현곤,김종국,김원섭,이용규,채종범,76368.0,,,75620,73602,96610,78666,72606,96616,71207,74163,70833,,,,,,,,,,,,,,,,,,20080612,WO,HT,키움,KIA,목동,윤상원,71,5,-1,20080612HTWO0
슬라이더,윤석민,브룸바,75620,73324,134,볼,,,,2,2,0,9,말,1,1,0,0,우,우,유재신,,,윤석민,차일목,장성호,최용규,이현곤,김종국,김원섭,이용규,채종범,76368.0,,,75620,73602,96610,78666,72606,96616,71207,74163,70833,,,,,,,,,,,,,,,,,,20080612,WO,HT,키움,KIA,목동,윤상원,71,6,-1,20080612HTWO0
직구,윤석민,브룸바,75620,73324,144,타격,포스 아웃,땅볼 아웃,브룸바 : 유격수 앞 땅볼로 출루; 1루주자 유재신 :  포스아웃 (유격수->2루수 2루 터치아웃);,3,2,0,9,말,1,1,1,0,우,우,유재신,,,윤석민,차일목,장성호,최용규,이현곤,김종국,김원섭,이용규,채종범,76368.0,,,75620,73602,96610,78666,72606,96616,71207,74163,70833,,,,,,,,,,,,,,,,,,20080612,WO,HT,키움,KIA,목동,윤상원,71,7,-1,20080612HTWO0
,윤석민,이숭용,75620,94310,,,,,1루주자 브룸바 : 대주자 권도영(으)로 교체;,0,0,1,9,말,1,1,0,0,좌,우,브룸바,,,윤석민,차일목,장성호,최용규,이현곤,김종국,김원섭,이용규,채종범,73324.0,,,75620,73602,96610,78666,72606,96616,71207,74163,70833,,,,,,,,,,,,,,,,,,20080612,WO,HT,키움,KIA,목동,윤상원,72,,,20080612HTWO0
직구,윤석민,이숭용,75620,94310,140,볼,,,,0,0,1,9,말,1,1,0,0,좌,우,권도영,,,윤석민,차일목,장성호,최용규,이현곤,김종국,김원섭,이용규,채종범,73363.0,,,75620,73602,96610,78666,72606,96616,71207,74163,70833,,,,,,,,,,,,,,,,,,20080612,WO,HT,키움,KIA,목동,윤상원,72,1,-1,20080612HTWO0
체인지업,윤석민,이숭용,75620,94310,126,파울,,,,1,0,1,9,말,1,1,0,0,좌,우,권도영,,,윤석민,차일목,장성호,최용규,이현곤,김종국,김원섭,이용규,채종범,73363.0,,,75620,73602,96610,78666,72606,96616,71207,74163,70833,,,,,,,,,,,,,,,,,,20080612,WO,HT,키움,KIA,목동,윤상원,72,2,-1,20080612HTWO0
직구,윤석민,이숭용,75620,94310,134,볼,,,,1,1,1,9,말,1,1,0,0,좌,우,권도영,,,윤석민,차일목,장성호,최용규,이현곤,김종국,김원섭,이용규,채종범,73363.0,,,75620,73602,96610,78666,72606,96616,71207,74163,70833,,,,,,,,,,,,,,,,,,20080612,WO,HT,키움,KIA,목동,윤상원,72,3,-1,20080612HTWO0
체인지업,윤석민,이숭용,75620,94310,107,볼,,,,2,1,1,9,말,1,1,0,0,좌,우,권도영,,,윤석민,차일목,장성호,최용규,이현곤,김종국,김원섭,이용규,채종범,73363.0,,,75620,73602,96610,78666,72606,96616,71207,74163,70833,,,,,,,,,,,,,,,,,,20080612,WO,HT,키움,KIA,목동,윤상원,72,4,-1,20080612HTWO0
직구,윤석민,이숭용,75620,94310,144,볼,볼넷,볼넷,이숭용 :  볼넷; 1루주자 권도영 :   2루까지 진루;,3,1,1,9,말,1,1,0,0,좌,우,권도영,,,윤석민,차일목,장성호,최용규,이현곤,김종국,김원섭,이용규,채종범,73363.0,,,75620,73602,96610,78666,72606,96616,71207,74163,70833,,,,,,,,,,,,,,,,,,20080612,WO,HT,키움,KIA,목동,윤상원,72,5,-1,20080612HTWO0
,윤석민,강정호,75620,76325,,,,,투수 윤석민 : 투수 한기주 (으)로 교체;,0,0,1,9,말,1,1,0,0,우,우,이숭용,권도영,,윤석민,차일목,장성호,최용규,이현곤,김종국,김원섭,이용규,채종범,94310.0,73363.0,,75620,73602,96610,78666,72606,96616,71207,74163,70833,,,,,,,,,,,,,,,,,,20080612,WO,HT,키움,KIA,목동,윤상원,73,,,20080612HTWO0
직구,한기주,강정호,76610,76325,145,볼,,,,0,0,1,9,말,1,1,0,0,우,우,이숭용,권도영,,한기주,차일목,장성호,최용규,이현곤,김종국,김원섭,이용규,채종범,94310.0,73363.0,,76610,73602,96610,78666,72606,96616,71207,74163,70833,,,,,,,,,,,,,,,,,,20080612,WO,HT,키움,KIA,목동,윤상원,73,1,-1,20080612HTWO0
직구,한기주,강정호,76610,76325,147,타격,필드 아웃,라인드라이브 아웃,강정호 : 유격수 라인드라이브 아웃; 2루주자 권도영 :  아웃 (유격수 2루 터치아웃);,1,0,1,9,말,1,1,2,0,우,우,이숭용,권도영,,한기주,차일목,장성호,최용규,이현곤,김종국,김원섭,이용규,채종범,94310.0,73363.0,,76610,73602,96610,78666,72606,96616,71207,74163,70833,,,,,,,,,,,,,,,,,,20080612,WO,HT,키움,KIA,목동,윤상원,73,2,-1,20080612HTWO0
,송신영,김원섭,99314,71207,,,,,대주자 유재신 : 투수 황두성 (으)로 교체; 대주자 권도영 : 우익수(으)로 수비위치 변경;,0,0,0,10,초,1,1,0,0,양,우,,,,송신영,강귀태,이숭용,강정호,정성훈,황재균,정수성,이택근,송지만,,,,99314,72312,94310,76325,99606,76313,97350,73342,96761,,,,,,,,,,,,,,,,,,20080612,WO,HT,키움,KIA,목동,윤상원,74,,,20080612HTWO0
포크,황두성,김원섭,97423,71207,120,볼,,,,0,0,0,10,초,1,1,0,0,양,우,,,,황두성,강귀태,이숭용,강정호,정성훈,황재균,정수성,이택근,권도영,,,,97423,72312,94310,76325,99606,76313,97350,73342,73363,,,,,,,,,,,,,,,,,,20080612,WO,HT,키움,KIA,목동,윤상원,74,1,-1,20080612HTWO0
직구,황두성,김원섭,97423,71207,143,볼,,,,1,0,0,10,초,1,1,0,0,양,우,,,,황두성,강귀태,이숭용,강정호,정성훈,황재균,정수성,이택근,권도영,,,,97423,72312,94310,76325,99606,76313,97350,73342,73363,,,,,,,,,,,,,,,,,,20080612,WO,HT,키움,KIA,목동,윤상원,74,2,-1,20080612HTWO0
직구,황두성,김원섭,97423,71207,144,스트라이크,,,,2,0,0,10,초,1,1,0,0,양,우,,,,황두성,강귀태,이숭용,강정호,정성훈,황재균,정수성,이택근,권도영,,,,97423,72312,94310,76325,99606,76313,97350,73342,73363,,,,,,,,,,,,,,,,,,20080612,WO,HT,키움,KIA,목동,윤상원,74,3,-1,20080612HTWO0
직구,황두성,김원섭,97423,71207,144,볼,,,,2,1,0,10,초,1,1,0,0,양,우,,,,황두성,강귀태,이숭용,강정호,정성훈,황재균,정수성,이택근,권도영,,,,97423,72312,94310,76325,99606,76313,97350,73342,73363,,,,,,,,,,,,,,,,,,20080612,WO,HT,키움,KIA,목동,윤상원,74,4,-1,20080612HTWO0
직구,황두성,김원섭,97423,71207,143,볼,볼넷,볼넷,김원섭 :  볼넷;,3,1,0,10,초,1,1,0,0,양,우,,,,황두성,강귀태,이숭용,강정호,정성훈,황재균,정수성,이택근,권도영,,,,97423,72312,94310,76325,99606,76313,97350,73342,73363,,,,,,,,,,,,,,,,,,20080612,WO,HT,키움,KIA,목동,윤상원,74,5,-1,20080612HTWO0
직구,황두성,장성호,97423,96610,133,볼,,,,0,0,0,10,초,1,1,0,0,좌,우,김원섭,,,황두성,강귀태,이숭용,강정호,정성훈,황재균,정수성,이택근,권도영,71207.0,,,97423,72312,94310,76325,99606,76313,97350,73342,73363,,,,,,,,,,,,,,,,,,20080612,WO,HT,키움,KIA,목동,윤상원,75,1,-1,20080612HTWO0
직구,황두성,장성호,97423,96610,137,스트라이크,,,,1,0,0,10,초,1,1,0,0,좌,우,김원섭,,,황두성,강귀태,이숭용,강정호,정성훈,황재균,정수성,이택근,권도영,71207.0,,,97423,72312,94310,76325,99606,76313,97350,73342,73363,,,,,,,,,,,,,,,,,,20080612,WO,HT,키움,KIA,목동,윤상원,75,2,-1,20080612HTWO0
체인지업,황두성,장성호,97423,96610,128,타격,포스 아웃,땅볼 아웃,장성호 : 2루수 앞 땅볼로 출루; 1루주자 장성호 : 유격수 실책으로  2루까지 진루(유격수 실책->1루수); 1루주자 김원섭 :  포스아웃 (2루수->유격수 2루 터치아웃);,1,1,0,10,초,1,1,1,0,좌,우,김원섭,,,황두성,강귀태,이숭용,강정호,정성훈,황재균,정수성,이택근,권도영,71207.0,,,97423,72312,94310,76325,99606,76313,97350,73342,73363,,,,,,,,,,,,,,,,,,20080612,WO,HT,키움,KIA,목동,윤상원,75,3,-1,20080612HTWO0
직구,황두성,이재주,97423,92304,116,볼,,,,0,0,1,10,초,1,1,0,0,우,우,,장성호,,황두성,강귀태,이숭용,강정호,정성훈,황재균,정수성,이택근,권도영,,96610.0,,97423,72312,94310,76325,99606,76313,97350,73342,73363,,,,,,,,,,,,,,,,,,20080612,WO,HT,키움,KIA,목동,윤상원,76,1,-1,20080612HTWO0
직구,황두성,이재주,97423,92304,138,볼,,,,1,0,1,10,초,1,1,0,0,우,우,,장성호,,황두성,강귀태,이숭용,강정호,정성훈,황재균,정수성,이택근,권도영,,96610.0,,97423,72312,94310,76325,99606,76313,97350,73342,73363,,,,,,,,,,,,,,,,,,20080612,WO,HT,키움,KIA,목동,윤상원,76,2,-1,20080612HTWO0
직구,황두성,이재주,97423,92304,126,볼,,,,2,0,1,10,초,1,1,0,0,우,우,,장성호,,황두성,강귀태,이숭용,강정호,정성훈,황재균,정수성,이택근,권도영,,96610.0,,97423,72312,94310,76325,99606,76313,97350,73342,73363,,,,,,,,,,,,,,,,,,20080612,WO,HT,키움,KIA,목동,윤상원,76,3,-1,20080612HTWO0
직구,황두성,이재주,97423,92304,134,볼,볼넷,볼넷,이재주 :  볼넷;,3,0,1,10,초,1,1,0,0,우,우,,장성호,,황두성,강귀태,이숭용,강정호,정성훈,황재균,정수성,이택근,권도영,,96610.0,,97423,72312,94310,76325,99606,76313,97350,73342,73363,,,,,,,,,,,,,,,,,,20080612,WO,HT,키움,KIA,목동,윤상원,76,4,-1,20080612HTWO0
직구,황두성,차일목,97423,73602,141,볼,,,,0,0,1,10,초,1,1,0,0,우,우,이재주,장성호,,황두성,강귀태,이숭용,강정호,정성훈,황재균,정수성,이택근,권도영,92304.0,96610.0,,97423,72312,94310,76325,99606,76313,97350,73342,73363,,,,,,,,,,,,,,,,,,20080612,WO,HT,키움,KIA,목동,윤상원,77,1,-1,20080612HTWO0
,황두성,차일목,97423,73602,,,,,1루주자 이재주 :  폭투로 2루까지 진루; 2루주자 장성호 :  폭투로 3루까지 진루;,1,0,1,10,초,1,1,0,0,우,우,이재주,장성호,,황두성,강귀태,이숭용,강정호,정성훈,황재균,정수성,이택근,권도영,92304.0,96610.0,,97423,72312,94310,76325,99606,76313,97350,73342,73363,,,,,,,,,,,,,,,,,,20080612,WO,HT,키움,KIA,목동,윤상원,77,,,20080612HTWO0
직구,황두성,차일목,97423,73602,140,파울,,,,1,0,1,10,초,1,1,0,0,우,우,,이재주,장성호,황두성,강귀태,이숭용,강정호,정성훈,황재균,정수성,이택근,권도영,,92304.0,96610.0,97423,72312,94310,76325,99606,76313,97350,73342,73363,,,,,,,,,,,,,,,,,,20080612,WO,HT,키움,KIA,목동,윤상원,77,2,-1,20080612HTWO0
슬라이더,황두성,차일목,97423,73602,131,볼,,,,1,1,1,10,초,1,1,0,0,우,우,,이재주,장성호,황두성,강귀태,이숭용,강정호,정성훈,황재균,정수성,이택근,권도영,,92304.0,96610.0,97423,72312,94310,76325,99606,76313,97350,73342,73363,,,,,,,,,,,,,,,,,,20080612,WO,HT,키움,KIA,목동,윤상원,77,3,-1,20080612HTWO0
직구,황두성,차일목,97423,73602,141,볼,,,,2,1,1,10,초,1,1,0,0,우,우,,이재주,장성호,황두성,강귀태,이숭용,강정호,정성훈,황재균,정수성,이택근,권도영,,92304.0,96610.0,97423,72312,94310,76325,99606,76313,97350,73342,73363,,,,,,,,,,,,,,,,,,20080612,WO,HT,키움,KIA,목동,윤상원,77,4,-1,20080612HTWO0
슬라이더,황두성,차일목,97423,73602,131,볼,볼넷,볼넷,차일목 :  볼넷;,3,1,1,10,초,1,1,0,0,우,우,,이재주,장성호,황두성,강귀태,이숭용,강정호,정성훈,황재균,정수성,이택근,권도영,,92304.0,96610.0,97423,72312,94310,76325,99606,76313,97350,73342,73363,,,,,,,,,,,,,,,,,,20080612,WO,HT,키움,KIA,목동,윤상원,77,5,-1,20080612HTWO0
슬라이더,황두성,김종국,97423,96616,130,스트라이크,,,,0,0,1,10,초,1,1,0,0,우,우,차일목,이재주,장성호,황두성,강귀태,이숭용,강정호,정성훈,황재균,정수성,이택근,권도영,73602.0,92304.0,96610.0,97423,72312,94310,76325,99606,76313,97350,73342,73363,,,,,,,,,,,,,,,,,,20080612,WO,HT,키움,KIA,목동,윤상원,78,1,-1,20080612HTWO0
슬라이더,황두성,김종국,97423,96616,128,볼,,,,0,1,1,10,초,1,1,0,0,우,우,차일목,이재주,장성호,황두성,강귀태,이숭용,강정호,정성훈,황재균,정수성,이택근,권도영,73602.0,92304.0,96610.0,97423,72312,94310,76325,99606,76313,97350,73342,73363,,,,,,,,,,,,,,,,,,20080612,WO,HT,키움,KIA,목동,윤상원,78,2,-1,20080612HTWO0
직구,황두성,김종국,97423,96616,143,헛스윙,,,,1,1,1,10,초,1,1,0,0,우,우,차일목,이재주,장성호,황두성,강귀태,이숭용,강정호,정성훈,황재균,정수성,이택근,권도영,73602.0,92304.0,96610.0,97423,72312,94310,76325,99606,76313,97350,73342,73363,,,,,,,,,,,,,,,,,,20080612,WO,HT,키움,KIA,목동,윤상원,78,3,-1,20080612HTWO0
직구,황두성,김종국,97423,96616,142,파울,,,,1,2,1,10,초,1,1,0,0,우,우,차일목,이재주,장성호,황두성,강귀태,이숭용,강정호,정성훈,황재균,정수성,이택근,권도영,73602.0,92304.0,96610.0,97423,72312,94310,76325,99606,76313,97350,73342,73363,,,,,,,,,,,,,,,,,,20080612,WO,HT,키움,KIA,목동,윤상원,78,4,-1,20080612HTWO0
포크,황두성,김종국,97423,96616,130,헛스윙,삼진,삼진,김종국 :  삼진 아웃;,1,2,1,10,초,1,1,0,0,우,우,차일목,이재주,장성호,황두성,강귀태,이숭용,강정호,정성훈,황재균,정수성,이택근,권도영,73602.0,92304.0,96610.0,97423,72312,94310,76325,99606,76313,97350,73342,73363,,,,,,,,,,,,,,,,,,20080612,WO,HT,키움,KIA,목동,윤상원,78,5,-1,20080612HTWO0
직구,황두성,최용규,97423,78666,141,볼,,,,0,0,2,10,초,1,1,0,0,우,우,차일목,이재주,장성호,황두성,강귀태,이숭용,강정호,정성훈,황재균,정수성,이택근,권도영,73602.0,92304.0,96610.0,97423,72312,94310,76325,99606,76313,97350,73342,73363,,,,,,,,,,,,,,,,,,20080612,WO,HT,키움,KIA,목동,윤상원,79,1,-1,20080612HTWO0
직구,황두성,최용규,97423,78666,142,볼,,,,1,0,2,10,초,1,1,0,0,우,우,차일목,이재주,장성호,황두성,강귀태,이숭용,강정호,정성훈,황재균,정수성,이택근,권도영,73602.0,92304.0,96610.0,97423,72312,94310,76325,99606,76313,97350,73342,73363,,,,,,,,,,,,,,,,,,20080612,WO,HT,키움,KIA,목동,윤상원,79,2,-1,20080612HTWO0
직구,황두성,최용규,97423,78666,141,파울,,,,2,0,2,10,초,1,1,0,0,우,우,차일목,이재주,장성호,황두성,강귀태,이숭용,강정호,정성훈,황재균,정수성,이택근,권도영,73602.0,92304.0,96610.0,97423,72312,94310,76325,99606,76313,97350,73342,73363,,,,,,,,,,,,,,,,,,20080612,WO,HT,키움,KIA,목동,윤상원,79,3,-1,20080612HTWO0
직구,황두성,최용규,97423,78666,143,파울,,,,2,1,2,10,초,1,1,0,0,우,우,차일목,이재주,장성호,황두성,강귀태,이숭용,강정호,정성훈,황재균,정수성,이택근,권도영,73602.0,92304.0,96610.0,97423,72312,94310,76325,99606,76313,97350,73342,73363,,,,,,,,,,,,,,,,,,20080612,WO,HT,키움,KIA,목동,윤상원,79,4,-1,20080612HTWO0
직구,황두성,최용규,97423,78666,145,볼,,,,2,2,2,10,초,1,1,0,0,우,우,차일목,이재주,장성호,황두성,강귀태,이숭용,강정호,정성훈,황재균,정수성,이택근,권도영,73602.0,92304.0,96610.0,97423,72312,94310,76325,99606,76313,97350,73342,73363,,,,,,,,,,,,,,,,,,20080612,WO,HT,키움,KIA,목동,윤상원,79,5,-1,20080612HTWO0
직구,황두성,최용규,97423,78666,144,스트라이크,삼진,삼진,최용규 :  삼진 아웃;,3,2,2,10,초,1,1,0,0,우,우,차일목,이재주,장성호,황두성,강귀태,이숭용,강정호,정성훈,황재균,정수성,이택근,권도영,73602.0,92304.0,96610.0,97423,72312,94310,76325,99606,76313,97350,73342,73363,,,,,,,,,,,,,,,,,,20080612,WO,HT,키움,KIA,목동,윤상원,79,6,-1,20080612HTWO0
직구,한기주,강귀태,76610,72312,146,볼,,,,0,0,0,10,말,1,1,0,0,우,우,,,,한기주,차일목,장성호,최용규,이현곤,김종국,김원섭,이용규,채종범,,,,76610,73602,96610,78666,72606,96616,71207,74163,70833,,,,,,,,,,,,,,,,,,20080612,WO,HT,키움,KIA,목동,윤상원,80,1,-1,20080612HTWO0
직구,한기주,강귀태,76610,72312,145,파울,,,,1,0,0,10,말,1,1,0,0,우,우,,,,한기주,차일목,장성호,최용규,이현곤,김종국,김원섭,이용규,채종범,,,,76610,73602,96610,78666,72606,96616,71207,74163,70833,,,,,,,,,,,,,,,,,,20080612,WO,HT,키움,KIA,목동,윤상원,80,2,-1,20080612HTWO0
직구,한기주,강귀태,76610,72312,146,타격,필드 아웃,플라이 아웃,강귀태 : 좌익수 플라이 아웃;,1,1,0,10,말,1,1,1,0,우,우,,,,한기주,차일목,장성호,최용규,이현곤,김종국,김원섭,이용규,채종범,,,,76610,73602,96610,78666,72606,96616,71207,74163,70833,,,,,,,,,,,,,,,,,,20080612,WO,HT,키움,KIA,목동,윤상원,80,3,-1,20080612HTWO0
직구,한기주,황재균,76610,76313,149,스트라이크,,,,0,0,1,10,말,1,1,0,0,우,우,,,,한기주,차일목,장성호,최용규,이현곤,김종국,김원섭,이용규,채종범,,,,76610,73602,96610,78666,72606,96616,71207,74163,70833,,,,,,,,,,,,,,,,,,20080612,WO,HT,키움,KIA,목동,윤상원,81,1,-1,20080612HTWO0
슬라이더,한기주,황재균,76610,76313,134,타격,안타,안타,황재균 : 중견수 앞 1루타;,0,1,1,10,말,1,1,0,0,우,우,,,,한기주,차일목,장성호,최용규,이현곤,김종국,김원섭,이용규,채종범,,,,76610,73602,96610,78666,72606,96616,71207,74163,70833,,,,,,,,,,,,,,,,,,20080612,WO,HT,키움,KIA,목동,윤상원,81,2,-1,20080612HTWO0
직구,한기주,이택근,76610,73342,145,볼,,,,0,0,1,10,말,1,1,0,0,우,우,황재균,,,한기주,차일목,장성호,최용규,이현곤,김종국,김원섭,이용규,채종범,76313.0,,,76610,73602,96610,78666,72606,96616,71207,74163,70833,,,,,,,,,,,,,,,,,,20080612,WO,HT,키움,KIA,목동,윤상원,82,1,-1,20080612HTWO0
직구,한기주,이택근,76610,73342,139,볼,,,,1,0,1,10,말,1,1,0,0,우,우,황재균,,,한기주,차일목,장성호,최용규,이현곤,김종국,김원섭,이용규,채종범,76313.0,,,76610,73602,96610,78666,72606,96616,71207,74163,70833,,,,,,,,,,,,,,,,,,20080612,WO,HT,키움,KIA,목동,윤상원,82,2,-1,20080612HTWO0
직구,한기주,이택근,76610,73342,146,스트라이크,,,,2,0,1,10,말,1,1,0,0,우,우,황재균,,,한기주,차일목,장성호,최용규,이현곤,김종국,김원섭,이용규,채종범,76313.0,,,76610,73602,96610,78666,72606,96616,71207,74163,70833,,,,,,,,,,,,,,,,,,20080612,WO,HT,키움,KIA,목동,윤상원,82,3,-1,20080612HTWO0
슬라이더,한기주,이택근,76610,73342,134,스트라이크,,,,2,1,1,10,말,1,1,0,0,우,우,황재균,,,한기주,차일목,장성호,최용규,이현곤,김종국,김원섭,이용규,채종범,76313.0,,,76610,73602,96610,78666,72606,96616,71207,74163,70833,,,,,,,,,,,,,,,,,,20080612,WO,HT,키움,KIA,목동,윤상원,82,4,-1,20080612HTWO0
,한기주,이택근,76610,73342,,,,,1루주자 황재균 :  도루실패 아웃 (포수->유격수 태그아웃);,2,2,1,10,말,1,1,1,0,우,우,황재균,,,한기주,차일목,장성호,최용규,이현곤,김종국,김원섭,이용규,채종범,76313.0,,,76610,73602,96610,78666,72606,96616,71207,74163,70833,,,,,,,,,,,,,,,,,,20080612,WO,HT,키움,KIA,목동,윤상원,82,,,20080612HTWO0
직구,한기주,이택근,76610,73342,149,파울,,,,2,2,2,10,말,1,1,0,0,우,우,,,,한기주,차일목,장성호,최용규,이현곤,김종국,김원섭,이용규,채종범,,,,76610,73602,96610,78666,72606,96616,71207,74163,70833,,,,,,,,,,,,,,,,,,20080612,WO,HT,키움,KIA,목동,윤상원,82,5,-1,20080612HTWO0
직구,한기주,이택근,76610,73342,151,타격,포스 아웃,땅볼 아웃,이택근 : 2루수 땅볼 아웃 (2루수->1루수 송구아웃);,2,2,2,10,말,1,1,1,0,우,우,,,,한기주,차일목,장성호,최용규,이현곤,김종국,김원섭,이용규,채종범,,,,76610,73602,96610,78666,72606,96616,71207,74163,70833,,,,,,,,,,,,,,,,,,20080612,WO,HT,키움,KIA,목동,윤상원,82,6,-1,20080612HTWO0
직구,황두성,이현곤,97423,72606,139,볼,,,,0,0,0,11,초,1,1,0,0,우,우,,,,황두성,강귀태,이숭용,강정호,정성훈,황재균,정수성,이택근,권도영,,,,97423,72312,94310,76325,99606,76313,97350,73342,73363,,,,,,,,,,,,,,,,,,20080612,WO,HT,키움,KIA,목동,윤상원,83,1,-1,20080612HTWO0
직구,황두성,이현곤,97423,72606,143,스트라이크,,,,1,0,0,11,초,1,1,0,0,우,우,,,,황두성,강귀태,이숭용,강정호,정성훈,황재균,정수성,이택근,권도영,,,,97423,72312,94310,76325,99606,76313,97350,73342,73363,,,,,,,,,,,,,,,,,,20080612,WO,HT,키움,KIA,목동,윤상원,83,2,-1,20080612HTWO0
포크,황두성,이현곤,97423,72606,127,볼,,,,1,1,0,11,초,1,1,0,0,우,우,,,,황두성,강귀태,이숭용,강정호,정성훈,황재균,정수성,이택근,권도영,,,,97423,72312,94310,76325,99606,76313,97350,73342,73363,,,,,,,,,,,,,,,,,,20080612,WO,HT,키움,KIA,목동,윤상원,83,3,-1,20080612HTWO0
직구,황두성,이현곤,97423,72606,143,파울,,,,2,1,0,11,초,1,1,0,0,우,우,,,,황두성,강귀태,이숭용,강정호,정성훈,황재균,정수성,이택근,권도영,,,,97423,72312,94310,76325,99606,76313,97350,73342,73363,,,,,,,,,,,,,,,,,,20080612,WO,HT,키움,KIA,목동,윤상원,83,4,-1,20080612HTWO0
직구,황두성,이현곤,97423,72606,143,파울,,,,2,2,0,11,초,1,1,0,0,우,우,,,,황두성,강귀태,이숭용,강정호,정성훈,황재균,정수성,이택근,권도영,,,,97423,72312,94310,76325,99606,76313,97350,73342,73363,,,,,,,,,,,,,,,,,,20080612,WO,HT,키움,KIA,목동,윤상원,83,5,-1,20080612HTWO0
직구,황두성,이현곤,97423,72606,144,볼,,,,2,2,0,11,초,1,1,0,0,우,우,,,,황두성,강귀태,이숭용,강정호,정성훈,황재균,정수성,이택근,권도영,,,,97423,72312,94310,76325,99606,76313,97350,73342,73363,,,,,,,,,,,,,,,,,,20080612,WO,HT,키움,KIA,목동,윤상원,83,6,-1,20080612HTWO0
포크,황두성,이현곤,97423,72606,130,볼,볼넷,볼넷,이현곤 :  볼넷;,3,2,0,11,초,1,1,0,0,우,우,,,,황두성,강귀태,이숭용,강정호,정성훈,황재균,정수성,이택근,권도영,,,,97423,72312,94310,76325,99606,76313,97350,73342,73363,,,,,,,,,,,,,,,,,,20080612,WO,HT,키움,KIA,목동,윤상원,83,7,-1,20080612HTWO0
직구,황두성,채종범,97423,70833,140,번트파울,,,,0,0,0,11,초,1,1,0,0,우,우,이현곤,,,황두성,강귀태,이숭용,강정호,정성훈,황재균,정수성,이택근,권도영,72606.0,,,97423,72312,94310,76325,99606,76313,97350,73342,73363,,,,,,,,,,,,,,,,,,20080612,WO,HT,키움,KIA,목동,윤상원,84,1,-1,20080612HTWO0
직구,황두성,채종범,97423,70833,140,타격,희생번트 실책,희생번트 실책,채종범 : 투수 희생번트 실책으로 출루 (투수 실책->2루수); 1루주자 이현곤 :   2루까지 진루;,0,1,0,11,초,1,1,0,0,우,우,이현곤,,,황두성,강귀태,이숭용,강정호,정성훈,황재균,정수성,이택근,권도영,72606.0,,,97423,72312,94310,76325,99606,76313,97350,73342,73363,,,,,,,,,,,,,,,,,,20080612,WO,HT,키움,KIA,목동,윤상원,84,2,-1,20080612HTWO0
직구,황두성,이용규,97423,74163,141,타격,희생번트,희생번트,이용규 : 3루수 희생번트 아웃 (3루수->2루수 1루 터치아웃); 1루주자 채종범 :   2루까지 진루; 2루주자 이현곤 :   3루까지 진루;,0,0,0,11,초,1,1,1,0,좌,우,채종범,이현곤,,황두성,강귀태,이숭용,강정호,정성훈,황재균,정수성,이택근,권도영,70833.0,72606.0,,97423,72312,94310,76325,99606,76313,97350,73342,73363,,,,,,,,,,,,,,,,,,20080612,WO,HT,키움,KIA,목동,윤상원,85,1,-1,20080612HTWO0
포크,황두성,김원섭,97423,71207,131,볼,,,,0,0,1,11,초,1,1,0,0,양,우,,채종범,이현곤,황두성,강귀태,이숭용,강정호,정성훈,황재균,정수성,이택근,권도영,,70833.0,72606.0,97423,72312,94310,76325,99606,76313,97350,73342,73363,,,,,,,,,,,,,,,,,,20080612,WO,HT,키움,KIA,목동,윤상원,86,1,-1,20080612HTWO0
직구,황두성,김원섭,97423,71207,144,볼,,,,1,0,1,11,초,1,1,0,0,양,우,,채종범,이현곤,황두성,강귀태,이숭용,강정호,정성훈,황재균,정수성,이택근,권도영,,70833.0,72606.0,97423,72312,94310,76325,99606,76313,97350,73342,73363,,,,,,,,,,,,,,,,,,20080612,WO,HT,키움,KIA,목동,윤상원,86,2,-1,20080612HTWO0
직구,황두성,김원섭,97423,71207,139,스트라이크,,,,2,0,1,11,초,1,1,0,0,양,우,,채종범,이현곤,황두성,강귀태,이숭용,강정호,정성훈,황재균,정수성,이택근,권도영,,70833.0,72606.0,97423,72312,94310,76325,99606,76313,97350,73342,73363,,,,,,,,,,,,,,,,,,20080612,WO,HT,키움,KIA,목동,윤상원,86,3,-1,20080612HTWO0
직구,황두성,김원섭,97423,71207,143,스트라이크,,,,2,1,1,11,초,1,1,0,0,양,우,,채종범,이현곤,황두성,강귀태,이숭용,강정호,정성훈,황재균,정수성,이택근,권도영,,70833.0,72606.0,97423,72312,94310,76325,99606,76313,97350,73342,73363,,,,,,,,,,,,,,,,,,20080612,WO,HT,키움,KIA,목동,윤상원,86,4,-1,20080612HTWO0
포크,황두성,김원섭,97423,71207,130,파울,,,,2,2,1,11,초,1,1,0,0,양,우,,채종범,이현곤,황두성,강귀태,이숭용,강정호,정성훈,황재균,정수성,이택근,권도영,,70833.0,72606.0,97423,72312,94310,76325,99606,76313,97350,73342,73363,,,,,,,,,,,,,,,,,,20080612,WO,HT,키움,KIA,목동,윤상원,86,5,-1,20080612HTWO0
포크,황두성,김원섭,97423,71207,117,헛스윙,삼진,삼진,김원섭 :  삼진 아웃;,2,2,1,11,초,1,1,0,0,양,우,,채종범,이현곤,황두성,강귀태,이숭용,강정호,정성훈,황재균,정수성,이택근,권도영,,70833.0,72606.0,97423,72312,94310,76325,99606,76313,97350,73342,73363,,,,,,,,,,,,,,,,,,20080612,WO,HT,키움,KIA,목동,윤상원,86,6,-1,20080612HTWO0
직구,황두성,장성호,97423,96610,141,타격,필드 아웃,플라이 아웃,장성호 : 좌익수 플라이 아웃;,0,0,2,11,초,1,1,1,0,좌,우,,채종범,이현곤,황두성,강귀태,이숭용,강정호,정성훈,황재균,정수성,이택근,권도영,,70833.0,72606.0,97423,72312,94310,76325,99606,76313,97350,73342,73363,,,,,,,,,,,,,,,,,,20080612,WO,HT,키움,KIA,목동,윤상원,87,1,-1,20080612HTWO0
슬라이더,한기주,정수성,76610,97350,135,볼,,,,0,0,0,11,말,1,1,0,0,양,우,,,,한기주,차일목,장성호,최용규,이현곤,김종국,김원섭,이용규,채종범,,,,76610,73602,96610,78666,72606,96616,71207,74163,70833,,,,,,,,,,,,,,,,,,20080612,WO,HT,키움,KIA,목동,윤상원,88,1,-1,20080612HTWO0
직구,한기주,정수성,76610,97350,146,번트파울,,,,1,0,0,11,말,1,1,0,0,양,우,,,,한기주,차일목,장성호,최용규,이현곤,김종국,김원섭,이용규,채종범,,,,76610,73602,96610,78666,72606,96616,71207,74163,70833,,,,,,,,,,,,,,,,,,20080612,WO,HT,키움,KIA,목동,윤상원,88,2,-1,20080612HTWO0
직구,한기주,정수성,76610,97350,146,볼,,,,1,1,0,11,말,1,1,0,0,양,우,,,,한기주,차일목,장성호,최용규,이현곤,김종국,김원섭,이용규,채종범,,,,76610,73602,96610,78666,72606,96616,71207,74163,70833,,,,,,,,,,,,,,,,,,20080612,WO,HT,키움,KIA,목동,윤상원,88,3,-1,20080612HTWO0
직구,한기주,정수성,76610,97350,146,타격,필드 아웃,번트 아웃,정수성 : 투수 번트 아웃 (투수->1루수 송구아웃);,2,1,0,11,말,1,1,1,0,양,우,,,,한기주,차일목,장성호,최용규,이현곤,김종국,김원섭,이용규,채종범,,,,76610,73602,96610,78666,72606,96616,71207,74163,70833,,,,,,,,,,,,,,,,,,20080612,WO,HT,키움,KIA,목동,윤상원,88,4,-1,20080612HTWO0
직구,한기주,정성훈,76610,99606,150,스트라이크,,,,0,0,1,11,말,1,1,0,0,우,우,,,,한기주,차일목,장성호,최용규,이현곤,김종국,김원섭,이용규,채종범,,,,76610,73602,96610,78666,72606,96616,71207,74163,70833,,,,,,,,,,,,,,,,,,20080612,WO,HT,키움,KIA,목동,윤상원,89,1,-1,20080612HTWO0
직구,한기주,정성훈,76610,99606,147,타격,필드 아웃,플라이 아웃,정성훈 : 중견수 플라이 아웃;,0,1,1,11,말,1,1,1,0,우,우,,,,한기주,차일목,장성호,최용규,이현곤,김종국,김원섭,이용규,채종범,,,,76610,73602,96610,78666,72606,96616,71207,74163,70833,,,,,,,,,,,,,,,,,,20080612,WO,HT,키움,KIA,목동,윤상원,89,2,-1,20080612HTWO0
,한기주,황두성,76610,97423,,,,,4번타자 황두성 : 대타 조중근(으)로 교체;,0,0,2,11,말,1,1,0,0,우,우,,,,한기주,차일목,장성호,최용규,이현곤,김종국,김원섭,이용규,채종범,,,,76610,73602,96610,78666,72606,96616,71207,74163,70833,,,,,,,,,,,,,,,,,,20080612,WO,HT,키움,KIA,목동,윤상원,90,,,20080612HTWO0
직구,한기주,조중근,76610,71835,147,타격,포스 아웃,땅볼 아웃,조중근 : 유격수 땅볼 아웃 (유격수->1루수 송구아웃);,0,0,2,11,말,1,1,1,0,좌,우,,,,한기주,차일목,장성호,최용규,이현곤,김종국,김원섭,이용규,채종범,,,,76610,73602,96610,78666,72606,96616,71207,74163,70833,,,,,,,,,,,,,,,,,,20080612,WO,HT,키움,KIA,목동,윤상원,90,1,-1,20080612HTWO0
,황두성,이재주,97423,92304,,,,,대타 조중근 : 투수 조용훈 (으)로 교체;,0,0,0,12,초,1,1,0,0,우,우,,,,황두성,강귀태,이숭용,강정호,정성훈,황재균,정수성,이택근,권도영,,,,97423,72312,94310,76325,99606,76313,97350,73342,73363,,,,,,,,,,,,,,,,,,20080612,WO,HT,키움,KIA,목동,윤상원,91,,,20080612HTWO0
커브,조용훈,이재주,76357,92304,112,볼,,,,0,0,0,12,초,1,1,0,0,우,우,,,,조용훈,강귀태,이숭용,강정호,정성훈,황재균,정수성,이택근,권도영,,,,76357,72312,94310,76325,99606,76313,97350,73342,73363,,,,,,,,,,,,,,,,,,20080612,WO,HT,키움,KIA,목동,윤상원,91,1,-1,20080612HTWO0
커브,조용훈,이재주,76357,92304,112,스트라이크,,,,1,0,0,12,초,1,1,0,0,우,우,,,,조용훈,강귀태,이숭용,강정호,정성훈,황재균,정수성,이택근,권도영,,,,76357,72312,94310,76325,99606,76313,97350,73342,73363,,,,,,,,,,,,,,,,,,20080612,WO,HT,키움,KIA,목동,윤상원,91,2,-1,20080612HTWO0
직구,조용훈,이재주,76357,92304,132,타격,안타,안타,이재주 : 좌익수 앞 1루타;,1,1,0,12,초,1,1,0,0,우,우,,,,조용훈,강귀태,이숭용,강정호,정성훈,황재균,정수성,이택근,권도영,,,,76357,72312,94310,76325,99606,76313,97350,73342,73363,,,,,,,,,,,,,,,,,,20080612,WO,HT,키움,KIA,목동,윤상원,91,3,-1,20080612HTWO0
직구,조용훈,차일목,76357,73602,132,볼,,,,0,0,0,12,초,1,1,0,0,우,우,이재주,,,조용훈,강귀태,이숭용,강정호,정성훈,황재균,정수성,이택근,권도영,92304.0,,,76357,72312,94310,76325,99606,76313,97350,73342,73363,,,,,,,,,,,,,,,,,,20080612,WO,HT,키움,KIA,목동,윤상원,92,1,-1,20080612HTWO0
직구,조용훈,차일목,76357,73602,131,볼,,,,1,0,0,12,초,1,1,0,0,우,우,이재주,,,조용훈,강귀태,이숭용,강정호,정성훈,황재균,정수성,이택근,권도영,92304.0,,,76357,72312,94310,76325,99606,76313,97350,73342,73363,,,,,,,,,,,,,,,,,,20080612,WO,HT,키움,KIA,목동,윤상원,92,2,-1,20080612HTWO0
커브,조용훈,차일목,76357,73602,112,스트라이크,,,,2,0,0,12,초,1,1,0,0,우,우,이재주,,,조용훈,강귀태,이숭용,강정호,정성훈,황재균,정수성,이택근,권도영,92304.0,,,76357,72312,94310,76325,99606,76313,97350,73342,73363,,,,,,,,,,,,,,,,,,20080612,WO,HT,키움,KIA,목동,윤상원,92,3,-1,20080612HTWO0
직구,조용훈,차일목,76357,73602,130,타격,희생번트,희생번트,차일목 : 포수 희생번트 아웃; 1루주자 이재주 :   2루까지 진루;,2,1,0,12,초,1,1,1,0,우,우,이재주,,,조용훈,강귀태,이숭용,강정호,정성훈,황재균,정수성,이택근,권도영,92304.0,,,76357,72312,94310,76325,99606,76313,97350,73342,73363,,,,,,,,,,,,,,,,,,20080612,WO,HT,키움,KIA,목동,윤상원,92,4,-1,20080612HTWO0
직구,조용훈,김종국,76357,96616,132,볼,,,,0,0,1,12,초,1,1,0,0,우,우,,이재주,,조용훈,강귀태,이숭용,강정호,정성훈,황재균,정수성,이택근,권도영,,92304.0,,76357,72312,94310,76325,99606,76313,97350,73342,73363,,,,,,,,,,,,,,,,,,20080612,WO,HT,키움,KIA,목동,윤상원,93,1,-1,20080612HTWO0
커브,조용훈,김종국,76357,96616,113,스트라이크,,,,1,0,1,12,초,1,1,0,0,우,우,,이재주,,조용훈,강귀태,이숭용,강정호,정성훈,황재균,정수성,이택근,권도영,,92304.0,,76357,72312,94310,76325,99606,76313,97350,73342,73363,,,,,,,,,,,,,,,,,,20080612,WO,HT,키움,KIA,목동,윤상원,93,2,-1,20080612HTWO0
직구,조용훈,김종국,76357,96616,131,파울,,,,1,1,1,12,초,1,1,0,0,우,우,,이재주,,조용훈,강귀태,이숭용,강정호,정성훈,황재균,정수성,이택근,권도영,,92304.0,,76357,72312,94310,76325,99606,76313,97350,73342,73363,,,,,,,,,,,,,,,,,,20080612,WO,HT,키움,KIA,목동,윤상원,93,3,-1,20080612HTWO0
커브,조용훈,김종국,76357,96616,115,볼,,,,1,2,1,12,초,1,1,0,0,우,우,,이재주,,조용훈,강귀태,이숭용,강정호,정성훈,황재균,정수성,이택근,권도영,,92304.0,,76357,72312,94310,76325,99606,76313,97350,73342,73363,,,,,,,,,,,,,,,,,,20080612,WO,HT,키움,KIA,목동,윤상원,93,4,-1,20080612HTWO0
커브,조용훈,김종국,76357,96616,114,볼,,,,2,2,1,12,초,1,1,0,0,우,우,,이재주,,조용훈,강귀태,이숭용,강정호,정성훈,황재균,정수성,이택근,권도영,,92304.0,,76357,72312,94310,76325,99606,76313,97350,73342,73363,,,,,,,,,,,,,,,,,,20080612,WO,HT,키움,KIA,목동,윤상원,93,5,-1,20080612HTWO0
커브,조용훈,김종국,76357,96616,113,헛스윙,삼진,삼진,김종국 :  삼진 아웃;,3,2,1,12,초,1,1,0,0,우,우,,이재주,,조용훈,강귀태,이숭용,강정호,정성훈,황재균,정수성,이택근,권도영,,92304.0,,76357,72312,94310,76325,99606,76313,97350,73342,73363,,,,,,,,,,,,,,,,,,20080612,WO,HT,키움,KIA,목동,윤상원,93,6,-1,20080612HTWO0
커브,조용훈,최용규,76357,78666,112,볼,,,,0,0,2,12,초,1,1,0,0,우,우,,이재주,,조용훈,강귀태,이숭용,강정호,정성훈,황재균,정수성,이택근,권도영,,92304.0,,76357,72312,94310,76325,99606,76313,97350,73342,73363,,,,,,,,,,,,,,,,,,20080612,WO,HT,키움,KIA,목동,윤상원,94,1,-1,20080612HTWO0
직구,조용훈,최용규,76357,78666,132,타격,포스 아웃,땅볼 아웃,최용규 : 3루수 땅볼 아웃 (3루수->1루수 송구아웃);,1,0,2,12,초,1,1,1,0,우,우,,이재주,,조용훈,강귀태,이숭용,강정호,정성훈,황재균,정수성,이택근,권도영,,92304.0,,76357,72312,94310,76325,99606,76313,97350,73342,73363,,,,,,,,,,,,,,,,,,20080612,WO,HT,키움,KIA,목동,윤상원,94,2,-1,20080612HTWO0
직구,한기주,권도영,76610,73363,146,스트라이크,,,,0,0,0,12,말,1,1,0,0,우,우,,,,한기주,차일목,장성호,최용규,이현곤,김종국,김원섭,이용규,채종범,,,,76610,73602,96610,78666,72606,96616,71207,74163,70833,,,,,,,,,,,,,,,,,,20080612,WO,HT,키움,KIA,목동,윤상원,95,1,-1,20080612HTWO0
슬라이더,한기주,권도영,76610,73363,134,타격,포스 아웃,땅볼 아웃,권도영 : 투수 땅볼 아웃 (투수->1루수 송구아웃);,0,1,0,12,말,1,1,1,0,우,우,,,,한기주,차일목,장성호,최용규,이현곤,김종국,김원섭,이용규,채종범,,,,76610,73602,96610,78666,72606,96616,71207,74163,70833,,,,,,,,,,,,,,,,,,20080612,WO,HT,키움,KIA,목동,윤상원,95,2,-1,20080612HTWO0
슬라이더,한기주,이숭용,76610,94310,136,볼,,,,0,0,1,12,말,1,1,0,0,좌,우,,,,한기주,차일목,장성호,최용규,이현곤,김종국,김원섭,이용규,채종범,,,,76610,73602,96610,78666,72606,96616,71207,74163,70833,,,,,,,,,,,,,,,,,,20080612,WO,HT,키움,KIA,목동,윤상원,96,1,-1,20080612HTWO0
슬라이더,한기주,이숭용,76610,94310,136,스트라이크,,,,1,0,1,12,말,1,1,0,0,좌,우,,,,한기주,차일목,장성호,최용규,이현곤,김종국,김원섭,이용규,채종범,,,,76610,73602,96610,78666,72606,96616,71207,74163,70833,,,,,,,,,,,,,,,,,,20080612,WO,HT,키움,KIA,목동,윤상원,96,2,-1,20080612HTWO0
직구,한기주,이숭용,76610,94310,148,파울,,,,1,1,1,12,말,1,1,0,0,좌,우,,,,한기주,차일목,장성호,최용규,이현곤,김종국,김원섭,이용규,채종범,,,,76610,73602,96610,78666,72606,96616,71207,74163,70833,,,,,,,,,,,,,,,,,,20080612,WO,HT,키움,KIA,목동,윤상원,96,3,-1,20080612HTWO0
체인지업,한기주,이숭용,76610,94310,132,타격,포스 아웃,땅볼 아웃,이숭용 : 유격수 땅볼 아웃 (유격수->1루수 송구아웃);,1,2,1,12,말,1,1,1,0,좌,우,,,,한기주,차일목,장성호,최용규,이현곤,김종국,김원섭,이용규,채종범,,,,76610,73602,96610,78666,72606,96616,71207,74163,70833,,,,,,,,,,,,,,,,,,20080612,WO,HT,키움,KIA,목동,윤상원,96,4,-1,20080612HTWO0
직구,한기주,강정호,76610,76325,147,타격,포스 아웃,땅볼 아웃,강정호 : 유격수 땅볼 아웃 (유격수->1루수 송구아웃);,0,0,2,12,말,1,1,1,0,우,우,,,,한기주,차일목,장성호,최용규,이현곤,김종국,김원섭,이용규,채종범,,,,76610,73602,96610,78666,72606,96616,71207,74163,70833,,,,,,,,,,,,,,,,,,20080612,WO,HT,키움,KIA,목동,윤상원,97,1,-1,20080612HTWO0
직구,조용훈,이현곤,76357,72606,132,타격,포스 아웃,땅볼 아웃,이현곤 : 투수 땅볼 아웃 (투수->1루수 송구아웃);,0,0,0,13,초,1,1,1,0,우,우,,,,조용훈,강귀태,이숭용,강정호,정성훈,황재균,정수성,이택근,권도영,,,,76357,72312,94310,76325,99606,76313,97350,73342,73363,,,,,,,,,,,,,,,,,,20080612,WO,HT,키움,KIA,목동,윤상원,98,1,-1,20080612HTWO0
커브,조용훈,채종범,76357,70833,114,스트라이크,,,,0,0,1,13,초,1,1,0,0,우,우,,,,조용훈,강귀태,이숭용,강정호,정성훈,황재균,정수성,이택근,권도영,,,,76357,72312,94310,76325,99606,76313,97350,73342,73363,,,,,,,,,,,,,,,,,,20080612,WO,HT,키움,KIA,목동,윤상원,99,1,-1,20080612HTWO0
직구,조용훈,채종범,76357,70833,132,볼,,,,0,1,1,13,초,1,1,0,0,우,우,,,,조용훈,강귀태,이숭용,강정호,정성훈,황재균,정수성,이택근,권도영,,,,76357,72312,94310,76325,99606,76313,97350,73342,73363,,,,,,,,,,,,,,,,,,20080612,WO,HT,키움,KIA,목동,윤상원,99,2,-1,20080612HTWO0
커브,조용훈,채종범,76357,70833,113,볼,,,,1,1,1,13,초,1,1,0,0,우,우,,,,조용훈,강귀태,이숭용,강정호,정성훈,황재균,정수성,이택근,권도영,,,,76357,72312,94310,76325,99606,76313,97350,73342,73363,,,,,,,,,,,,,,,,,,20080612,WO,HT,키움,KIA,목동,윤상원,99,3,-1,20080612HTWO0
직구,조용훈,채종범,76357,70833,133,타격,안타,안타,채종범 : 좌익수 앞 1루타;,2,1,1,13,초,1,1,0,0,우,우,,,,조용훈,강귀태,이숭용,강정호,정성훈,황재균,정수성,이택근,권도영,,,,76357,72312,94310,76325,99606,76313,97350,73342,73363,,,,,,,,,,,,,,,,,,20080612,WO,HT,키움,KIA,목동,윤상원,99,4,-1,20080612HTWO0
,조용훈,이용규,76357,74163,,,,,투수 조용훈 : 투수 김영민 (으)로 교체;,0,0,1,13,초,1,1,0,0,좌,우,채종범,,,조용훈,강귀태,이숭용,강정호,정성훈,황재균,정수성,이택근,권도영,70833.0,,,76357,72312,94310,76325,99606,76313,97350,73342,73363,,,,,,,,,,,,,,,,,,20080612,WO,HT,키움,KIA,목동,윤상원,100,,,20080612HTWO0
직구,김영민,이용규,76350,74163,143,타격,안타,안타,이용규 : 우익수 앞 1루타; 1루주자 채종범 :   2루까지 진루;,0,0,1,13,초,1,1,0,0,좌,우,채종범,,,김영민,강귀태,이숭용,강정호,정성훈,황재균,정수성,이택근,권도영,70833.0,,,76350,72312,94310,76325,99606,76313,97350,73342,73363,,,,,,,,,,,,,,,,,,20080612,WO,HT,키움,KIA,목동,윤상원,100,1,-1,20080612HTWO0
커브,김영민,김원섭,76350,71207,119,볼,,,,0,0,1,13,초,1,1,0,0,양,우,이용규,채종범,,김영민,강귀태,이숭용,강정호,정성훈,황재균,정수성,이택근,권도영,74163.0,70833.0,,76350,72312,94310,76325,99606,76313,97350,73342,73363,,,,,,,,,,,,,,,,,,20080612,WO,HT,키움,KIA,목동,윤상원,101,1,-1,20080612HTWO0
직구,김영민,김원섭,76350,71207,143,볼,,,,1,0,1,13,초,1,1,0,0,양,우,이용규,채종범,,김영민,강귀태,이숭용,강정호,정성훈,황재균,정수성,이택근,권도영,74163.0,70833.0,,76350,72312,94310,76325,99606,76313,97350,73342,73363,,,,,,,,,,,,,,,,,,20080612,WO,HT,키움,KIA,목동,윤상원,101,2,-1,20080612HTWO0
직구,김영민,김원섭,76350,71207,144,파울,,,,2,0,1,13,초,1,1,0,0,양,우,이용규,채종범,,김영민,강귀태,이숭용,강정호,정성훈,황재균,정수성,이택근,권도영,74163.0,70833.0,,76350,72312,94310,76325,99606,76313,97350,73342,73363,,,,,,,,,,,,,,,,,,20080612,WO,HT,키움,KIA,목동,윤상원,101,3,-1,20080612HTWO0
커브,김영민,김원섭,76350,71207,119,스트라이크,,,,2,1,1,13,초,1,1,0,0,양,우,이용규,채종범,,김영민,강귀태,이숭용,강정호,정성훈,황재균,정수성,이택근,권도영,74163.0,70833.0,,76350,72312,94310,76325,99606,76313,97350,73342,73363,,,,,,,,,,,,,,,,,,20080612,WO,HT,키움,KIA,목동,윤상원,101,4,-1,20080612HTWO0
슬라이더,김영민,김원섭,76350,71207,127,헛스윙,삼진,삼진,김원섭 :  삼진 아웃;,2,2,1,13,초,1,1,0,0,양,우,이용규,채종범,,김영민,강귀태,이숭용,강정호,정성훈,황재균,정수성,이택근,권도영,74163.0,70833.0,,76350,72312,94310,76325,99606,76313,97350,73342,73363,,,,,,,,,,,,,,,,,,20080612,WO,HT,키움,KIA,목동,윤상원,101,5,-1,20080612HTWO0
직구,김영민,장성호,76350,96610,143,타격,포스 아웃,땅볼 아웃,장성호 : 1루수 땅볼 아웃 (1루수->투수 1루 터치아웃);,0,0,2,13,초,1,1,1,0,좌,우,이용규,채종범,,김영민,강귀태,이숭용,강정호,정성훈,황재균,정수성,이택근,권도영,74163.0,70833.0,,76350,72312,94310,76325,99606,76313,97350,73342,73363,,,,,,,,,,,,,,,,,,20080612,WO,HT,키움,KIA,목동,윤상원,102,1,-1,20080612HTWO0
,한기주,강귀태,76610,72312,,,,,투수 한기주 : 투수 손영민 (으)로 교체;,0,0,0,13,말,1,1,0,0,우,우,,,,한기주,차일목,장성호,최용규,이현곤,김종국,김원섭,이용규,채종범,,,,76610,73602,96610,78666,72606,96616,71207,74163,70833,,,,,,,,,,,,,,,,,,20080612,WO,HT,키움,KIA,목동,윤상원,103,,,20080612HTWO0
커브,손영민,강귀태,76639,72312,118,타격,필드 아웃,플라이 아웃,강귀태 : 우익수 플라이 아웃;,0,0,0,13,말,1,1,1,0,우,우,,,,손영민,차일목,장성호,최용규,이현곤,김종국,김원섭,이용규,채종범,,,,76639,73602,96610,78666,72606,96616,71207,74163,70833,,,,,,,,,,,,,,,,,,20080612,WO,HT,키움,KIA,목동,윤상원,103,1,-1,20080612HTWO0
직구,손영민,황재균,76639,76313,138,파울,,,,0,0,1,13,말,1,1,0,0,우,우,,,,손영민,차일목,장성호,최용규,이현곤,김종국,김원섭,이용규,채종범,,,,76639,73602,96610,78666,72606,96616,71207,74163,70833,,,,,,,,,,,,,,,,,,20080612,WO,HT,키움,KIA,목동,윤상원,104,1,-1,20080612HTWO0
커브,손영민,황재균,76639,76313,118,볼,,,,0,1,1,13,말,1,1,0,0,우,우,,,,손영민,차일목,장성호,최용규,이현곤,김종국,김원섭,이용규,채종범,,,,76639,73602,96610,78666,72606,96616,71207,74163,70833,,,,,,,,,,,,,,,,,,20080612,WO,HT,키움,KIA,목동,윤상원,104,2,-1,20080612HTWO0
직구,손영민,황재균,76639,76313,136,파울,,,,1,1,1,13,말,1,1,0,0,우,우,,,,손영민,차일목,장성호,최용규,이현곤,김종국,김원섭,이용규,채종범,,,,76639,73602,96610,78666,72606,96616,71207,74163,70833,,,,,,,,,,,,,,,,,,20080612,WO,HT,키움,KIA,목동,윤상원,104,3,-1,20080612HTWO0
커브,손영민,황재균,76639,76313,116,파울,,,,1,2,1,13,말,1,1,0,0,우,우,,,,손영민,차일목,장성호,최용규,이현곤,김종국,김원섭,이용규,채종범,,,,76639,73602,96610,78666,72606,96616,71207,74163,70833,,,,,,,,,,,,,,,,,,20080612,WO,HT,키움,KIA,목동,윤상원,104,4,-1,20080612HTWO0
슬라이더,손영민,황재균,76639,76313,127,헛스윙,삼진,삼진,황재균 :  삼진 아웃;,1,2,1,13,말,1,1,0,0,우,우,,,,손영민,차일목,장성호,최용규,이현곤,김종국,김원섭,이용규,채종범,,,,76639,73602,96610,78666,72606,96616,71207,74163,70833,,,,,,,,,,,,,,,,,,20080612,WO,HT,키움,KIA,목동,윤상원,104,5,-1,20080612HTWO0
슬라이더,손영민,이택근,76639,73342,129,볼,,,,0,0,2,13,말,1,1,0,0,우,우,,,,손영민,차일목,장성호,최용규,이현곤,김종국,김원섭,이용규,채종범,,,,76639,73602,96610,78666,72606,96616,71207,74163,70833,,,,,,,,,,,,,,,,,,20080612,WO,HT,키움,KIA,목동,윤상원,105,1,-1,20080612HTWO0
커브,손영민,이택근,76639,73342,117,헛스윙,,,,1,0,2,13,말,1,1,0,0,우,우,,,,손영민,차일목,장성호,최용규,이현곤,김종국,김원섭,이용규,채종범,,,,76639,73602,96610,78666,72606,96616,71207,74163,70833,,,,,,,,,,,,,,,,,,20080612,WO,HT,키움,KIA,목동,윤상원,105,2,-1,20080612HTWO0
커브,손영민,이택근,76639,73342,118,볼,,,,1,1,2,13,말,1,1,0,0,우,우,,,,손영민,차일목,장성호,최용규,이현곤,김종국,김원섭,이용규,채종범,,,,76639,73602,96610,78666,72606,96616,71207,74163,70833,,,,,,,,,,,,,,,,,,20080612,WO,HT,키움,KIA,목동,윤상원,105,3,-1,20080612HTWO0
커브,손영민,이택근,76639,73342,118,파울,,,,2,1,2,13,말,1,1,0,0,우,우,,,,손영민,차일목,장성호,최용규,이현곤,김종국,김원섭,이용규,채종범,,,,76639,73602,96610,78666,72606,96616,71207,74163,70833,,,,,,,,,,,,,,,,,,20080612,WO,HT,키움,KIA,목동,윤상원,105,4,-1,20080612HTWO0
커브,손영민,이택근,76639,73342,116,볼,,,,2,2,2,13,말,1,1,0,0,우,우,,,,손영민,차일목,장성호,최용규,이현곤,김종국,김원섭,이용규,채종범,,,,76639,73602,96610,78666,72606,96616,71207,74163,70833,,,,,,,,,,,,,,,,,,20080612,WO,HT,키움,KIA,목동,윤상원,105,5,-1,20080612HTWO0
직구,손영민,이택근,76639,73342,139,볼,볼넷,볼넷,이택근 :  볼넷;,3,2,2,13,말,1,1,0,0,우,우,,,,손영민,차일목,장성호,최용규,이현곤,김종국,김원섭,이용규,채종범,,,,76639,73602,96610,78666,72606,96616,71207,74163,70833,,,,,,,,,,,,,,,,,,20080612,WO,HT,키움,KIA,목동,윤상원,105,6,-1,20080612HTWO0
슬라이더,손영민,정수성,76639,97350,128,볼,,,,0,0,2,13,말,1,1,0,0,양,우,이택근,,,손영민,차일목,장성호,최용규,이현곤,김종국,김원섭,이용규,채종범,73342.0,,,76639,73602,96610,78666,72606,96616,71207,74163,70833,,,,,,,,,,,,,,,,,,20080612,WO,HT,키움,KIA,목동,윤상원,106,1,-1,20080612HTWO0
직구,손영민,정수성,76639,97350,138,타격,필드 아웃,플라이 아웃,정수성 : 유격수 플라이 아웃;,1,0,2,13,말,1,1,1,0,양,우,이택근,,,손영민,차일목,장성호,최용규,이현곤,김종국,김원섭,이용규,채종범,73342.0,,,76639,73602,96610,78666,72606,96616,71207,74163,70833,,,,,,,,,,,,,,,,,,20080612,WO,HT,키움,KIA,목동,윤상원,106,2,-1,20080612HTWO0
커브,김영민,이재주,76350,92304,119,볼,,,,0,0,0,14,초,1,1,0,0,우,우,,,,김영민,강귀태,이숭용,강정호,정성훈,황재균,정수성,이택근,권도영,,,,76350,72312,94310,76325,99606,76313,97350,73342,73363,,,,,,,,,,,,,,,,,,20080612,WO,HT,키움,KIA,목동,윤상원,107,1,-1,20080612HTWO0
커브,김영민,이재주,76350,92304,120,볼,,,,1,0,0,14,초,1,1,0,0,우,우,,,,김영민,강귀태,이숭용,강정호,정성훈,황재균,정수성,이택근,권도영,,,,76350,72312,94310,76325,99606,76313,97350,73342,73363,,,,,,,,,,,,,,,,,,20080612,WO,HT,키움,KIA,목동,윤상원,107,2,-1,20080612HTWO0
커브,김영민,이재주,76350,92304,119,스트라이크,,,,2,0,0,14,초,1,1,0,0,우,우,,,,김영민,강귀태,이숭용,강정호,정성훈,황재균,정수성,이택근,권도영,,,,76350,72312,94310,76325,99606,76313,97350,73342,73363,,,,,,,,,,,,,,,,,,20080612,WO,HT,키움,KIA,목동,윤상원,107,3,-1,20080612HTWO0
커브,김영민,이재주,76350,92304,118,볼,,,,2,1,0,14,초,1,1,0,0,우,우,,,,김영민,강귀태,이숭용,강정호,정성훈,황재균,정수성,이택근,권도영,,,,76350,72312,94310,76325,99606,76313,97350,73342,73363,,,,,,,,,,,,,,,,,,20080612,WO,HT,키움,KIA,목동,윤상원,107,4,-1,20080612HTWO0
직구,김영민,이재주,76350,92304,143,파울,,,,3,1,0,14,초,1,1,0,0,우,우,,,,김영민,강귀태,이숭용,강정호,정성훈,황재균,정수성,이택근,권도영,,,,76350,72312,94310,76325,99606,76313,97350,73342,73363,,,,,,,,,,,,,,,,,,20080612,WO,HT,키움,KIA,목동,윤상원,107,5,-1,20080612HTWO0
슬라이더,김영민,이재주,76350,92304,129,파울,,,,3,2,0,14,초,1,1,0,0,우,우,,,,김영민,강귀태,이숭용,강정호,정성훈,황재균,정수성,이택근,권도영,,,,76350,72312,94310,76325,99606,76313,97350,73342,73363,,,,,,,,,,,,,,,,,,20080612,WO,HT,키움,KIA,목동,윤상원,107,6,-1,20080612HTWO0
커브,김영민,이재주,76350,92304,120,파울,,,,3,2,0,14,초,1,1,0,0,우,우,,,,김영민,강귀태,이숭용,강정호,정성훈,황재균,정수성,이택근,권도영,,,,76350,72312,94310,76325,99606,76313,97350,73342,73363,,,,,,,,,,,,,,,,,,20080612,WO,HT,키움,KIA,목동,윤상원,107,7,-1,20080612HTWO0
슬라이더,김영민,이재주,76350,92304,127,헛스윙,삼진,낫아웃 삼진,이재주 : 포수 스트라이크 낫아웃;,3,2,0,14,초,1,1,0,0,우,우,,,,김영민,강귀태,이숭용,강정호,정성훈,황재균,정수성,이택근,권도영,,,,76350,72312,94310,76325,99606,76313,97350,73342,73363,,,,,,,,,,,,,,,,,,20080612,WO,HT,키움,KIA,목동,윤상원,107,8,-1,20080612HTWO0
커브,김영민,차일목,76350,73602,110,볼,,,,0,0,1,14,초,1,1,0,0,우,우,,,,김영민,강귀태,이숭용,강정호,정성훈,황재균,정수성,이택근,권도영,,,,76350,72312,94310,76325,99606,76313,97350,73342,73363,,,,,,,,,,,,,,,,,,20080612,WO,HT,키움,KIA,목동,윤상원,108,1,-1,20080612HTWO0
슬라이더,김영민,차일목,76350,73602,127,볼,,,,1,0,1,14,초,1,1,0,0,우,우,,,,김영민,강귀태,이숭용,강정호,정성훈,황재균,정수성,이택근,권도영,,,,76350,72312,94310,76325,99606,76313,97350,73342,73363,,,,,,,,,,,,,,,,,,20080612,WO,HT,키움,KIA,목동,윤상원,108,2,-1,20080612HTWO0
직구,김영민,차일목,76350,73602,142,볼,,,,2,0,1,14,초,1,1,0,0,우,우,,,,김영민,강귀태,이숭용,강정호,정성훈,황재균,정수성,이택근,권도영,,,,76350,72312,94310,76325,99606,76313,97350,73342,73363,,,,,,,,,,,,,,,,,,20080612,WO,HT,키움,KIA,목동,윤상원,108,3,-1,20080612HTWO0
직구,김영민,차일목,76350,73602,143,스트라이크,,,,3,0,1,14,초,1,1,0,0,우,우,,,,김영민,강귀태,이숭용,강정호,정성훈,황재균,정수성,이택근,권도영,,,,76350,72312,94310,76325,99606,76313,97350,73342,73363,,,,,,,,,,,,,,,,,,20080612,WO,HT,키움,KIA,목동,윤상원,108,4,-1,20080612HTWO0
직구,김영민,차일목,76350,73602,143,타격,안타,안타,차일목 : 우중간 1루타;,3,1,1,14,초,1,1,0,0,우,우,,,,김영민,강귀태,이숭용,강정호,정성훈,황재균,정수성,이택근,권도영,,,,76350,72312,94310,76325,99606,76313,97350,73342,73363,,,,,,,,,,,,,,,,,,20080612,WO,HT,키움,KIA,목동,윤상원,108,5,-1,20080612HTWO0
슬라이더,김영민,김종국,76350,96616,130,헛스윙,,,,0,0,1,14,초,1,1,0,0,우,우,차일목,,,김영민,강귀태,이숭용,강정호,정성훈,황재균,정수성,이택근,권도영,73602.0,,,76350,72312,94310,76325,99606,76313,97350,73342,73363,,,,,,,,,,,,,,,,,,20080612,WO,HT,키움,KIA,목동,윤상원,109,1,-1,20080612HTWO0
직구,김영민,김종국,76350,96616,143,스트라이크,,,,0,1,1,14,초,1,1,0,0,우,우,차일목,,,김영민,강귀태,이숭용,강정호,정성훈,황재균,정수성,이택근,권도영,73602.0,,,76350,72312,94310,76325,99606,76313,97350,73342,73363,,,,,,,,,,,,,,,,,,20080612,WO,HT,키움,KIA,목동,윤상원,109,2,-1,20080612HTWO0
직구,김영민,김종국,76350,96616,143,볼,,,,0,2,1,14,초,1,1,0,0,우,우,차일목,,,김영민,강귀태,이숭용,강정호,정성훈,황재균,정수성,이택근,권도영,73602.0,,,76350,72312,94310,76325,99606,76313,97350,73342,73363,,,,,,,,,,,,,,,,,,20080612,WO,HT,키움,KIA,목동,윤상원,109,3,-1,20080612HTWO0
직구,김영민,김종국,76350,96616,144,헛스윙,삼진,삼진,김종국 :  삼진 아웃;,1,2,1,14,초,1,1,0,0,우,우,차일목,,,김영민,강귀태,이숭용,강정호,정성훈,황재균,정수성,이택근,권도영,73602.0,,,76350,72312,94310,76325,99606,76313,97350,73342,73363,,,,,,,,,,,,,,,,,,20080612,WO,HT,키움,KIA,목동,윤상원,109,4,-1,20080612HTWO0
슬라이더,김영민,최용규,76350,78666,130,볼,,,,0,0,2,14,초,1,1,0,0,우,우,차일목,,,김영민,강귀태,이숭용,강정호,정성훈,황재균,정수성,이택근,권도영,73602.0,,,76350,72312,94310,76325,99606,76313,97350,73342,73363,,,,,,,,,,,,,,,,,,20080612,WO,HT,키움,KIA,목동,윤상원,110,1,-1,20080612HTWO0
직구,김영민,최용규,76350,78666,144,헛스윙,,,,1,0,2,14,초,1,1,0,0,우,우,차일목,,,김영민,강귀태,이숭용,강정호,정성훈,황재균,정수성,이택근,권도영,73602.0,,,76350,72312,94310,76325,99606,76313,97350,73342,73363,,,,,,,,,,,,,,,,,,20080612,WO,HT,키움,KIA,목동,윤상원,110,2,-1,20080612HTWO0
슬라이더,김영민,최용규,76350,78666,129,타격,포스 아웃,땅볼 아웃,최용규 : 3루수 땅볼 아웃 (3루수->1루수 송구아웃);,1,1,2,14,초,1,1,1,0,우,우,차일목,,,김영민,강귀태,이숭용,강정호,정성훈,황재균,정수성,이택근,권도영,73602.0,,,76350,72312,94310,76325,99606,76313,97350,73342,73363,,,,,,,,,,,,,,,,,,20080612,WO,HT,키움,KIA,목동,윤상원,110,3,-1,20080612HTWO0
직구,손영민,정성훈,76639,99606,136,볼,,,,0,0,0,14,말,1,1,0,0,우,우,,,,손영민,차일목,장성호,최용규,이현곤,김종국,김원섭,이용규,채종범,,,,76639,73602,96610,78666,72606,96616,71207,74163,70833,,,,,,,,,,,,,,,,,,20080612,WO,HT,키움,KIA,목동,윤상원,111,1,-1,20080612HTWO0
직구,손영민,정성훈,76639,99606,137,볼,,,,1,0,0,14,말,1,1,0,0,우,우,,,,손영민,차일목,장성호,최용규,이현곤,김종국,김원섭,이용규,채종범,,,,76639,73602,96610,78666,72606,96616,71207,74163,70833,,,,,,,,,,,,,,,,,,20080612,WO,HT,키움,KIA,목동,윤상원,111,2,-1,20080612HTWO0
직구,손영민,정성훈,76639,99606,136,볼,,,,2,0,0,14,말,1,1,0,0,우,우,,,,손영민,차일목,장성호,최용규,이현곤,김종국,김원섭,이용규,채종범,,,,76639,73602,96610,78666,72606,96616,71207,74163,70833,,,,,,,,,,,,,,,,,,20080612,WO,HT,키움,KIA,목동,윤상원,111,3,-1,20080612HTWO0
직구,손영민,정성훈,76639,99606,135,스트라이크,,,,3,0,0,14,말,1,1,0,0,우,우,,,,손영민,차일목,장성호,최용규,이현곤,김종국,김원섭,이용규,채종범,,,,76639,73602,96610,78666,72606,96616,71207,74163,70833,,,,,,,,,,,,,,,,,,20080612,WO,HT,키움,KIA,목동,윤상원,111,4,-1,20080612HTWO0
직구,손영민,정성훈,76639,99606,137,볼,볼넷,볼넷,정성훈 :  볼넷;,3,1,0,14,말,1,1,0,0,우,우,,,,손영민,차일목,장성호,최용규,이현곤,김종국,김원섭,이용규,채종범,,,,76639,73602,96610,78666,72606,96616,71207,74163,70833,,,,,,,,,,,,,,,,,,20080612,WO,HT,키움,KIA,목동,윤상원,111,5,-1,20080612HTWO0
직구,손영민,김영민,76639,76350,136,번트헛스윙,,,,0,0,0,14,말,1,1,0,0,우,우,정성훈,,,손영민,차일목,장성호,최용규,이현곤,김종국,김원섭,이용규,채종범,99606.0,,,76639,73602,96610,78666,72606,96616,71207,74163,70833,,,,,,,,,,,,,,,,,,20080612,WO,HT,키움,KIA,목동,윤상원,112,1,-1,20080612HTWO0
직구,손영민,김영민,76639,76350,137,번트헛스윙,,,,0,1,0,14,말,1,1,0,0,우,우,정성훈,,,손영민,차일목,장성호,최용규,이현곤,김종국,김원섭,이용규,채종범,99606.0,,,76639,73602,96610,78666,72606,96616,71207,74163,70833,,,,,,,,,,,,,,,,,,20080612,WO,HT,키움,KIA,목동,윤상원,112,2,-1,20080612HTWO0
직구,손영민,김영민,76639,76350,136,헛스윙,삼진,삼진,김영민 :  삼진 아웃;,0,2,0,14,말,1,1,0,0,우,우,정성훈,,,손영민,차일목,장성호,최용규,이현곤,김종국,김원섭,이용규,채종범,99606.0,,,76639,73602,96610,78666,72606,96616,71207,74163,70833,,,,,,,,,,,,,,,,,,20080612,WO,HT,키움,KIA,목동,윤상원,112,3,-1,20080612HTWO0
커브,손영민,권도영,76639,73363,118,스트라이크,,,,0,0,1,14,말,1,1,0,0,우,우,정성훈,,,손영민,차일목,장성호,최용규,이현곤,김종국,김원섭,이용규,채종범,99606.0,,,76639,73602,96610,78666,72606,96616,71207,74163,70833,,,,,,,,,,,,,,,,,,20080612,WO,HT,키움,KIA,목동,윤상원,113,1,-1,20080612HTWO0
직구,손영민,권도영,76639,73363,135,번트파울,,,,0,1,1,14,말,1,1,0,0,우,우,정성훈,,,손영민,차일목,장성호,최용규,이현곤,김종국,김원섭,이용규,채종범,99606.0,,,76639,73602,96610,78666,72606,96616,71207,74163,70833,,,,,,,,,,,,,,,,,,20080612,WO,HT,키움,KIA,목동,윤상원,113,2,-1,20080612HTWO0
커브,손영민,권도영,76639,73363,117,볼,,,,0,2,1,14,말,1,1,0,0,우,우,정성훈,,,손영민,차일목,장성호,최용규,이현곤,김종국,김원섭,이용규,채종범,99606.0,,,76639,73602,96610,78666,72606,96616,71207,74163,70833,,,,,,,,,,,,,,,,,,20080612,WO,HT,키움,KIA,목동,윤상원,113,3,-1,20080612HTWO0
직구,손영민,권도영,76639,73363,136,볼,,,,1,2,1,14,말,1,1,0,0,우,우,정성훈,,,손영민,차일목,장성호,최용규,이현곤,김종국,김원섭,이용규,채종범,99606.0,,,76639,73602,96610,78666,72606,96616,71207,74163,70833,,,,,,,,,,,,,,,,,,20080612,WO,HT,키움,KIA,목동,윤상원,113,4,-1,20080612HTWO0
직구,손영민,권도영,76639,73363,136,볼,,,,2,2,1,14,말,1,1,0,0,우,우,정성훈,,,손영민,차일목,장성호,최용규,이현곤,김종국,김원섭,이용규,채종범,99606.0,,,76639,73602,96610,78666,72606,96616,71207,74163,70833,,,,,,,,,,,,,,,,,,20080612,WO,HT,키움,KIA,목동,윤상원,113,5,-1,20080612HTWO0
,손영민,권도영,76639,73363,,,,,1루주자 정성훈 :  도루로 2루까지 진루;,3,2,1,14,말,1,1,0,0,우,우,정성훈,,,손영민,차일목,장성호,최용규,이현곤,김종국,김원섭,이용규,채종범,99606.0,,,76639,73602,96610,78666,72606,96616,71207,74163,70833,,,,,,,,,,,,,,,,,,20080612,WO,HT,키움,KIA,목동,윤상원,113,,,20080612HTWO0
커브,손영민,권도영,76639,73363,117,파울,,,,3,2,1,14,말,1,1,0,0,우,우,,정성훈,,손영민,차일목,장성호,최용규,이현곤,김종국,김원섭,이용규,채종범,,99606.0,,76639,73602,96610,78666,72606,96616,71207,74163,70833,,,,,,,,,,,,,,,,,,20080612,WO,HT,키움,KIA,목동,윤상원,113,6,-1,20080612HTWO0
슬라이더,손영민,권도영,76639,73363,127,파울,,,,3,2,1,14,말,1,1,0,0,우,우,,정성훈,,손영민,차일목,장성호,최용규,이현곤,김종국,김원섭,이용규,채종범,,99606.0,,76639,73602,96610,78666,72606,96616,71207,74163,70833,,,,,,,,,,,,,,,,,,20080612,WO,HT,키움,KIA,목동,윤상원,113,7,-1,20080612HTWO0
슬라이더,손영민,권도영,76639,73363,126,파울,,,,3,2,1,14,말,1,1,0,0,우,우,,정성훈,,손영민,차일목,장성호,최용규,이현곤,김종국,김원섭,이용규,채종범,,99606.0,,76639,73602,96610,78666,72606,96616,71207,74163,70833,,,,,,,,,,,,,,,,,,20080612,WO,HT,키움,KIA,목동,윤상원,113,8,-1,20080612HTWO0
커브,손영민,권도영,76639,73363,119,타격,내야안타,내야안타,권도영 : 유격수 왼쪽 내야안타; 2루주자 정성훈 :   3루까지 진루;,3,2,1,14,말,1,1,0,0,우,우,,정성훈,,손영민,차일목,장성호,최용규,이현곤,김종국,김원섭,이용규,채종범,,99606.0,,76639,73602,96610,78666,72606,96616,71207,74163,70833,,,,,,,,,,,,,,,,,,20080612,WO,HT,키움,KIA,목동,윤상원,113,9,-1,20080612HTWO0
직구,손영민,이숭용,76639,94310,122,볼,,,,0,0,1,14,말,1,1,0,0,좌,우,권도영,,정성훈,손영민,차일목,장성호,최용규,이현곤,김종국,김원섭,이용규,채종범,73363.0,,99606.0,76639,73602,96610,78666,72606,96616,71207,74163,70833,,,,,,,,,,,,,,,,,,20080612,WO,HT,키움,KIA,목동,윤상원,114,1,-1,20080612HTWO0
직구,손영민,이숭용,76639,94310,115,볼,,,,1,0,1,14,말,1,1,0,0,좌,우,권도영,,정성훈,손영민,차일목,장성호,최용규,이현곤,김종국,김원섭,이용규,채종범,73363.0,,99606.0,76639,73602,96610,78666,72606,96616,71207,74163,70833,,,,,,,,,,,,,,,,,,20080612,WO,HT,키움,KIA,목동,윤상원,114,2,-1,20080612HTWO0
직구,손영민,이숭용,76639,94310,113,볼,,,,2,0,1,14,말,1,1,0,0,좌,우,권도영,,정성훈,손영민,차일목,장성호,최용규,이현곤,김종국,김원섭,이용규,채종범,73363.0,,99606.0,76639,73602,96610,78666,72606,96616,71207,74163,70833,,,,,,,,,,,,,,,,,,20080612,WO,HT,키움,KIA,목동,윤상원,114,3,-1,20080612HTWO0
직구,손영민,이숭용,76639,94310,118,볼,고의4구,고의4구,이숭용 :  고의4구; 1루주자 권도영 :   2루까지 진루;,3,0,1,14,말,1,1,0,0,좌,우,권도영,,정성훈,손영민,차일목,장성호,최용규,이현곤,김종국,김원섭,이용규,채종범,73363.0,,99606.0,76639,73602,96610,78666,72606,96616,71207,74163,70833,,,,,,,,,,,,,,,,,,20080612,WO,HT,키움,KIA,목동,윤상원,114,4,-1,20080612HTWO0
커브,손영민,강정호,76639,76325,113,볼,,,,0,0,1,14,말,1,1,0,0,우,우,이숭용,권도영,정성훈,손영민,차일목,장성호,최용규,이현곤,김종국,김원섭,이용규,채종범,94310.0,73363.0,99606.0,76639,73602,96610,78666,72606,96616,71207,74163,70833,,,,,,,,,,,,,,,,,,20080612,WO,HT,키움,KIA,목동,윤상원,115,1,-1,20080612HTWO0
직구,손영민,강정호,76639,76325,135,스트라이크,,,,1,0,1,14,말,1,1,0,0,우,우,이숭용,권도영,정성훈,손영민,차일목,장성호,최용규,이현곤,김종국,김원섭,이용규,채종범,94310.0,73363.0,99606.0,76639,73602,96610,78666,72606,96616,71207,74163,70833,,,,,,,,,,,,,,,,,,20080612,WO,HT,키움,KIA,목동,윤상원,115,2,-1,20080612HTWO0
커브,손영민,강정호,76639,76325,118,볼,,,,1,1,1,14,말,1,1,0,0,우,우,이숭용,권도영,정성훈,손영민,차일목,장성호,최용규,이현곤,김종국,김원섭,이용규,채종범,94310.0,73363.0,99606.0,76639,73602,96610,78666,72606,96616,71207,74163,70833,,,,,,,,,,,,,,,,,,20080612,WO,HT,키움,KIA,목동,윤상원,115,3,-1,20080612HTWO0
커브,손영민,강정호,76639,76325,117,타격,안타,안타,강정호 : 좌익수 앞 1루타; 1루주자 이숭용 :   2루까지 진루; 2루주자 권도영 :   3루까지 진루; 3루주자 정성훈 :  홈인;,2,1,1,14,말,1,1,0,1,우,우,이숭용,권도영,정성훈,손영민,차일목,장성호,최용규,이현곤,김종국,김원섭,이용규,채종범,94310.0,73363.0,99606.0,76639,73602,96610,78666,72606,96616,71207,74163,70833,,,,,,,,,,,,,,,,,,20080612,WO,HT,키움,KIA,목동,윤상원,115,4,-1,20080612HTWO0
