pitch_type,pitcher,batter,pitcher_ID,batter_ID,speed,pitch_result,pa_result,pa_result_detail,description,balls,strikes,outs,inning,inning_topbot,score_away,score_home,outs_on_play,runs_scored,stands,throws,on_1b,on_2b,on_3b,pos_1,pos_2,pos_3,pos_4,pos_5,pos_6,pos_7,pos_8,pos_9,on_1b_id,on_2b_id,on_3b_id,pos_1_id,pos_2_id,pos_3_id,pos_4_id,pos_5_id,pos_6_id,pos_7_id,pos_8_id,pos_9_id,px,pz,pfx_x,pfx_z,pfx_x_raw,pfx_z_raw,x0,z0,sz_top,sz_bot,y0,vx0,vy0,vz0,ax,ay,az,game_date,home,away,home_alias,away_alias,stadium,referee,pa_number,pitch_number,pitchID,gameID
,전병호,이용규,96411,74163,0,스트라이크,,,,0,0,0,1,초,0,0,0,0,좌,좌,,,,전병호,진갑용,채태인,신명철,박석민,김우석,우동균,박한이,최형우,,,,96411,97202,77463,71504,74465,72108,78454,71432,72443,,,,,,,,,,,,,,,,,,20080706,SS,HT,삼성,KIA,시민,오훈규,1,1,-1,20080706HTSS0
,전병호,이용규,96411,74163,0,스트라이크,,,,0,1,0,1,초,0,0,0,0,좌,좌,,,,전병호,진갑용,채태인,신명철,박석민,김우석,우동균,박한이,최형우,,,,96411,97202,77463,71504,74465,72108,78454,71432,72443,,,,,,,,,,,,,,,,,,20080706,SS,HT,삼성,KIA,시민,오훈규,1,2,-1,20080706HTSS0
,전병호,이용규,96411,74163,0,타격,포스 아웃,땅볼 아웃,이용규 : 투수 땅볼 아웃 (투수->1루수 송구아웃);,0,2,0,1,초,0,0,1,0,좌,좌,,,,전병호,진갑용,채태인,신명철,박석민,김우석,우동균,박한이,최형우,,,,96411,97202,77463,71504,74465,72108,78454,71432,72443,,,,,,,,,,,,,,,,,,20080706,SS,HT,삼성,KIA,시민,오훈규,1,3,-1,20080706HTSS0
,전병호,김원섭,96411,71207,0,볼,,,,0,0,1,1,초,0,0,0,0,양,좌,,,,전병호,진갑용,채태인,신명철,박석민,김우석,우동균,박한이,최형우,,,,96411,97202,77463,71504,74465,72108,78454,71432,72443,,,,,,,,,,,,,,,,,,20080706,SS,HT,삼성,KIA,시민,오훈규,2,1,-1,20080706HTSS0
,전병호,김원섭,96411,71207,0,볼,,,,1,0,1,1,초,0,0,0,0,양,좌,,,,전병호,진갑용,채태인,신명철,박석민,김우석,우동균,박한이,최형우,,,,96411,97202,77463,71504,74465,72108,78454,71432,72443,,,,,,,,,,,,,,,,,,20080706,SS,HT,삼성,KIA,시민,오훈규,2,2,-1,20080706HTSS0
,전병호,김원섭,96411,71207,0,스트라이크,,,,2,0,1,1,초,0,0,0,0,양,좌,,,,전병호,진갑용,채태인,신명철,박석민,김우석,우동균,박한이,최형우,,,,96411,97202,77463,71504,74465,72108,78454,71432,72443,,,,,,,,,,,,,,,,,,20080706,SS,HT,삼성,KIA,시민,오훈규,2,3,-1,20080706HTSS0
,전병호,김원섭,96411,71207,0,파울,,,,2,1,1,1,초,0,0,0,0,양,좌,,,,전병호,진갑용,채태인,신명철,박석민,김우석,우동균,박한이,최형우,,,,96411,97202,77463,71504,74465,72108,78454,71432,72443,,,,,,,,,,,,,,,,,,20080706,SS,HT,삼성,KIA,시민,오훈규,2,4,-1,20080706HTSS0
,전병호,김원섭,96411,71207,0,파울,,,,2,2,1,1,초,0,0,0,0,양,좌,,,,전병호,진갑용,채태인,신명철,박석민,김우석,우동균,박한이,최형우,,,,96411,97202,77463,71504,74465,72108,78454,71432,72443,,,,,,,,,,,,,,,,,,20080706,SS,HT,삼성,KIA,시민,오훈규,2,5,-1,20080706HTSS0
,전병호,김원섭,96411,71207,0,볼,,,,2,2,1,1,초,0,0,0,0,양,좌,,,,전병호,진갑용,채태인,신명철,박석민,김우석,우동균,박한이,최형우,,,,96411,97202,77463,71504,74465,72108,78454,71432,72443,,,,,,,,,,,,,,,,,,20080706,SS,HT,삼성,KIA,시민,오훈규,2,6,-1,20080706HTSS0
,전병호,김원섭,96411,71207,0,타격,포스 아웃,땅볼 아웃,김원섭 : 2루수 땅볼 아웃 (2루수->1루수 송구아웃);,3,2,1,1,초,0,0,1,0,양,좌,,,,전병호,진갑용,채태인,신명철,박석민,김우석,우동균,박한이,최형우,,,,96411,97202,77463,71504,74465,72108,78454,71432,72443,,,,,,,,,,,,,,,,,,20080706,SS,HT,삼성,KIA,시민,오훈규,2,7,-1,20080706HTSS0
,전병호,나지완,96411,78629,0,스트라이크,,,,0,0,2,1,초,0,0,0,0,우,좌,,,,전병호,진갑용,채태인,신명철,박석민,김우석,우동균,박한이,최형우,,,,96411,97202,77463,71504,74465,72108,78454,71432,72443,,,,,,,,,,,,,,,,,,20080706,SS,HT,삼성,KIA,시민,오훈규,3,1,-1,20080706HTSS0
,전병호,나지완,96411,78629,0,볼,,,,0,1,2,1,초,0,0,0,0,우,좌,,,,전병호,진갑용,채태인,신명철,박석민,김우석,우동균,박한이,최형우,,,,96411,97202,77463,71504,74465,72108,78454,71432,72443,,,,,,,,,,,,,,,,,,20080706,SS,HT,삼성,KIA,시민,오훈규,3,2,-1,20080706HTSS0
,전병호,나지완,96411,78629,0,볼,,,,1,1,2,1,초,0,0,0,0,우,좌,,,,전병호,진갑용,채태인,신명철,박석민,김우석,우동균,박한이,최형우,,,,96411,97202,77463,71504,74465,72108,78454,71432,72443,,,,,,,,,,,,,,,,,,20080706,SS,HT,삼성,KIA,시민,오훈규,3,3,-1,20080706HTSS0
,전병호,나지완,96411,78629,0,볼,,,,2,1,2,1,초,0,0,0,0,우,좌,,,,전병호,진갑용,채태인,신명철,박석민,김우석,우동균,박한이,최형우,,,,96411,97202,77463,71504,74465,72108,78454,71432,72443,,,,,,,,,,,,,,,,,,20080706,SS,HT,삼성,KIA,시민,오훈규,3,4,-1,20080706HTSS0
,전병호,나지완,96411,78629,0,볼,볼넷,볼넷,나지완 :  볼넷;,3,1,2,1,초,0,0,0,0,우,좌,,,,전병호,진갑용,채태인,신명철,박석민,김우석,우동균,박한이,최형우,,,,96411,97202,77463,71504,74465,72108,78454,71432,72443,,,,,,,,,,,,,,,,,,20080706,SS,HT,삼성,KIA,시민,오훈규,3,5,-1,20080706HTSS0
,전병호,장성호,96411,96610,0,볼,,,,0,0,2,1,초,0,0,0,0,좌,좌,나지완,,,전병호,진갑용,채태인,신명철,박석민,김우석,우동균,박한이,최형우,78629.0,,,96411,97202,77463,71504,74465,72108,78454,71432,72443,,,,,,,,,,,,,,,,,,20080706,SS,HT,삼성,KIA,시민,오훈규,4,1,-1,20080706HTSS0
,전병호,장성호,96411,96610,0,타격,포스 아웃,땅볼 아웃,장성호 : 2루수 땅볼 아웃 (2루수->1루수 송구아웃);,1,0,2,1,초,0,0,1,0,좌,좌,나지완,,,전병호,진갑용,채태인,신명철,박석민,김우석,우동균,박한이,최형우,78629.0,,,96411,97202,77463,71504,74465,72108,78454,71432,72443,,,,,,,,,,,,,,,,,,20080706,SS,HT,삼성,KIA,시민,오훈규,4,2,-1,20080706HTSS0
,데이비스,박한이,78648,71432,0,볼,,,,0,0,0,1,말,0,0,0,0,좌,우,,,,데이비스,차일목,장성호,김종국,이현곤,김선빈,김원섭,이용규,채종범,,,,78648,73602,96610,96616,72606,78603,71207,74163,70833,,,,,,,,,,,,,,,,,,20080706,SS,HT,삼성,KIA,시민,오훈규,5,1,-1,20080706HTSS0
,데이비스,박한이,78648,71432,0,볼,,,,1,0,0,1,말,0,0,0,0,좌,우,,,,데이비스,차일목,장성호,김종국,이현곤,김선빈,김원섭,이용규,채종범,,,,78648,73602,96610,96616,72606,78603,71207,74163,70833,,,,,,,,,,,,,,,,,,20080706,SS,HT,삼성,KIA,시민,오훈규,5,2,-1,20080706HTSS0
,데이비스,박한이,78648,71432,0,볼,,,,2,0,0,1,말,0,0,0,0,좌,우,,,,데이비스,차일목,장성호,김종국,이현곤,김선빈,김원섭,이용규,채종범,,,,78648,73602,96610,96616,72606,78603,71207,74163,70833,,,,,,,,,,,,,,,,,,20080706,SS,HT,삼성,KIA,시민,오훈규,5,3,-1,20080706HTSS0
,데이비스,박한이,78648,71432,0,스트라이크,,,,3,0,0,1,말,0,0,0,0,좌,우,,,,데이비스,차일목,장성호,김종국,이현곤,김선빈,김원섭,이용규,채종범,,,,78648,73602,96610,96616,72606,78603,71207,74163,70833,,,,,,,,,,,,,,,,,,20080706,SS,HT,삼성,KIA,시민,오훈규,5,4,-1,20080706HTSS0
,데이비스,박한이,78648,71432,0,스트라이크,,,,3,1,0,1,말,0,0,0,0,좌,우,,,,데이비스,차일목,장성호,김종국,이현곤,김선빈,김원섭,이용규,채종범,,,,78648,73602,96610,96616,72606,78603,71207,74163,70833,,,,,,,,,,,,,,,,,,20080706,SS,HT,삼성,KIA,시민,오훈규,5,5,-1,20080706HTSS0
,데이비스,박한이,78648,71432,0,파울,,,,3,2,0,1,말,0,0,0,0,좌,우,,,,데이비스,차일목,장성호,김종국,이현곤,김선빈,김원섭,이용규,채종범,,,,78648,73602,96610,96616,72606,78603,71207,74163,70833,,,,,,,,,,,,,,,,,,20080706,SS,HT,삼성,KIA,시민,오훈규,5,6,-1,20080706HTSS0
,데이비스,박한이,78648,71432,0,타격,포스 아웃,땅볼 아웃,박한이 : 1루수 땅볼 아웃 (1루수 1루 터치아웃);,3,2,0,1,말,0,0,1,0,좌,우,,,,데이비스,차일목,장성호,김종국,이현곤,김선빈,김원섭,이용규,채종범,,,,78648,73602,96610,96616,72606,78603,71207,74163,70833,,,,,,,,,,,,,,,,,,20080706,SS,HT,삼성,KIA,시민,오훈규,5,7,-1,20080706HTSS0
,데이비스,우동균,78648,78454,0,스트라이크,,,,0,0,1,1,말,0,0,0,0,좌,우,,,,데이비스,차일목,장성호,김종국,이현곤,김선빈,김원섭,이용규,채종범,,,,78648,73602,96610,96616,72606,78603,71207,74163,70833,,,,,,,,,,,,,,,,,,20080706,SS,HT,삼성,KIA,시민,오훈규,6,1,-1,20080706HTSS0
,데이비스,우동균,78648,78454,0,볼,,,,0,1,1,1,말,0,0,0,0,좌,우,,,,데이비스,차일목,장성호,김종국,이현곤,김선빈,김원섭,이용규,채종범,,,,78648,73602,96610,96616,72606,78603,71207,74163,70833,,,,,,,,,,,,,,,,,,20080706,SS,HT,삼성,KIA,시민,오훈규,6,2,-1,20080706HTSS0
,데이비스,우동균,78648,78454,0,볼,,,,1,1,1,1,말,0,0,0,0,좌,우,,,,데이비스,차일목,장성호,김종국,이현곤,김선빈,김원섭,이용규,채종범,,,,78648,73602,96610,96616,72606,78603,71207,74163,70833,,,,,,,,,,,,,,,,,,20080706,SS,HT,삼성,KIA,시민,오훈규,6,3,-1,20080706HTSS0
,데이비스,우동균,78648,78454,0,파울,,,,2,1,1,1,말,0,0,0,0,좌,우,,,,데이비스,차일목,장성호,김종국,이현곤,김선빈,김원섭,이용규,채종범,,,,78648,73602,96610,96616,72606,78603,71207,74163,70833,,,,,,,,,,,,,,,,,,20080706,SS,HT,삼성,KIA,시민,오훈규,6,4,-1,20080706HTSS0
,데이비스,우동균,78648,78454,0,타격,포스 아웃,땅볼 아웃,우동균 : 2루수 땅볼 아웃 (2루수->1루수 송구아웃);,2,2,1,1,말,0,0,1,0,좌,우,,,,데이비스,차일목,장성호,김종국,이현곤,김선빈,김원섭,이용규,채종범,,,,78648,73602,96610,96616,72606,78603,71207,74163,70833,,,,,,,,,,,,,,,,,,20080706,SS,HT,삼성,KIA,시민,오훈규,6,5,-1,20080706HTSS0
,데이비스,양준혁,78648,93410,0,볼,,,,0,0,2,1,말,0,0,0,0,좌,우,,,,데이비스,차일목,장성호,김종국,이현곤,김선빈,김원섭,이용규,채종범,,,,78648,73602,96610,96616,72606,78603,71207,74163,70833,,,,,,,,,,,,,,,,,,20080706,SS,HT,삼성,KIA,시민,오훈규,7,1,-1,20080706HTSS0
,데이비스,양준혁,78648,93410,0,볼,,,,1,0,2,1,말,0,0,0,0,좌,우,,,,데이비스,차일목,장성호,김종국,이현곤,김선빈,김원섭,이용규,채종범,,,,78648,73602,96610,96616,72606,78603,71207,74163,70833,,,,,,,,,,,,,,,,,,20080706,SS,HT,삼성,KIA,시민,오훈규,7,2,-1,20080706HTSS0
,데이비스,양준혁,78648,93410,0,스트라이크,,,,2,0,2,1,말,0,0,0,0,좌,우,,,,데이비스,차일목,장성호,김종국,이현곤,김선빈,김원섭,이용규,채종범,,,,78648,73602,96610,96616,72606,78603,71207,74163,70833,,,,,,,,,,,,,,,,,,20080706,SS,HT,삼성,KIA,시민,오훈규,7,3,-1,20080706HTSS0
,데이비스,양준혁,78648,93410,0,타격,필드 아웃,플라이 아웃,양준혁 : 중견수 플라이 아웃;,2,1,2,1,말,0,0,1,0,좌,우,,,,데이비스,차일목,장성호,김종국,이현곤,김선빈,김원섭,이용규,채종범,,,,78648,73602,96610,96616,72606,78603,71207,74163,70833,,,,,,,,,,,,,,,,,,20080706,SS,HT,삼성,KIA,시민,오훈규,7,4,-1,20080706HTSS0
,전병호,채종범,96411,70833,0,타격,3루타,3루타,채종범 : 중견수 앞 3루타;,0,0,0,2,초,0,0,0,0,우,좌,,,,전병호,진갑용,채태인,신명철,박석민,김우석,우동균,박한이,최형우,,,,96411,97202,77463,71504,74465,72108,78454,71432,72443,,,,,,,,,,,,,,,,,,20080706,SS,HT,삼성,KIA,시민,오훈규,8,1,-1,20080706HTSS0
,전병호,이현곤,96411,72606,0,스트라이크,,,,0,0,0,2,초,0,0,0,0,우,좌,,,채종범,전병호,진갑용,채태인,신명철,박석민,김우석,우동균,박한이,최형우,,,70833.0,96411,97202,77463,71504,74465,72108,78454,71432,72443,,,,,,,,,,,,,,,,,,20080706,SS,HT,삼성,KIA,시민,오훈규,9,1,-1,20080706HTSS0
,전병호,이현곤,96411,72606,0,볼,,,,0,1,0,2,초,0,0,0,0,우,좌,,,채종범,전병호,진갑용,채태인,신명철,박석민,김우석,우동균,박한이,최형우,,,70833.0,96411,97202,77463,71504,74465,72108,78454,71432,72443,,,,,,,,,,,,,,,,,,20080706,SS,HT,삼성,KIA,시민,오훈규,9,2,-1,20080706HTSS0
,전병호,이현곤,96411,72606,0,볼,,,,1,1,0,2,초,0,0,0,0,우,좌,,,채종범,전병호,진갑용,채태인,신명철,박석민,김우석,우동균,박한이,최형우,,,70833.0,96411,97202,77463,71504,74465,72108,78454,71432,72443,,,,,,,,,,,,,,,,,,20080706,SS,HT,삼성,KIA,시민,오훈규,9,3,-1,20080706HTSS0
,전병호,이현곤,96411,72606,0,타격,안타,안타,이현곤 : 좌익수 앞 1루타; 3루주자 채종범 :  홈인;,2,1,0,2,초,0,0,0,1,우,좌,,,채종범,전병호,진갑용,채태인,신명철,박석민,김우석,우동균,박한이,최형우,,,70833.0,96411,97202,77463,71504,74465,72108,78454,71432,72443,,,,,,,,,,,,,,,,,,20080706,SS,HT,삼성,KIA,시민,오훈규,9,4,-1,20080706HTSS0
,전병호,김선빈,96411,78603,0,스트라이크,,,,0,0,0,2,초,1,0,0,0,우,좌,이현곤,,,전병호,진갑용,채태인,신명철,박석민,김우석,우동균,박한이,최형우,72606.0,,,96411,97202,77463,71504,74465,72108,78454,71432,72443,,,,,,,,,,,,,,,,,,20080706,SS,HT,삼성,KIA,시민,오훈규,10,1,-1,20080706HTSS0
,전병호,김선빈,96411,78603,0,타격,희생번트,희생번트,김선빈 : 투수 희생번트 아웃 (투수->2루수 송구아웃); 1루주자 이현곤 :   2루까지 진루;,0,1,0,2,초,1,0,1,0,우,좌,이현곤,,,전병호,진갑용,채태인,신명철,박석민,김우석,우동균,박한이,최형우,72606.0,,,96411,97202,77463,71504,74465,72108,78454,71432,72443,,,,,,,,,,,,,,,,,,20080706,SS,HT,삼성,KIA,시민,오훈규,10,2,-1,20080706HTSS0
,전병호,차일목,96411,73602,0,스트라이크,,,,0,0,1,2,초,1,0,0,0,우,좌,,이현곤,,전병호,진갑용,채태인,신명철,박석민,김우석,우동균,박한이,최형우,,72606.0,,96411,97202,77463,71504,74465,72108,78454,71432,72443,,,,,,,,,,,,,,,,,,20080706,SS,HT,삼성,KIA,시민,오훈규,11,1,-1,20080706HTSS0
,전병호,차일목,96411,73602,0,스트라이크,,,,0,1,1,2,초,1,0,0,0,우,좌,,이현곤,,전병호,진갑용,채태인,신명철,박석민,김우석,우동균,박한이,최형우,,72606.0,,96411,97202,77463,71504,74465,72108,78454,71432,72443,,,,,,,,,,,,,,,,,,20080706,SS,HT,삼성,KIA,시민,오훈규,11,2,-1,20080706HTSS0
,전병호,차일목,96411,73602,0,볼,,,,0,2,1,2,초,1,0,0,0,우,좌,,이현곤,,전병호,진갑용,채태인,신명철,박석민,김우석,우동균,박한이,최형우,,72606.0,,96411,97202,77463,71504,74465,72108,78454,71432,72443,,,,,,,,,,,,,,,,,,20080706,SS,HT,삼성,KIA,시민,오훈규,11,3,-1,20080706HTSS0
,전병호,차일목,96411,73602,0,파울,,,,1,2,1,2,초,1,0,0,0,우,좌,,이현곤,,전병호,진갑용,채태인,신명철,박석민,김우석,우동균,박한이,최형우,,72606.0,,96411,97202,77463,71504,74465,72108,78454,71432,72443,,,,,,,,,,,,,,,,,,20080706,SS,HT,삼성,KIA,시민,오훈규,11,4,-1,20080706HTSS0
,전병호,차일목,96411,73602,0,타격,안타,안타,차일목 : 좌익수 앞 1루타; 2루주자 이현곤 :  홈인;,1,2,1,2,초,1,0,0,1,우,좌,,이현곤,,전병호,진갑용,채태인,신명철,박석민,김우석,우동균,박한이,최형우,,72606.0,,96411,97202,77463,71504,74465,72108,78454,71432,72443,,,,,,,,,,,,,,,,,,20080706,SS,HT,삼성,KIA,시민,오훈규,11,5,-1,20080706HTSS0
,전병호,김종국,96411,96616,0,스트라이크,,,,0,0,1,2,초,2,0,0,0,우,좌,차일목,,,전병호,진갑용,채태인,신명철,박석민,김우석,우동균,박한이,최형우,73602.0,,,96411,97202,77463,71504,74465,72108,78454,71432,72443,,,,,,,,,,,,,,,,,,20080706,SS,HT,삼성,KIA,시민,오훈규,12,1,-1,20080706HTSS0
,전병호,김종국,96411,96616,0,볼,,,,0,1,1,2,초,2,0,0,0,우,좌,차일목,,,전병호,진갑용,채태인,신명철,박석민,김우석,우동균,박한이,최형우,73602.0,,,96411,97202,77463,71504,74465,72108,78454,71432,72443,,,,,,,,,,,,,,,,,,20080706,SS,HT,삼성,KIA,시민,오훈규,12,2,-1,20080706HTSS0
,전병호,김종국,96411,96616,0,볼,,,,1,1,1,2,초,2,0,0,0,우,좌,차일목,,,전병호,진갑용,채태인,신명철,박석민,김우석,우동균,박한이,최형우,73602.0,,,96411,97202,77463,71504,74465,72108,78454,71432,72443,,,,,,,,,,,,,,,,,,20080706,SS,HT,삼성,KIA,시민,오훈규,12,3,-1,20080706HTSS0
,전병호,김종국,96411,96616,0,헛스윙,,,,2,1,1,2,초,2,0,0,0,우,좌,차일목,,,전병호,진갑용,채태인,신명철,박석민,김우석,우동균,박한이,최형우,73602.0,,,96411,97202,77463,71504,74465,72108,78454,71432,72443,,,,,,,,,,,,,,,,,,20080706,SS,HT,삼성,KIA,시민,오훈규,12,4,-1,20080706HTSS0
,전병호,김종국,96411,96616,0,파울,,,,2,2,1,2,초,2,0,0,0,우,좌,차일목,,,전병호,진갑용,채태인,신명철,박석민,김우석,우동균,박한이,최형우,73602.0,,,96411,97202,77463,71504,74465,72108,78454,71432,72443,,,,,,,,,,,,,,,,,,20080706,SS,HT,삼성,KIA,시민,오훈규,12,5,-1,20080706HTSS0
,전병호,김종국,96411,96616,0,파울,,,,2,2,1,2,초,2,0,0,0,우,좌,차일목,,,전병호,진갑용,채태인,신명철,박석민,김우석,우동균,박한이,최형우,73602.0,,,96411,97202,77463,71504,74465,72108,78454,71432,72443,,,,,,,,,,,,,,,,,,20080706,SS,HT,삼성,KIA,시민,오훈규,12,6,-1,20080706HTSS0
,전병호,김종국,96411,96616,0,타격,2루타,2루타,김종국 : 우익수 뒤 2루타; 2루주자 김종국 :  다른주자수비하는 사이 3루까지 진루(중견수->2루수->포수); 1루주자 차일목 :  홈인;,2,2,1,2,초,2,0,0,1,우,좌,차일목,,,전병호,진갑용,채태인,신명철,박석민,김우석,우동균,박한이,최형우,73602.0,,,96411,97202,77463,71504,74465,72108,78454,71432,72443,,,,,,,,,,,,,,,,,,20080706,SS,HT,삼성,KIA,시민,오훈규,12,7,-1,20080706HTSS0
,전병호,이용규,96411,74163,0,볼,,,,0,0,1,2,초,3,0,0,0,좌,좌,,,김종국,전병호,진갑용,채태인,신명철,박석민,김우석,우동균,박한이,최형우,,,96616.0,96411,97202,77463,71504,74465,72108,78454,71432,72443,,,,,,,,,,,,,,,,,,20080706,SS,HT,삼성,KIA,시민,오훈규,13,1,-1,20080706HTSS0
,전병호,이용규,96411,74163,0,볼,,,,1,0,1,2,초,3,0,0,0,좌,좌,,,김종국,전병호,진갑용,채태인,신명철,박석민,김우석,우동균,박한이,최형우,,,96616.0,96411,97202,77463,71504,74465,72108,78454,71432,72443,,,,,,,,,,,,,,,,,,20080706,SS,HT,삼성,KIA,시민,오훈규,13,2,-1,20080706HTSS0
,전병호,이용규,96411,74163,0,스트라이크,,,,2,0,1,2,초,3,0,0,0,좌,좌,,,김종국,전병호,진갑용,채태인,신명철,박석민,김우석,우동균,박한이,최형우,,,96616.0,96411,97202,77463,71504,74465,72108,78454,71432,72443,,,,,,,,,,,,,,,,,,20080706,SS,HT,삼성,KIA,시민,오훈규,13,3,-1,20080706HTSS0
,전병호,이용규,96411,74163,0,볼,,,,2,1,1,2,초,3,0,0,0,좌,좌,,,김종국,전병호,진갑용,채태인,신명철,박석민,김우석,우동균,박한이,최형우,,,96616.0,96411,97202,77463,71504,74465,72108,78454,71432,72443,,,,,,,,,,,,,,,,,,20080706,SS,HT,삼성,KIA,시민,오훈규,13,4,-1,20080706HTSS0
,전병호,이용규,96411,74163,0,파울,,,,3,1,1,2,초,3,0,0,0,좌,좌,,,김종국,전병호,진갑용,채태인,신명철,박석민,김우석,우동균,박한이,최형우,,,96616.0,96411,97202,77463,71504,74465,72108,78454,71432,72443,,,,,,,,,,,,,,,,,,20080706,SS,HT,삼성,KIA,시민,오훈규,13,5,-1,20080706HTSS0
,전병호,이용규,96411,74163,0,타격,포스 아웃,땅볼 아웃,이용규 : 2루수 땅볼 아웃 (2루수->1루수 송구아웃);,3,2,1,2,초,3,0,1,0,좌,좌,,,김종국,전병호,진갑용,채태인,신명철,박석민,김우석,우동균,박한이,최형우,,,96616.0,96411,97202,77463,71504,74465,72108,78454,71432,72443,,,,,,,,,,,,,,,,,,20080706,SS,HT,삼성,KIA,시민,오훈규,13,6,-1,20080706HTSS0
,전병호,김원섭,96411,71207,0,스트라이크,,,,0,0,2,2,초,3,0,0,0,양,좌,,,김종국,전병호,진갑용,채태인,신명철,박석민,김우석,우동균,박한이,최형우,,,96616.0,96411,97202,77463,71504,74465,72108,78454,71432,72443,,,,,,,,,,,,,,,,,,20080706,SS,HT,삼성,KIA,시민,오훈규,14,1,-1,20080706HTSS0
,전병호,김원섭,96411,71207,0,스트라이크,,,,0,1,2,2,초,3,0,0,0,양,좌,,,김종국,전병호,진갑용,채태인,신명철,박석민,김우석,우동균,박한이,최형우,,,96616.0,96411,97202,77463,71504,74465,72108,78454,71432,72443,,,,,,,,,,,,,,,,,,20080706,SS,HT,삼성,KIA,시민,오훈규,14,2,-1,20080706HTSS0
,전병호,김원섭,96411,71207,0,볼,,,,0,2,2,2,초,3,0,0,0,양,좌,,,김종국,전병호,진갑용,채태인,신명철,박석민,김우석,우동균,박한이,최형우,,,96616.0,96411,97202,77463,71504,74465,72108,78454,71432,72443,,,,,,,,,,,,,,,,,,20080706,SS,HT,삼성,KIA,시민,오훈규,14,3,-1,20080706HTSS0
,전병호,김원섭,96411,71207,0,볼,,,,1,2,2,2,초,3,0,0,0,양,좌,,,김종국,전병호,진갑용,채태인,신명철,박석민,김우석,우동균,박한이,최형우,,,96616.0,96411,97202,77463,71504,74465,72108,78454,71432,72443,,,,,,,,,,,,,,,,,,20080706,SS,HT,삼성,KIA,시민,오훈규,14,4,-1,20080706HTSS0
,전병호,김원섭,96411,71207,0,타격,필드 아웃,플라이 아웃,김원섭 : 2루수 플라이 아웃;,2,2,2,2,초,3,0,1,0,양,좌,,,김종국,전병호,진갑용,채태인,신명철,박석민,김우석,우동균,박한이,최형우,,,96616.0,96411,97202,77463,71504,74465,72108,78454,71432,72443,,,,,,,,,,,,,,,,,,20080706,SS,HT,삼성,KIA,시민,오훈규,14,5,-1,20080706HTSS0
,데이비스,박석민,78648,74465,0,스트라이크,,,,0,0,0,2,말,3,0,0,0,우,우,,,,데이비스,차일목,장성호,김종국,이현곤,김선빈,김원섭,이용규,채종범,,,,78648,73602,96610,96616,72606,78603,71207,74163,70833,,,,,,,,,,,,,,,,,,20080706,SS,HT,삼성,KIA,시민,오훈규,15,1,-1,20080706HTSS0
,데이비스,박석민,78648,74465,0,스트라이크,,,,0,1,0,2,말,3,0,0,0,우,우,,,,데이비스,차일목,장성호,김종국,이현곤,김선빈,김원섭,이용규,채종범,,,,78648,73602,96610,96616,72606,78603,71207,74163,70833,,,,,,,,,,,,,,,,,,20080706,SS,HT,삼성,KIA,시민,오훈규,15,2,-1,20080706HTSS0
,데이비스,박석민,78648,74465,0,헛스윙,삼진,삼진,박석민 :  삼진 아웃;,0,2,0,2,말,3,0,0,0,우,우,,,,데이비스,차일목,장성호,김종국,이현곤,김선빈,김원섭,이용규,채종범,,,,78648,73602,96610,96616,72606,78603,71207,74163,70833,,,,,,,,,,,,,,,,,,20080706,SS,HT,삼성,KIA,시민,오훈규,15,3,-1,20080706HTSS0
,데이비스,최형우,78648,72443,0,스트라이크,,,,0,0,1,2,말,3,0,0,0,좌,우,,,,데이비스,차일목,장성호,김종국,이현곤,김선빈,김원섭,이용규,채종범,,,,78648,73602,96610,96616,72606,78603,71207,74163,70833,,,,,,,,,,,,,,,,,,20080706,SS,HT,삼성,KIA,시민,오훈규,16,1,-1,20080706HTSS0
,데이비스,최형우,78648,72443,0,타격,필드 아웃,플라이 아웃,최형우 : 우익수 플라이 아웃;,0,1,1,2,말,3,0,1,0,좌,우,,,,데이비스,차일목,장성호,김종국,이현곤,김선빈,김원섭,이용규,채종범,,,,78648,73602,96610,96616,72606,78603,71207,74163,70833,,,,,,,,,,,,,,,,,,20080706,SS,HT,삼성,KIA,시민,오훈규,16,2,-1,20080706HTSS0
,데이비스,진갑용,78648,97202,0,스트라이크,,,,0,0,2,2,말,3,0,0,0,우,우,,,,데이비스,차일목,장성호,김종국,이현곤,김선빈,김원섭,이용규,채종범,,,,78648,73602,96610,96616,72606,78603,71207,74163,70833,,,,,,,,,,,,,,,,,,20080706,SS,HT,삼성,KIA,시민,오훈규,17,1,-1,20080706HTSS0
,데이비스,진갑용,78648,97202,0,스트라이크,,,,0,1,2,2,말,3,0,0,0,우,우,,,,데이비스,차일목,장성호,김종국,이현곤,김선빈,김원섭,이용규,채종범,,,,78648,73602,96610,96616,72606,78603,71207,74163,70833,,,,,,,,,,,,,,,,,,20080706,SS,HT,삼성,KIA,시민,오훈규,17,2,-1,20080706HTSS0
,데이비스,진갑용,78648,97202,0,타격,포스 아웃,땅볼 아웃,진갑용 : 1루수 땅볼 아웃 (1루수 1루 터치아웃);,0,2,2,2,말,3,0,1,0,우,우,,,,데이비스,차일목,장성호,김종국,이현곤,김선빈,김원섭,이용규,채종범,,,,78648,73602,96610,96616,72606,78603,71207,74163,70833,,,,,,,,,,,,,,,,,,20080706,SS,HT,삼성,KIA,시민,오훈규,17,3,-1,20080706HTSS0
,전병호,나지완,96411,78629,0,볼,,,,0,0,0,3,초,3,0,0,0,우,좌,,,,전병호,진갑용,채태인,신명철,박석민,김우석,우동균,박한이,최형우,,,,96411,97202,77463,71504,74465,72108,78454,71432,72443,,,,,,,,,,,,,,,,,,20080706,SS,HT,삼성,KIA,시민,오훈규,18,1,-1,20080706HTSS0
,전병호,나지완,96411,78629,0,타격,필드 아웃,플라이 아웃,나지완 : 2루수 플라이 아웃;,1,0,0,3,초,3,0,1,0,우,좌,,,,전병호,진갑용,채태인,신명철,박석민,김우석,우동균,박한이,최형우,,,,96411,97202,77463,71504,74465,72108,78454,71432,72443,,,,,,,,,,,,,,,,,,20080706,SS,HT,삼성,KIA,시민,오훈규,18,2,-1,20080706HTSS0
,전병호,장성호,96411,96610,0,타격,안타,안타,장성호 : 우익수 앞 1루타;,0,0,1,3,초,3,0,0,0,좌,좌,,,,전병호,진갑용,채태인,신명철,박석민,김우석,우동균,박한이,최형우,,,,96411,97202,77463,71504,74465,72108,78454,71432,72443,,,,,,,,,,,,,,,,,,20080706,SS,HT,삼성,KIA,시민,오훈규,19,1,-1,20080706HTSS0
,전병호,채종범,96411,70833,0,볼,,,,0,0,1,3,초,3,0,0,0,우,좌,장성호,,,전병호,진갑용,채태인,신명철,박석민,김우석,우동균,박한이,최형우,96610.0,,,96411,97202,77463,71504,74465,72108,78454,71432,72443,,,,,,,,,,,,,,,,,,20080706,SS,HT,삼성,KIA,시민,오훈규,20,1,-1,20080706HTSS0
,전병호,채종범,96411,70833,0,볼,,,,1,0,1,3,초,3,0,0,0,우,좌,장성호,,,전병호,진갑용,채태인,신명철,박석민,김우석,우동균,박한이,최형우,96610.0,,,96411,97202,77463,71504,74465,72108,78454,71432,72443,,,,,,,,,,,,,,,,,,20080706,SS,HT,삼성,KIA,시민,오훈규,20,2,-1,20080706HTSS0
,전병호,채종범,96411,70833,0,볼,,,,2,0,1,3,초,3,0,0,0,우,좌,장성호,,,전병호,진갑용,채태인,신명철,박석민,김우석,우동균,박한이,최형우,96610.0,,,96411,97202,77463,71504,74465,72108,78454,71432,72443,,,,,,,,,,,,,,,,,,20080706,SS,HT,삼성,KIA,시민,오훈규,20,3,-1,20080706HTSS0
,전병호,채종범,96411,70833,0,볼,볼넷,볼넷,채종범 :  볼넷; 1루주자 장성호 :   2루까지 진루;,3,0,1,3,초,3,0,0,0,우,좌,장성호,,,전병호,진갑용,채태인,신명철,박석민,김우석,우동균,박한이,최형우,96610.0,,,96411,97202,77463,71504,74465,72108,78454,71432,72443,,,,,,,,,,,,,,,,,,20080706,SS,HT,삼성,KIA,시민,오훈규,20,4,-1,20080706HTSS0
,전병호,이현곤,96411,72606,0,스트라이크,,,,0,0,1,3,초,3,0,0,0,우,좌,채종범,장성호,,전병호,진갑용,채태인,신명철,박석민,김우석,우동균,박한이,최형우,70833.0,96610.0,,96411,97202,77463,71504,74465,72108,78454,71432,72443,,,,,,,,,,,,,,,,,,20080706,SS,HT,삼성,KIA,시민,오훈규,21,1,-1,20080706HTSS0
,전병호,이현곤,96411,72606,0,스트라이크,,,,0,1,1,3,초,3,0,0,0,우,좌,채종범,장성호,,전병호,진갑용,채태인,신명철,박석민,김우석,우동균,박한이,최형우,70833.0,96610.0,,96411,97202,77463,71504,74465,72108,78454,71432,72443,,,,,,,,,,,,,,,,,,20080706,SS,HT,삼성,KIA,시민,오훈규,21,2,-1,20080706HTSS0
,전병호,이현곤,96411,72606,0,타격,포스 아웃,땅볼 아웃,이현곤 : 3루수 앞 땅볼로 출루; 1루주자 채종범 :  포스아웃 (3루수->2루수 2루 터치아웃); 2루주자 장성호 :   3루까지 진루;,0,2,1,3,초,3,0,1,0,우,좌,채종범,장성호,,전병호,진갑용,채태인,신명철,박석민,김우석,우동균,박한이,최형우,70833.0,96610.0,,96411,97202,77463,71504,74465,72108,78454,71432,72443,,,,,,,,,,,,,,,,,,20080706,SS,HT,삼성,KIA,시민,오훈규,21,3,-1,20080706HTSS0
,전병호,김선빈,96411,78603,0,볼,,,,0,0,2,3,초,3,0,0,0,우,좌,이현곤,,장성호,전병호,진갑용,채태인,신명철,박석민,김우석,우동균,박한이,최형우,72606.0,,96610.0,96411,97202,77463,71504,74465,72108,78454,71432,72443,,,,,,,,,,,,,,,,,,20080706,SS,HT,삼성,KIA,시민,오훈규,22,1,-1,20080706HTSS0
,전병호,김선빈,96411,78603,0,타격,포스 아웃,땅볼 아웃,김선빈 : 유격수 앞 땅볼로 출루; 1루주자 이현곤 :  포스아웃 (유격수 2루 터치아웃);,1,0,2,3,초,3,0,1,0,우,좌,이현곤,,장성호,전병호,진갑용,채태인,신명철,박석민,김우석,우동균,박한이,최형우,72606.0,,96610.0,96411,97202,77463,71504,74465,72108,78454,71432,72443,,,,,,,,,,,,,,,,,,20080706,SS,HT,삼성,KIA,시민,오훈규,22,2,-1,20080706HTSS0
,데이비스,채태인,78648,77463,0,스트라이크,,,,0,0,0,3,말,3,0,0,0,좌,우,,,,데이비스,차일목,장성호,김종국,이현곤,김선빈,김원섭,이용규,채종범,,,,78648,73602,96610,96616,72606,78603,71207,74163,70833,,,,,,,,,,,,,,,,,,20080706,SS,HT,삼성,KIA,시민,오훈규,23,1,-1,20080706HTSS0
,데이비스,채태인,78648,77463,0,스트라이크,,,,0,1,0,3,말,3,0,0,0,좌,우,,,,데이비스,차일목,장성호,김종국,이현곤,김선빈,김원섭,이용규,채종범,,,,78648,73602,96610,96616,72606,78603,71207,74163,70833,,,,,,,,,,,,,,,,,,20080706,SS,HT,삼성,KIA,시민,오훈규,23,2,-1,20080706HTSS0
,데이비스,채태인,78648,77463,0,볼,,,,0,2,0,3,말,3,0,0,0,좌,우,,,,데이비스,차일목,장성호,김종국,이현곤,김선빈,김원섭,이용규,채종범,,,,78648,73602,96610,96616,72606,78603,71207,74163,70833,,,,,,,,,,,,,,,,,,20080706,SS,HT,삼성,KIA,시민,오훈규,23,3,-1,20080706HTSS0
,데이비스,채태인,78648,77463,0,타격,필드 아웃,플라이 아웃,채태인 : 중견수 플라이 아웃;,1,2,0,3,말,3,0,1,0,좌,우,,,,데이비스,차일목,장성호,김종국,이현곤,김선빈,김원섭,이용규,채종범,,,,78648,73602,96610,96616,72606,78603,71207,74163,70833,,,,,,,,,,,,,,,,,,20080706,SS,HT,삼성,KIA,시민,오훈규,23,4,-1,20080706HTSS0
,데이비스,김우석,78648,72108,0,스트라이크,,,,0,0,1,3,말,3,0,0,0,우,우,,,,데이비스,차일목,장성호,김종국,이현곤,김선빈,김원섭,이용규,채종범,,,,78648,73602,96610,96616,72606,78603,71207,74163,70833,,,,,,,,,,,,,,,,,,20080706,SS,HT,삼성,KIA,시민,오훈규,24,1,-1,20080706HTSS0
,데이비스,김우석,78648,72108,0,볼,,,,0,1,1,3,말,3,0,0,0,우,우,,,,데이비스,차일목,장성호,김종국,이현곤,김선빈,김원섭,이용규,채종범,,,,78648,73602,96610,96616,72606,78603,71207,74163,70833,,,,,,,,,,,,,,,,,,20080706,SS,HT,삼성,KIA,시민,오훈규,24,2,-1,20080706HTSS0
,데이비스,김우석,78648,72108,0,볼,,,,1,1,1,3,말,3,0,0,0,우,우,,,,데이비스,차일목,장성호,김종국,이현곤,김선빈,김원섭,이용규,채종범,,,,78648,73602,96610,96616,72606,78603,71207,74163,70833,,,,,,,,,,,,,,,,,,20080706,SS,HT,삼성,KIA,시민,오훈규,24,3,-1,20080706HTSS0
,데이비스,김우석,78648,72108,0,헛스윙,,,,2,1,1,3,말,3,0,0,0,우,우,,,,데이비스,차일목,장성호,김종국,이현곤,김선빈,김원섭,이용규,채종범,,,,78648,73602,96610,96616,72606,78603,71207,74163,70833,,,,,,,,,,,,,,,,,,20080706,SS,HT,삼성,KIA,시민,오훈규,24,4,-1,20080706HTSS0
,데이비스,김우석,78648,72108,0,볼,,,,2,2,1,3,말,3,0,0,0,우,우,,,,데이비스,차일목,장성호,김종국,이현곤,김선빈,김원섭,이용규,채종범,,,,78648,73602,96610,96616,72606,78603,71207,74163,70833,,,,,,,,,,,,,,,,,,20080706,SS,HT,삼성,KIA,시민,오훈규,24,5,-1,20080706HTSS0
,데이비스,김우석,78648,72108,0,타격,안타,안타,김우석 : 중견수 앞 1루타;,3,2,1,3,말,3,0,0,0,우,우,,,,데이비스,차일목,장성호,김종국,이현곤,김선빈,김원섭,이용규,채종범,,,,78648,73602,96610,96616,72606,78603,71207,74163,70833,,,,,,,,,,,,,,,,,,20080706,SS,HT,삼성,KIA,시민,오훈규,24,6,-1,20080706HTSS0
,데이비스,신명철,78648,71504,0,스트라이크,,,,0,0,1,3,말,3,0,0,0,우,우,김우석,,,데이비스,차일목,장성호,김종국,이현곤,김선빈,김원섭,이용규,채종범,72108.0,,,78648,73602,96610,96616,72606,78603,71207,74163,70833,,,,,,,,,,,,,,,,,,20080706,SS,HT,삼성,KIA,시민,오훈규,25,1,-1,20080706HTSS0
,데이비스,신명철,78648,71504,0,볼,,,,0,1,1,3,말,3,0,0,0,우,우,김우석,,,데이비스,차일목,장성호,김종국,이현곤,김선빈,김원섭,이용규,채종범,72108.0,,,78648,73602,96610,96616,72606,78603,71207,74163,70833,,,,,,,,,,,,,,,,,,20080706,SS,HT,삼성,KIA,시민,오훈규,25,2,-1,20080706HTSS0
,데이비스,신명철,78648,71504,0,스트라이크,,,,1,1,1,3,말,3,0,0,0,우,우,김우석,,,데이비스,차일목,장성호,김종국,이현곤,김선빈,김원섭,이용규,채종범,72108.0,,,78648,73602,96610,96616,72606,78603,71207,74163,70833,,,,,,,,,,,,,,,,,,20080706,SS,HT,삼성,KIA,시민,오훈규,25,3,-1,20080706HTSS0
,데이비스,신명철,78648,71504,0,스트라이크,삼진,삼진,신명철 :  삼진 아웃;,1,2,1,3,말,3,0,0,0,우,우,김우석,,,데이비스,차일목,장성호,김종국,이현곤,김선빈,김원섭,이용규,채종범,72108.0,,,78648,73602,96610,96616,72606,78603,71207,74163,70833,,,,,,,,,,,,,,,,,,20080706,SS,HT,삼성,KIA,시민,오훈규,25,4,-1,20080706HTSS0
,데이비스,박한이,78648,71432,0,헛스윙,,,,0,0,2,3,말,3,0,0,0,좌,우,김우석,,,데이비스,차일목,장성호,김종국,이현곤,김선빈,김원섭,이용규,채종범,72108.0,,,78648,73602,96610,96616,72606,78603,71207,74163,70833,,,,,,,,,,,,,,,,,,20080706,SS,HT,삼성,KIA,시민,오훈규,26,1,-1,20080706HTSS0
,데이비스,박한이,78648,71432,0,볼,,,,0,1,2,3,말,3,0,0,0,좌,우,김우석,,,데이비스,차일목,장성호,김종국,이현곤,김선빈,김원섭,이용규,채종범,72108.0,,,78648,73602,96610,96616,72606,78603,71207,74163,70833,,,,,,,,,,,,,,,,,,20080706,SS,HT,삼성,KIA,시민,오훈규,26,2,-1,20080706HTSS0
,데이비스,박한이,78648,71432,0,볼,,,,1,1,2,3,말,3,0,0,0,좌,우,김우석,,,데이비스,차일목,장성호,김종국,이현곤,김선빈,김원섭,이용규,채종범,72108.0,,,78648,73602,96610,96616,72606,78603,71207,74163,70833,,,,,,,,,,,,,,,,,,20080706,SS,HT,삼성,KIA,시민,오훈규,26,3,-1,20080706HTSS0
,데이비스,박한이,78648,71432,0,볼,,,,2,1,2,3,말,3,0,0,0,좌,우,김우석,,,데이비스,차일목,장성호,김종국,이현곤,김선빈,김원섭,이용규,채종범,72108.0,,,78648,73602,96610,96616,72606,78603,71207,74163,70833,,,,,,,,,,,,,,,,,,20080706,SS,HT,삼성,KIA,시민,오훈규,26,4,-1,20080706HTSS0
,데이비스,박한이,78648,71432,0,스트라이크,,,,3,1,2,3,말,3,0,0,0,좌,우,김우석,,,데이비스,차일목,장성호,김종국,이현곤,김선빈,김원섭,이용규,채종범,72108.0,,,78648,73602,96610,96616,72606,78603,71207,74163,70833,,,,,,,,,,,,,,,,,,20080706,SS,HT,삼성,KIA,시민,오훈규,26,5,-1,20080706HTSS0
,데이비스,박한이,78648,71432,,,,,1루주자 김우석 :  도루로 2루까지 진루;,3,2,2,3,말,3,0,0,0,좌,우,김우석,,,데이비스,차일목,장성호,김종국,이현곤,김선빈,김원섭,이용규,채종범,72108.0,,,78648,73602,96610,96616,72606,78603,71207,74163,70833,,,,,,,,,,,,,,,,,,20080706,SS,HT,삼성,KIA,시민,오훈규,26,,,20080706HTSS0
,데이비스,박한이,78648,71432,0,볼,볼넷,볼넷,박한이 :  볼넷;,3,2,2,3,말,3,0,0,0,좌,우,,김우석,,데이비스,차일목,장성호,김종국,이현곤,김선빈,김원섭,이용규,채종범,,72108.0,,78648,73602,96610,96616,72606,78603,71207,74163,70833,,,,,,,,,,,,,,,,,,20080706,SS,HT,삼성,KIA,시민,오훈규,26,6,-1,20080706HTSS0
,데이비스,우동균,78648,78454,0,타격,안타,안타,우동균 : 좌익수 앞 1루타; 1루주자 박한이 :   2루까지 진루; 2루주자 김우석 :  홈인;,0,0,2,3,말,3,0,0,1,좌,우,박한이,김우석,,데이비스,차일목,장성호,김종국,이현곤,김선빈,김원섭,이용규,채종범,71432.0,72108.0,,78648,73602,96610,96616,72606,78603,71207,74163,70833,,,,,,,,,,,,,,,,,,20080706,SS,HT,삼성,KIA,시민,오훈규,27,1,-1,20080706HTSS0
,데이비스,양준혁,78648,93410,0,스트라이크,,,,0,0,2,3,말,3,1,0,0,좌,우,우동균,박한이,,데이비스,차일목,장성호,김종국,이현곤,김선빈,김원섭,이용규,채종범,78454.0,71432.0,,78648,73602,96610,96616,72606,78603,71207,74163,70833,,,,,,,,,,,,,,,,,,20080706,SS,HT,삼성,KIA,시민,오훈규,28,1,-1,20080706HTSS0
,데이비스,양준혁,78648,93410,0,타격,필드 아웃,플라이 아웃,양준혁 : 2루수 플라이 아웃;,0,1,2,3,말,3,1,1,0,좌,우,우동균,박한이,,데이비스,차일목,장성호,김종국,이현곤,김선빈,김원섭,이용규,채종범,78454.0,71432.0,,78648,73602,96610,96616,72606,78603,71207,74163,70833,,,,,,,,,,,,,,,,,,20080706,SS,HT,삼성,KIA,시민,오훈규,28,2,-1,20080706HTSS0
,전병호,차일목,96411,73602,0,타격,포스 아웃,땅볼 아웃,차일목 : 투수 땅볼 아웃 (투수->1루수 송구아웃);,0,0,0,4,초,3,1,1,0,우,좌,,,,전병호,진갑용,채태인,신명철,박석민,김우석,우동균,박한이,최형우,,,,96411,97202,77463,71504,74465,72108,78454,71432,72443,,,,,,,,,,,,,,,,,,20080706,SS,HT,삼성,KIA,시민,오훈규,29,1,-1,20080706HTSS0
,전병호,김종국,96411,96616,0,스트라이크,,,,0,0,1,4,초,3,1,0,0,우,좌,,,,전병호,진갑용,채태인,신명철,박석민,김우석,우동균,박한이,최형우,,,,96411,97202,77463,71504,74465,72108,78454,71432,72443,,,,,,,,,,,,,,,,,,20080706,SS,HT,삼성,KIA,시민,오훈규,30,1,-1,20080706HTSS0
,전병호,김종국,96411,96616,0,볼,,,,0,1,1,4,초,3,1,0,0,우,좌,,,,전병호,진갑용,채태인,신명철,박석민,김우석,우동균,박한이,최형우,,,,96411,97202,77463,71504,74465,72108,78454,71432,72443,,,,,,,,,,,,,,,,,,20080706,SS,HT,삼성,KIA,시민,오훈규,30,2,-1,20080706HTSS0
,전병호,김종국,96411,96616,0,파울,,,,1,1,1,4,초,3,1,0,0,우,좌,,,,전병호,진갑용,채태인,신명철,박석민,김우석,우동균,박한이,최형우,,,,96411,97202,77463,71504,74465,72108,78454,71432,72443,,,,,,,,,,,,,,,,,,20080706,SS,HT,삼성,KIA,시민,오훈규,30,3,-1,20080706HTSS0
,전병호,김종국,96411,96616,0,볼,,,,1,2,1,4,초,3,1,0,0,우,좌,,,,전병호,진갑용,채태인,신명철,박석민,김우석,우동균,박한이,최형우,,,,96411,97202,77463,71504,74465,72108,78454,71432,72443,,,,,,,,,,,,,,,,,,20080706,SS,HT,삼성,KIA,시민,오훈규,30,4,-1,20080706HTSS0
,전병호,김종국,96411,96616,0,볼,,,,2,2,1,4,초,3,1,0,0,우,좌,,,,전병호,진갑용,채태인,신명철,박석민,김우석,우동균,박한이,최형우,,,,96411,97202,77463,71504,74465,72108,78454,71432,72443,,,,,,,,,,,,,,,,,,20080706,SS,HT,삼성,KIA,시민,오훈규,30,5,-1,20080706HTSS0
,전병호,김종국,96411,96616,0,파울,,,,3,2,1,4,초,3,1,0,0,우,좌,,,,전병호,진갑용,채태인,신명철,박석민,김우석,우동균,박한이,최형우,,,,96411,97202,77463,71504,74465,72108,78454,71432,72443,,,,,,,,,,,,,,,,,,20080706,SS,HT,삼성,KIA,시민,오훈규,30,6,-1,20080706HTSS0
,전병호,김종국,96411,96616,0,파울,,,,3,2,1,4,초,3,1,0,0,우,좌,,,,전병호,진갑용,채태인,신명철,박석민,김우석,우동균,박한이,최형우,,,,96411,97202,77463,71504,74465,72108,78454,71432,72443,,,,,,,,,,,,,,,,,,20080706,SS,HT,삼성,KIA,시민,오훈규,30,7,-1,20080706HTSS0
,전병호,김종국,96411,96616,0,타격,필드 아웃,라인드라이브 아웃,김종국 : 3루수 라인드라이브 아웃;,3,2,1,4,초,3,1,1,0,우,좌,,,,전병호,진갑용,채태인,신명철,박석민,김우석,우동균,박한이,최형우,,,,96411,97202,77463,71504,74465,72108,78454,71432,72443,,,,,,,,,,,,,,,,,,20080706,SS,HT,삼성,KIA,시민,오훈규,30,8,-1,20080706HTSS0
,전병호,이용규,96411,74163,0,파울,,,,0,0,2,4,초,3,1,0,0,좌,좌,,,,전병호,진갑용,채태인,신명철,박석민,김우석,우동균,박한이,최형우,,,,96411,97202,77463,71504,74465,72108,78454,71432,72443,,,,,,,,,,,,,,,,,,20080706,SS,HT,삼성,KIA,시민,오훈규,31,1,-1,20080706HTSS0
,전병호,이용규,96411,74163,0,타격,필드 아웃,플라이 아웃,이용규 : 좌익수 플라이 아웃;,0,1,2,4,초,3,1,1,0,좌,좌,,,,전병호,진갑용,채태인,신명철,박석민,김우석,우동균,박한이,최형우,,,,96411,97202,77463,71504,74465,72108,78454,71432,72443,,,,,,,,,,,,,,,,,,20080706,SS,HT,삼성,KIA,시민,오훈규,31,2,-1,20080706HTSS0
,데이비스,박석민,78648,74465,0,헛스윙,,,,0,0,0,4,말,3,1,0,0,우,우,,,,데이비스,차일목,장성호,김종국,이현곤,김선빈,김원섭,이용규,채종범,,,,78648,73602,96610,96616,72606,78603,71207,74163,70833,,,,,,,,,,,,,,,,,,20080706,SS,HT,삼성,KIA,시민,오훈규,32,1,-1,20080706HTSS0
,데이비스,박석민,78648,74465,0,파울,,,,0,1,0,4,말,3,1,0,0,우,우,,,,데이비스,차일목,장성호,김종국,이현곤,김선빈,김원섭,이용규,채종범,,,,78648,73602,96610,96616,72606,78603,71207,74163,70833,,,,,,,,,,,,,,,,,,20080706,SS,HT,삼성,KIA,시민,오훈규,32,2,-1,20080706HTSS0
,데이비스,박석민,78648,74465,0,볼,,,,0,2,0,4,말,3,1,0,0,우,우,,,,데이비스,차일목,장성호,김종국,이현곤,김선빈,김원섭,이용규,채종범,,,,78648,73602,96610,96616,72606,78603,71207,74163,70833,,,,,,,,,,,,,,,,,,20080706,SS,HT,삼성,KIA,시민,오훈규,32,3,-1,20080706HTSS0
,데이비스,박석민,78648,74465,0,파울,,,,1,2,0,4,말,3,1,0,0,우,우,,,,데이비스,차일목,장성호,김종국,이현곤,김선빈,김원섭,이용규,채종범,,,,78648,73602,96610,96616,72606,78603,71207,74163,70833,,,,,,,,,,,,,,,,,,20080706,SS,HT,삼성,KIA,시민,오훈규,32,4,-1,20080706HTSS0
,데이비스,박석민,78648,74465,0,타격,필드 아웃,플라이 아웃,박석민 : 유격수 플라이 아웃;,1,2,0,4,말,3,1,1,0,우,우,,,,데이비스,차일목,장성호,김종국,이현곤,김선빈,김원섭,이용규,채종범,,,,78648,73602,96610,96616,72606,78603,71207,74163,70833,,,,,,,,,,,,,,,,,,20080706,SS,HT,삼성,KIA,시민,오훈규,32,5,-1,20080706HTSS0
,데이비스,최형우,78648,72443,0,볼,,,,0,0,1,4,말,3,1,0,0,좌,우,,,,데이비스,차일목,장성호,김종국,이현곤,김선빈,김원섭,이용규,채종범,,,,78648,73602,96610,96616,72606,78603,71207,74163,70833,,,,,,,,,,,,,,,,,,20080706,SS,HT,삼성,KIA,시민,오훈규,33,1,-1,20080706HTSS0
,데이비스,최형우,78648,72443,0,볼,,,,1,0,1,4,말,3,1,0,0,좌,우,,,,데이비스,차일목,장성호,김종국,이현곤,김선빈,김원섭,이용규,채종범,,,,78648,73602,96610,96616,72606,78603,71207,74163,70833,,,,,,,,,,,,,,,,,,20080706,SS,HT,삼성,KIA,시민,오훈규,33,2,-1,20080706HTSS0
,데이비스,최형우,78648,72443,0,타격,필드 아웃,플라이 아웃,최형우 : 우익수 플라이 아웃;,2,0,1,4,말,3,1,1,0,좌,우,,,,데이비스,차일목,장성호,김종국,이현곤,김선빈,김원섭,이용규,채종범,,,,78648,73602,96610,96616,72606,78603,71207,74163,70833,,,,,,,,,,,,,,,,,,20080706,SS,HT,삼성,KIA,시민,오훈규,33,3,-1,20080706HTSS0
,데이비스,진갑용,78648,97202,0,볼,,,,0,0,2,4,말,3,1,0,0,우,우,,,,데이비스,차일목,장성호,김종국,이현곤,김선빈,김원섭,이용규,채종범,,,,78648,73602,96610,96616,72606,78603,71207,74163,70833,,,,,,,,,,,,,,,,,,20080706,SS,HT,삼성,KIA,시민,오훈규,34,1,-1,20080706HTSS0
,데이비스,진갑용,78648,97202,0,볼,,,,1,0,2,4,말,3,1,0,0,우,우,,,,데이비스,차일목,장성호,김종국,이현곤,김선빈,김원섭,이용규,채종범,,,,78648,73602,96610,96616,72606,78603,71207,74163,70833,,,,,,,,,,,,,,,,,,20080706,SS,HT,삼성,KIA,시민,오훈규,34,2,-1,20080706HTSS0
,데이비스,진갑용,78648,97202,0,볼,,,,2,0,2,4,말,3,1,0,0,우,우,,,,데이비스,차일목,장성호,김종국,이현곤,김선빈,김원섭,이용규,채종범,,,,78648,73602,96610,96616,72606,78603,71207,74163,70833,,,,,,,,,,,,,,,,,,20080706,SS,HT,삼성,KIA,시민,오훈규,34,3,-1,20080706HTSS0
,데이비스,진갑용,78648,97202,0,볼,볼넷,볼넷,진갑용 :  볼넷;,3,0,2,4,말,3,1,0,0,우,우,,,,데이비스,차일목,장성호,김종국,이현곤,김선빈,김원섭,이용규,채종범,,,,78648,73602,96610,96616,72606,78603,71207,74163,70833,,,,,,,,,,,,,,,,,,20080706,SS,HT,삼성,KIA,시민,오훈규,34,4,-1,20080706HTSS0
,데이비스,채태인,78648,77463,0,볼,,,,0,0,2,4,말,3,1,0,0,좌,우,진갑용,,,데이비스,차일목,장성호,김종국,이현곤,김선빈,김원섭,이용규,채종범,97202.0,,,78648,73602,96610,96616,72606,78603,71207,74163,70833,,,,,,,,,,,,,,,,,,20080706,SS,HT,삼성,KIA,시민,오훈규,35,1,-1,20080706HTSS0
,데이비스,채태인,78648,77463,0,볼,,,,1,0,2,4,말,3,1,0,0,좌,우,진갑용,,,데이비스,차일목,장성호,김종국,이현곤,김선빈,김원섭,이용규,채종범,97202.0,,,78648,73602,96610,96616,72606,78603,71207,74163,70833,,,,,,,,,,,,,,,,,,20080706,SS,HT,삼성,KIA,시민,오훈규,35,2,-1,20080706HTSS0
,데이비스,채태인,78648,77463,0,볼,,,,2,0,2,4,말,3,1,0,0,좌,우,진갑용,,,데이비스,차일목,장성호,김종국,이현곤,김선빈,김원섭,이용규,채종범,97202.0,,,78648,73602,96610,96616,72606,78603,71207,74163,70833,,,,,,,,,,,,,,,,,,20080706,SS,HT,삼성,KIA,시민,오훈규,35,3,-1,20080706HTSS0
,데이비스,채태인,78648,77463,0,볼,볼넷,볼넷,채태인 :  볼넷; 1루주자 진갑용 :   2루까지 진루;,3,0,2,4,말,3,1,0,0,좌,우,진갑용,,,데이비스,차일목,장성호,김종국,이현곤,김선빈,김원섭,이용규,채종범,97202.0,,,78648,73602,96610,96616,72606,78603,71207,74163,70833,,,,,,,,,,,,,,,,,,20080706,SS,HT,삼성,KIA,시민,오훈규,35,4,-1,20080706HTSS0
,데이비스,김우석,78648,72108,0,볼,,,,0,0,2,4,말,3,1,0,0,우,우,채태인,진갑용,,데이비스,차일목,장성호,김종국,이현곤,김선빈,김원섭,이용규,채종범,77463.0,97202.0,,78648,73602,96610,96616,72606,78603,71207,74163,70833,,,,,,,,,,,,,,,,,,20080706,SS,HT,삼성,KIA,시민,오훈규,36,1,-1,20080706HTSS0
,데이비스,김우석,78648,72108,0,스트라이크,,,,1,0,2,4,말,3,1,0,0,우,우,채태인,진갑용,,데이비스,차일목,장성호,김종국,이현곤,김선빈,김원섭,이용규,채종범,77463.0,97202.0,,78648,73602,96610,96616,72606,78603,71207,74163,70833,,,,,,,,,,,,,,,,,,20080706,SS,HT,삼성,KIA,시민,오훈규,36,2,-1,20080706HTSS0
,데이비스,김우석,78648,72108,0,볼,,,,1,1,2,4,말,3,1,0,0,우,우,채태인,진갑용,,데이비스,차일목,장성호,김종국,이현곤,김선빈,김원섭,이용규,채종범,77463.0,97202.0,,78648,73602,96610,96616,72606,78603,71207,74163,70833,,,,,,,,,,,,,,,,,,20080706,SS,HT,삼성,KIA,시민,오훈규,36,3,-1,20080706HTSS0
,데이비스,김우석,78648,72108,0,파울,,,,2,1,2,4,말,3,1,0,0,우,우,채태인,진갑용,,데이비스,차일목,장성호,김종국,이현곤,김선빈,김원섭,이용규,채종범,77463.0,97202.0,,78648,73602,96610,96616,72606,78603,71207,74163,70833,,,,,,,,,,,,,,,,,,20080706,SS,HT,삼성,KIA,시민,오훈규,36,4,-1,20080706HTSS0
,데이비스,김우석,78648,72108,0,파울,,,,2,2,2,4,말,3,1,0,0,우,우,채태인,진갑용,,데이비스,차일목,장성호,김종국,이현곤,김선빈,김원섭,이용규,채종범,77463.0,97202.0,,78648,73602,96610,96616,72606,78603,71207,74163,70833,,,,,,,,,,,,,,,,,,20080706,SS,HT,삼성,KIA,시민,오훈규,36,5,-1,20080706HTSS0
,데이비스,김우석,78648,72108,0,헛스윙,삼진,삼진,김우석 :  삼진 아웃;,2,2,2,4,말,3,1,0,0,우,우,채태인,진갑용,,데이비스,차일목,장성호,김종국,이현곤,김선빈,김원섭,이용규,채종범,77463.0,97202.0,,78648,73602,96610,96616,72606,78603,71207,74163,70833,,,,,,,,,,,,,,,,,,20080706,SS,HT,삼성,KIA,시민,오훈규,36,6,-1,20080706HTSS0
,전병호,김원섭,96411,71207,0,스트라이크,,,,0,0,0,5,초,3,1,0,0,양,좌,,,,전병호,진갑용,채태인,신명철,박석민,김우석,우동균,박한이,최형우,,,,96411,97202,77463,71504,74465,72108,78454,71432,72443,,,,,,,,,,,,,,,,,,20080706,SS,HT,삼성,KIA,시민,오훈규,37,1,-1,20080706HTSS0
,전병호,김원섭,96411,71207,0,타격,포스 아웃,땅볼 아웃,김원섭 : 2루수 땅볼 아웃 (2루수->1루수 송구아웃);,0,1,0,5,초,3,1,1,0,양,좌,,,,전병호,진갑용,채태인,신명철,박석민,김우석,우동균,박한이,최형우,,,,96411,97202,77463,71504,74465,72108,78454,71432,72443,,,,,,,,,,,,,,,,,,20080706,SS,HT,삼성,KIA,시민,오훈규,37,2,-1,20080706HTSS0
,전병호,나지완,96411,78629,0,볼,,,,0,0,1,5,초,3,1,0,0,우,좌,,,,전병호,진갑용,채태인,신명철,박석민,김우석,우동균,박한이,최형우,,,,96411,97202,77463,71504,74465,72108,78454,71432,72443,,,,,,,,,,,,,,,,,,20080706,SS,HT,삼성,KIA,시민,오훈규,38,1,-1,20080706HTSS0
,전병호,나지완,96411,78629,0,볼,,,,1,0,1,5,초,3,1,0,0,우,좌,,,,전병호,진갑용,채태인,신명철,박석민,김우석,우동균,박한이,최형우,,,,96411,97202,77463,71504,74465,72108,78454,71432,72443,,,,,,,,,,,,,,,,,,20080706,SS,HT,삼성,KIA,시민,오훈규,38,2,-1,20080706HTSS0
,전병호,나지완,96411,78629,0,볼,,,,2,0,1,5,초,3,1,0,0,우,좌,,,,전병호,진갑용,채태인,신명철,박석민,김우석,우동균,박한이,최형우,,,,96411,97202,77463,71504,74465,72108,78454,71432,72443,,,,,,,,,,,,,,,,,,20080706,SS,HT,삼성,KIA,시민,오훈규,38,3,-1,20080706HTSS0
,전병호,나지완,96411,78629,0,스트라이크,,,,3,0,1,5,초,3,1,0,0,우,좌,,,,전병호,진갑용,채태인,신명철,박석민,김우석,우동균,박한이,최형우,,,,96411,97202,77463,71504,74465,72108,78454,71432,72443,,,,,,,,,,,,,,,,,,20080706,SS,HT,삼성,KIA,시민,오훈규,38,4,-1,20080706HTSS0
,전병호,나지완,96411,78629,0,스트라이크,,,,3,1,1,5,초,3,1,0,0,우,좌,,,,전병호,진갑용,채태인,신명철,박석민,김우석,우동균,박한이,최형우,,,,96411,97202,77463,71504,74465,72108,78454,71432,72443,,,,,,,,,,,,,,,,,,20080706,SS,HT,삼성,KIA,시민,오훈규,38,5,-1,20080706HTSS0
,전병호,나지완,96411,78629,0,헛스윙,삼진,삼진,나지완 :  삼진 아웃;,3,2,1,5,초,3,1,0,0,우,좌,,,,전병호,진갑용,채태인,신명철,박석민,김우석,우동균,박한이,최형우,,,,96411,97202,77463,71504,74465,72108,78454,71432,72443,,,,,,,,,,,,,,,,,,20080706,SS,HT,삼성,KIA,시민,오훈규,38,6,-1,20080706HTSS0
,전병호,장성호,96411,96610,0,볼,,,,0,0,2,5,초,3,1,0,0,좌,좌,,,,전병호,진갑용,채태인,신명철,박석민,김우석,우동균,박한이,최형우,,,,96411,97202,77463,71504,74465,72108,78454,71432,72443,,,,,,,,,,,,,,,,,,20080706,SS,HT,삼성,KIA,시민,오훈규,39,1,-1,20080706HTSS0
,전병호,장성호,96411,96610,0,볼,,,,1,0,2,5,초,3,1,0,0,좌,좌,,,,전병호,진갑용,채태인,신명철,박석민,김우석,우동균,박한이,최형우,,,,96411,97202,77463,71504,74465,72108,78454,71432,72443,,,,,,,,,,,,,,,,,,20080706,SS,HT,삼성,KIA,시민,오훈규,39,2,-1,20080706HTSS0
,전병호,장성호,96411,96610,0,타격,포스 아웃,땅볼 아웃,장성호 : 유격수 땅볼 아웃 (유격수->1루수 송구아웃);,2,0,2,5,초,3,1,1,0,좌,좌,,,,전병호,진갑용,채태인,신명철,박석민,김우석,우동균,박한이,최형우,,,,96411,97202,77463,71504,74465,72108,78454,71432,72443,,,,,,,,,,,,,,,,,,20080706,SS,HT,삼성,KIA,시민,오훈규,39,3,-1,20080706HTSS0
,데이비스,신명철,78648,71504,0,번트파울,,,,0,0,0,5,말,3,1,0,0,우,우,,,,데이비스,차일목,장성호,김종국,이현곤,김선빈,김원섭,이용규,채종범,,,,78648,73602,96610,96616,72606,78603,71207,74163,70833,,,,,,,,,,,,,,,,,,20080706,SS,HT,삼성,KIA,시민,오훈규,40,1,-1,20080706HTSS0
,데이비스,신명철,78648,71504,0,파울,,,,0,1,0,5,말,3,1,0,0,우,우,,,,데이비스,차일목,장성호,김종국,이현곤,김선빈,김원섭,이용규,채종범,,,,78648,73602,96610,96616,72606,78603,71207,74163,70833,,,,,,,,,,,,,,,,,,20080706,SS,HT,삼성,KIA,시민,오훈규,40,2,-1,20080706HTSS0
,데이비스,신명철,78648,71504,0,파울,,,,0,2,0,5,말,3,1,0,0,우,우,,,,데이비스,차일목,장성호,김종국,이현곤,김선빈,김원섭,이용규,채종범,,,,78648,73602,96610,96616,72606,78603,71207,74163,70833,,,,,,,,,,,,,,,,,,20080706,SS,HT,삼성,KIA,시민,오훈규,40,3,-1,20080706HTSS0
,데이비스,신명철,78648,71504,0,볼,,,,0,2,0,5,말,3,1,0,0,우,우,,,,데이비스,차일목,장성호,김종국,이현곤,김선빈,김원섭,이용규,채종범,,,,78648,73602,96610,96616,72606,78603,71207,74163,70833,,,,,,,,,,,,,,,,,,20080706,SS,HT,삼성,KIA,시민,오훈규,40,4,-1,20080706HTSS0
,데이비스,신명철,78648,71504,0,타격,필드 아웃,파울 플라이 아웃,신명철 : 우익수 파울플라이 아웃;,1,2,0,5,말,3,1,1,0,우,우,,,,데이비스,차일목,장성호,김종국,이현곤,김선빈,김원섭,이용규,채종범,,,,78648,73602,96610,96616,72606,78603,71207,74163,70833,,,,,,,,,,,,,,,,,,20080706,SS,HT,삼성,KIA,시민,오훈규,40,5,-1,20080706HTSS0
,데이비스,박한이,78648,71432,0,파울,,,,0,0,1,5,말,3,1,0,0,좌,우,,,,데이비스,차일목,장성호,김종국,이현곤,김선빈,김원섭,이용규,채종범,,,,78648,73602,96610,96616,72606,78603,71207,74163,70833,,,,,,,,,,,,,,,,,,20080706,SS,HT,삼성,KIA,시민,오훈규,41,1,-1,20080706HTSS0
,데이비스,박한이,78648,71432,0,타격,포스 아웃,땅볼 아웃,박한이 : 2루수 땅볼 아웃 (2루수->1루수 송구아웃);,0,1,1,5,말,3,1,1,0,좌,우,,,,데이비스,차일목,장성호,김종국,이현곤,김선빈,김원섭,이용규,채종범,,,,78648,73602,96610,96616,72606,78603,71207,74163,70833,,,,,,,,,,,,,,,,,,20080706,SS,HT,삼성,KIA,시민,오훈규,41,2,-1,20080706HTSS0
,데이비스,우동균,78648,78454,0,헛스윙,,,,0,0,2,5,말,3,1,0,0,좌,우,,,,데이비스,차일목,장성호,김종국,이현곤,김선빈,김원섭,이용규,채종범,,,,78648,73602,96610,96616,72606,78603,71207,74163,70833,,,,,,,,,,,,,,,,,,20080706,SS,HT,삼성,KIA,시민,오훈규,42,1,-1,20080706HTSS0
,데이비스,우동균,78648,78454,0,스트라이크,,,,0,1,2,5,말,3,1,0,0,좌,우,,,,데이비스,차일목,장성호,김종국,이현곤,김선빈,김원섭,이용규,채종범,,,,78648,73602,96610,96616,72606,78603,71207,74163,70833,,,,,,,,,,,,,,,,,,20080706,SS,HT,삼성,KIA,시민,오훈규,42,2,-1,20080706HTSS0
,데이비스,우동균,78648,78454,0,볼,,,,0,2,2,5,말,3,1,0,0,좌,우,,,,데이비스,차일목,장성호,김종국,이현곤,김선빈,김원섭,이용규,채종범,,,,78648,73602,96610,96616,72606,78603,71207,74163,70833,,,,,,,,,,,,,,,,,,20080706,SS,HT,삼성,KIA,시민,오훈규,42,3,-1,20080706HTSS0
,데이비스,우동균,78648,78454,0,스트라이크,삼진,삼진,우동균 :  삼진 아웃;,1,2,2,5,말,3,1,0,0,좌,우,,,,데이비스,차일목,장성호,김종국,이현곤,김선빈,김원섭,이용규,채종범,,,,78648,73602,96610,96616,72606,78603,71207,74163,70833,,,,,,,,,,,,,,,,,,20080706,SS,HT,삼성,KIA,시민,오훈규,42,4,-1,20080706HTSS0
,전병호,채종범,96411,70833,,,,,투수 전병호 : 투수 안지만 (으)로 교체;,0,0,0,6,초,3,1,0,0,우,좌,,,,전병호,진갑용,채태인,신명철,박석민,김우석,우동균,박한이,최형우,,,,96411,97202,77463,71504,74465,72108,78454,71432,72443,,,,,,,,,,,,,,,,,,20080706,SS,HT,삼성,KIA,시민,오훈규,43,,,20080706HTSS0
,안지만,채종범,72463,70833,0,볼,,,,0,0,0,6,초,3,1,0,0,우,우,,,,안지만,진갑용,채태인,신명철,박석민,김우석,우동균,박한이,최형우,,,,72463,97202,77463,71504,74465,72108,78454,71432,72443,,,,,,,,,,,,,,,,,,20080706,SS,HT,삼성,KIA,시민,오훈규,43,1,-1,20080706HTSS0
,안지만,채종범,72463,70833,0,볼,,,,1,0,0,6,초,3,1,0,0,우,우,,,,안지만,진갑용,채태인,신명철,박석민,김우석,우동균,박한이,최형우,,,,72463,97202,77463,71504,74465,72108,78454,71432,72443,,,,,,,,,,,,,,,,,,20080706,SS,HT,삼성,KIA,시민,오훈규,43,2,-1,20080706HTSS0
,안지만,채종범,72463,70833,0,타격,필드 아웃,라인드라이브 아웃,채종범 : 2루수 라인드라이브 아웃;,2,0,0,6,초,3,1,1,0,우,우,,,,안지만,진갑용,채태인,신명철,박석민,김우석,우동균,박한이,최형우,,,,72463,97202,77463,71504,74465,72108,78454,71432,72443,,,,,,,,,,,,,,,,,,20080706,SS,HT,삼성,KIA,시민,오훈규,43,3,-1,20080706HTSS0
,안지만,이현곤,72463,72606,0,볼,,,,0,0,1,6,초,3,1,0,0,우,우,,,,안지만,진갑용,채태인,신명철,박석민,김우석,우동균,박한이,최형우,,,,72463,97202,77463,71504,74465,72108,78454,71432,72443,,,,,,,,,,,,,,,,,,20080706,SS,HT,삼성,KIA,시민,오훈규,44,1,-1,20080706HTSS0
,안지만,이현곤,72463,72606,0,볼,,,,1,0,1,6,초,3,1,0,0,우,우,,,,안지만,진갑용,채태인,신명철,박석민,김우석,우동균,박한이,최형우,,,,72463,97202,77463,71504,74465,72108,78454,71432,72443,,,,,,,,,,,,,,,,,,20080706,SS,HT,삼성,KIA,시민,오훈규,44,2,-1,20080706HTSS0
,안지만,이현곤,72463,72606,0,타격,포스 아웃,땅볼 아웃,이현곤 : 유격수 땅볼 아웃 (유격수->1루수 송구아웃);,2,0,1,6,초,3,1,1,0,우,우,,,,안지만,진갑용,채태인,신명철,박석민,김우석,우동균,박한이,최형우,,,,72463,97202,77463,71504,74465,72108,78454,71432,72443,,,,,,,,,,,,,,,,,,20080706,SS,HT,삼성,KIA,시민,오훈규,44,3,-1,20080706HTSS0
,안지만,김선빈,72463,78603,0,볼,,,,0,0,2,6,초,3,1,0,0,우,우,,,,안지만,진갑용,채태인,신명철,박석민,김우석,우동균,박한이,최형우,,,,72463,97202,77463,71504,74465,72108,78454,71432,72443,,,,,,,,,,,,,,,,,,20080706,SS,HT,삼성,KIA,시민,오훈규,45,1,-1,20080706HTSS0
,안지만,김선빈,72463,78603,0,타격,필드 아웃,플라이 아웃,김선빈 : 우익수 플라이 아웃;,1,0,2,6,초,3,1,1,0,우,우,,,,안지만,진갑용,채태인,신명철,박석민,김우석,우동균,박한이,최형우,,,,72463,97202,77463,71504,74465,72108,78454,71432,72443,,,,,,,,,,,,,,,,,,20080706,SS,HT,삼성,KIA,시민,오훈규,45,2,-1,20080706HTSS0
,데이비스,양준혁,78648,93410,0,타격,필드 아웃,파울 플라이 아웃,양준혁 : 1루수 파울플라이 아웃;,0,0,0,6,말,3,1,1,0,좌,우,,,,데이비스,차일목,장성호,김종국,이현곤,김선빈,김원섭,이용규,채종범,,,,78648,73602,96610,96616,72606,78603,71207,74163,70833,,,,,,,,,,,,,,,,,,20080706,SS,HT,삼성,KIA,시민,오훈규,46,1,-1,20080706HTSS0
,데이비스,박석민,78648,74465,0,볼,,,,0,0,1,6,말,3,1,0,0,우,우,,,,데이비스,차일목,장성호,김종국,이현곤,김선빈,김원섭,이용규,채종범,,,,78648,73602,96610,96616,72606,78603,71207,74163,70833,,,,,,,,,,,,,,,,,,20080706,SS,HT,삼성,KIA,시민,오훈규,47,1,-1,20080706HTSS0
,데이비스,박석민,78648,74465,0,볼,,,,1,0,1,6,말,3,1,0,0,우,우,,,,데이비스,차일목,장성호,김종국,이현곤,김선빈,김원섭,이용규,채종범,,,,78648,73602,96610,96616,72606,78603,71207,74163,70833,,,,,,,,,,,,,,,,,,20080706,SS,HT,삼성,KIA,시민,오훈규,47,2,-1,20080706HTSS0
,데이비스,박석민,78648,74465,0,볼,,,,2,0,1,6,말,3,1,0,0,우,우,,,,데이비스,차일목,장성호,김종국,이현곤,김선빈,김원섭,이용규,채종범,,,,78648,73602,96610,96616,72606,78603,71207,74163,70833,,,,,,,,,,,,,,,,,,20080706,SS,HT,삼성,KIA,시민,오훈규,47,3,-1,20080706HTSS0
,데이비스,박석민,78648,74465,0,스트라이크,,,,3,0,1,6,말,3,1,0,0,우,우,,,,데이비스,차일목,장성호,김종국,이현곤,김선빈,김원섭,이용규,채종범,,,,78648,73602,96610,96616,72606,78603,71207,74163,70833,,,,,,,,,,,,,,,,,,20080706,SS,HT,삼성,KIA,시민,오훈규,47,4,-1,20080706HTSS0
,데이비스,박석민,78648,74465,0,파울,,,,3,1,1,6,말,3,1,0,0,우,우,,,,데이비스,차일목,장성호,김종국,이현곤,김선빈,김원섭,이용규,채종범,,,,78648,73602,96610,96616,72606,78603,71207,74163,70833,,,,,,,,,,,,,,,,,,20080706,SS,HT,삼성,KIA,시민,오훈규,47,5,-1,20080706HTSS0
,데이비스,박석민,78648,74465,0,타격,필드 아웃,플라이 아웃,박석민 : 우익수 플라이 아웃;,3,2,1,6,말,3,1,1,0,우,우,,,,데이비스,차일목,장성호,김종국,이현곤,김선빈,김원섭,이용규,채종범,,,,78648,73602,96610,96616,72606,78603,71207,74163,70833,,,,,,,,,,,,,,,,,,20080706,SS,HT,삼성,KIA,시민,오훈규,47,6,-1,20080706HTSS0
,데이비스,최형우,78648,72443,0,타격,필드 아웃,플라이 아웃,최형우 : 좌익수 플라이 아웃;,0,0,2,6,말,3,1,1,0,좌,우,,,,데이비스,차일목,장성호,김종국,이현곤,김선빈,김원섭,이용규,채종범,,,,78648,73602,96610,96616,72606,78603,71207,74163,70833,,,,,,,,,,,,,,,,,,20080706,SS,HT,삼성,KIA,시민,오훈규,48,1,-1,20080706HTSS0
,안지만,차일목,72463,73602,0,스트라이크,,,,0,0,0,7,초,3,1,0,0,우,우,,,,안지만,진갑용,채태인,신명철,박석민,김우석,우동균,박한이,최형우,,,,72463,97202,77463,71504,74465,72108,78454,71432,72443,,,,,,,,,,,,,,,,,,20080706,SS,HT,삼성,KIA,시민,오훈규,49,1,-1,20080706HTSS0
,안지만,차일목,72463,73602,0,볼,,,,0,1,0,7,초,3,1,0,0,우,우,,,,안지만,진갑용,채태인,신명철,박석민,김우석,우동균,박한이,최형우,,,,72463,97202,77463,71504,74465,72108,78454,71432,72443,,,,,,,,,,,,,,,,,,20080706,SS,HT,삼성,KIA,시민,오훈규,49,2,-1,20080706HTSS0
,안지만,차일목,72463,73602,0,볼,,,,1,1,0,7,초,3,1,0,0,우,우,,,,안지만,진갑용,채태인,신명철,박석민,김우석,우동균,박한이,최형우,,,,72463,97202,77463,71504,74465,72108,78454,71432,72443,,,,,,,,,,,,,,,,,,20080706,SS,HT,삼성,KIA,시민,오훈규,49,3,-1,20080706HTSS0
,안지만,차일목,72463,73602,0,타격,안타,안타,차일목 : 중견수 앞 1루타;,2,1,0,7,초,3,1,0,0,우,우,,,,안지만,진갑용,채태인,신명철,박석민,김우석,우동균,박한이,최형우,,,,72463,97202,77463,71504,74465,72108,78454,71432,72443,,,,,,,,,,,,,,,,,,20080706,SS,HT,삼성,KIA,시민,오훈규,49,4,-1,20080706HTSS0
,안지만,김종국,72463,96616,0,번트파울,,,,0,0,0,7,초,3,1,0,0,우,우,차일목,,,안지만,진갑용,채태인,신명철,박석민,김우석,우동균,박한이,최형우,73602.0,,,72463,97202,77463,71504,74465,72108,78454,71432,72443,,,,,,,,,,,,,,,,,,20080706,SS,HT,삼성,KIA,시민,오훈규,50,1,-1,20080706HTSS0
,안지만,김종국,72463,96616,0,타격,포스 아웃,땅볼 아웃,김종국 : 투수 앞 땅볼로 출루; 1루주자 차일목 :  포스아웃 (투수->유격수 2루 터치아웃);,0,1,0,7,초,3,1,1,0,우,우,차일목,,,안지만,진갑용,채태인,신명철,박석민,김우석,우동균,박한이,최형우,73602.0,,,72463,97202,77463,71504,74465,72108,78454,71432,72443,,,,,,,,,,,,,,,,,,20080706,SS,HT,삼성,KIA,시민,오훈규,50,2,-1,20080706HTSS0
,안지만,이용규,72463,74163,,,,,투수 안지만 : 투수 권혁 (으)로 교체;,0,0,1,7,초,3,1,0,0,좌,우,김종국,,,안지만,진갑용,채태인,신명철,박석민,김우석,우동균,박한이,최형우,96616.0,,,72463,97202,77463,71504,74465,72108,78454,71432,72443,,,,,,,,,,,,,,,,,,20080706,SS,HT,삼성,KIA,시민,오훈규,51,,,20080706HTSS0
,권혁,이용규,72447,74163,0,타격,필드 아웃,플라이 아웃,이용규 : 좌익수 플라이 아웃;,0,0,1,7,초,3,1,1,0,좌,좌,김종국,,,권혁,진갑용,채태인,신명철,박석민,김우석,우동균,박한이,최형우,96616.0,,,72447,97202,77463,71504,74465,72108,78454,71432,72443,,,,,,,,,,,,,,,,,,20080706,SS,HT,삼성,KIA,시민,오훈규,51,1,-1,20080706HTSS0
,권혁,김원섭,72447,71207,0,볼,,,,0,0,2,7,초,3,1,0,0,양,좌,김종국,,,권혁,진갑용,채태인,신명철,박석민,김우석,우동균,박한이,최형우,96616.0,,,72447,97202,77463,71504,74465,72108,78454,71432,72443,,,,,,,,,,,,,,,,,,20080706,SS,HT,삼성,KIA,시민,오훈규,52,1,-1,20080706HTSS0
,권혁,김원섭,72447,71207,0,볼,,,,1,0,2,7,초,3,1,0,0,양,좌,김종국,,,권혁,진갑용,채태인,신명철,박석민,김우석,우동균,박한이,최형우,96616.0,,,72447,97202,77463,71504,74465,72108,78454,71432,72443,,,,,,,,,,,,,,,,,,20080706,SS,HT,삼성,KIA,시민,오훈규,52,2,-1,20080706HTSS0
,권혁,김원섭,72447,71207,0,타격,2루타,2루타,김원섭 : 우익수 오른쪽 2루타; 1루주자 김종국 :   3루까지 진루;,2,0,2,7,초,3,1,0,0,양,좌,김종국,,,권혁,진갑용,채태인,신명철,박석민,김우석,우동균,박한이,최형우,96616.0,,,72447,97202,77463,71504,74465,72108,78454,71432,72443,,,,,,,,,,,,,,,,,,20080706,SS,HT,삼성,KIA,시민,오훈규,52,3,-1,20080706HTSS0
,권혁,나지완,72447,78629,0,볼,,,,0,0,2,7,초,3,1,0,0,우,좌,,김원섭,김종국,권혁,진갑용,채태인,신명철,박석민,김우석,우동균,박한이,최형우,,71207.0,96616.0,72447,97202,77463,71504,74465,72108,78454,71432,72443,,,,,,,,,,,,,,,,,,20080706,SS,HT,삼성,KIA,시민,오훈규,53,1,-1,20080706HTSS0
,권혁,나지완,72447,78629,0,볼,,,,1,0,2,7,초,3,1,0,0,우,좌,,김원섭,김종국,권혁,진갑용,채태인,신명철,박석민,김우석,우동균,박한이,최형우,,71207.0,96616.0,72447,97202,77463,71504,74465,72108,78454,71432,72443,,,,,,,,,,,,,,,,,,20080706,SS,HT,삼성,KIA,시민,오훈규,53,2,-1,20080706HTSS0
,권혁,나지완,72447,78629,0,스트라이크,,,,2,0,2,7,초,3,1,0,0,우,좌,,김원섭,김종국,권혁,진갑용,채태인,신명철,박석민,김우석,우동균,박한이,최형우,,71207.0,96616.0,72447,97202,77463,71504,74465,72108,78454,71432,72443,,,,,,,,,,,,,,,,,,20080706,SS,HT,삼성,KIA,시민,오훈규,53,3,-1,20080706HTSS0
,권혁,나지완,72447,78629,0,타격,포스 아웃,땅볼 아웃,나지완 : 3루수 땅볼 아웃 (3루수->1루수 송구아웃);,2,1,2,7,초,3,1,1,0,우,좌,,김원섭,김종국,권혁,진갑용,채태인,신명철,박석민,김우석,우동균,박한이,최형우,,71207.0,96616.0,72447,97202,77463,71504,74465,72108,78454,71432,72443,,,,,,,,,,,,,,,,,,20080706,SS,HT,삼성,KIA,시민,오훈규,53,4,-1,20080706HTSS0
,데이비스,진갑용,78648,97202,,,,,투수 데이비스 : 투수 손영민 (으)로 교체; 6번타자 진갑용 : 대타 김창희(으)로 교체;,0,0,0,7,말,3,1,0,0,우,우,,,,데이비스,차일목,장성호,김종국,이현곤,김선빈,김원섭,이용규,채종범,,,,78648,73602,96610,96616,72606,78603,71207,74163,70833,,,,,,,,,,,,,,,,,,20080706,SS,HT,삼성,KIA,시민,오훈규,54,,,20080706HTSS0
,손영민,김창희,76639,97644,0,스트라이크,,,,0,0,0,7,말,3,1,0,0,우,우,,,,손영민,차일목,장성호,김종국,이현곤,김선빈,김원섭,이용규,채종범,,,,76639,73602,96610,96616,72606,78603,71207,74163,70833,,,,,,,,,,,,,,,,,,20080706,SS,HT,삼성,KIA,시민,오훈규,54,1,-1,20080706HTSS0
,손영민,김창희,76639,97644,0,볼,,,,0,1,0,7,말,3,1,0,0,우,우,,,,손영민,차일목,장성호,김종국,이현곤,김선빈,김원섭,이용규,채종범,,,,76639,73602,96610,96616,72606,78603,71207,74163,70833,,,,,,,,,,,,,,,,,,20080706,SS,HT,삼성,KIA,시민,오훈규,54,2,-1,20080706HTSS0
,손영민,김창희,76639,97644,0,파울,,,,1,1,0,7,말,3,1,0,0,우,우,,,,손영민,차일목,장성호,김종국,이현곤,김선빈,김원섭,이용규,채종범,,,,76639,73602,96610,96616,72606,78603,71207,74163,70833,,,,,,,,,,,,,,,,,,20080706,SS,HT,삼성,KIA,시민,오훈규,54,3,-1,20080706HTSS0
,손영민,김창희,76639,97644,0,볼,,,,1,2,0,7,말,3,1,0,0,우,우,,,,손영민,차일목,장성호,김종국,이현곤,김선빈,김원섭,이용규,채종범,,,,76639,73602,96610,96616,72606,78603,71207,74163,70833,,,,,,,,,,,,,,,,,,20080706,SS,HT,삼성,KIA,시민,오훈규,54,4,-1,20080706HTSS0
,손영민,김창희,76639,97644,0,파울,,,,2,2,0,7,말,3,1,0,0,우,우,,,,손영민,차일목,장성호,김종국,이현곤,김선빈,김원섭,이용규,채종범,,,,76639,73602,96610,96616,72606,78603,71207,74163,70833,,,,,,,,,,,,,,,,,,20080706,SS,HT,삼성,KIA,시민,오훈규,54,5,-1,20080706HTSS0
,손영민,김창희,76639,97644,0,파울,,,,2,2,0,7,말,3,1,0,0,우,우,,,,손영민,차일목,장성호,김종국,이현곤,김선빈,김원섭,이용규,채종범,,,,76639,73602,96610,96616,72606,78603,71207,74163,70833,,,,,,,,,,,,,,,,,,20080706,SS,HT,삼성,KIA,시민,오훈규,54,6,-1,20080706HTSS0
,손영민,김창희,76639,97644,0,볼,,,,2,2,0,7,말,3,1,0,0,우,우,,,,손영민,차일목,장성호,김종국,이현곤,김선빈,김원섭,이용규,채종범,,,,76639,73602,96610,96616,72606,78603,71207,74163,70833,,,,,,,,,,,,,,,,,,20080706,SS,HT,삼성,KIA,시민,오훈규,54,7,-1,20080706HTSS0
,손영민,김창희,76639,97644,0,파울,,,,3,2,0,7,말,3,1,0,0,우,우,,,,손영민,차일목,장성호,김종국,이현곤,김선빈,김원섭,이용규,채종범,,,,76639,73602,96610,96616,72606,78603,71207,74163,70833,,,,,,,,,,,,,,,,,,20080706,SS,HT,삼성,KIA,시민,오훈규,54,8,-1,20080706HTSS0
,손영민,김창희,76639,97644,0,파울,,,,3,2,0,7,말,3,1,0,0,우,우,,,,손영민,차일목,장성호,김종국,이현곤,김선빈,김원섭,이용규,채종범,,,,76639,73602,96610,96616,72606,78603,71207,74163,70833,,,,,,,,,,,,,,,,,,20080706,SS,HT,삼성,KIA,시민,오훈규,54,9,-1,20080706HTSS0
,손영민,김창희,76639,97644,0,타격,안타,안타,김창희 : 좌중간 1루타;,3,2,0,7,말,3,1,0,0,우,우,,,,손영민,차일목,장성호,김종국,이현곤,김선빈,김원섭,이용규,채종범,,,,76639,73602,96610,96616,72606,78603,71207,74163,70833,,,,,,,,,,,,,,,,,,20080706,SS,HT,삼성,KIA,시민,오훈규,54,10,-1,20080706HTSS0
,손영민,채태인,76639,77463,0,볼,,,,0,0,0,7,말,3,1,0,0,좌,우,김창희,,,손영민,차일목,장성호,김종국,이현곤,김선빈,김원섭,이용규,채종범,97644.0,,,76639,73602,96610,96616,72606,78603,71207,74163,70833,,,,,,,,,,,,,,,,,,20080706,SS,HT,삼성,KIA,시민,오훈규,55,1,-1,20080706HTSS0
,손영민,채태인,76639,77463,0,볼,,,,1,0,0,7,말,3,1,0,0,좌,우,김창희,,,손영민,차일목,장성호,김종국,이현곤,김선빈,김원섭,이용규,채종범,97644.0,,,76639,73602,96610,96616,72606,78603,71207,74163,70833,,,,,,,,,,,,,,,,,,20080706,SS,HT,삼성,KIA,시민,오훈규,55,2,-1,20080706HTSS0
,손영민,채태인,76639,77463,0,스트라이크,,,,2,0,0,7,말,3,1,0,0,좌,우,김창희,,,손영민,차일목,장성호,김종국,이현곤,김선빈,김원섭,이용규,채종범,97644.0,,,76639,73602,96610,96616,72606,78603,71207,74163,70833,,,,,,,,,,,,,,,,,,20080706,SS,HT,삼성,KIA,시민,오훈규,55,3,-1,20080706HTSS0
,손영민,채태인,76639,77463,0,볼,,,,2,1,0,7,말,3,1,0,0,좌,우,김창희,,,손영민,차일목,장성호,김종국,이현곤,김선빈,김원섭,이용규,채종범,97644.0,,,76639,73602,96610,96616,72606,78603,71207,74163,70833,,,,,,,,,,,,,,,,,,20080706,SS,HT,삼성,KIA,시민,오훈규,55,4,-1,20080706HTSS0
,손영민,채태인,76639,77463,0,파울,,,,3,1,0,7,말,3,1,0,0,좌,우,김창희,,,손영민,차일목,장성호,김종국,이현곤,김선빈,김원섭,이용규,채종범,97644.0,,,76639,73602,96610,96616,72606,78603,71207,74163,70833,,,,,,,,,,,,,,,,,,20080706,SS,HT,삼성,KIA,시민,오훈규,55,5,-1,20080706HTSS0
,손영민,채태인,76639,77463,0,파울,,,,3,2,0,7,말,3,1,0,0,좌,우,김창희,,,손영민,차일목,장성호,김종국,이현곤,김선빈,김원섭,이용규,채종범,97644.0,,,76639,73602,96610,96616,72606,78603,71207,74163,70833,,,,,,,,,,,,,,,,,,20080706,SS,HT,삼성,KIA,시민,오훈규,55,6,-1,20080706HTSS0
,손영민,채태인,76639,77463,0,타격,2루타,2루타,채태인 : 우익수 오른쪽 2루타; 1루주자 김창희 :  홈인;,3,2,0,7,말,3,1,0,1,좌,우,김창희,,,손영민,차일목,장성호,김종국,이현곤,김선빈,김원섭,이용규,채종범,97644.0,,,76639,73602,96610,96616,72606,78603,71207,74163,70833,,,,,,,,,,,,,,,,,,20080706,SS,HT,삼성,KIA,시민,오훈규,55,7,-1,20080706HTSS0
,손영민,김우석,76639,72108,0,번트파울,,,,0,0,0,7,말,3,2,0,0,우,우,,채태인,,손영민,차일목,장성호,김종국,이현곤,김선빈,김원섭,이용규,채종범,,77463.0,,76639,73602,96610,96616,72606,78603,71207,74163,70833,,,,,,,,,,,,,,,,,,20080706,SS,HT,삼성,KIA,시민,오훈규,56,1,-1,20080706HTSS0
,손영민,김우석,76639,72108,0,볼,,,,0,1,0,7,말,3,2,0,0,우,우,,채태인,,손영민,차일목,장성호,김종국,이현곤,김선빈,김원섭,이용규,채종범,,77463.0,,76639,73602,96610,96616,72606,78603,71207,74163,70833,,,,,,,,,,,,,,,,,,20080706,SS,HT,삼성,KIA,시민,오훈규,56,2,-1,20080706HTSS0
,손영민,김우석,76639,72108,0,타격,희생번트,희생번트,김우석 : 1루수 희생번트 아웃 (1루수->2루수 송구아웃); 2루주자 채태인 :   3루까지 진루;,1,1,0,7,말,3,2,1,0,우,우,,채태인,,손영민,차일목,장성호,김종국,이현곤,김선빈,김원섭,이용규,채종범,,77463.0,,76639,73602,96610,96616,72606,78603,71207,74163,70833,,,,,,,,,,,,,,,,,,20080706,SS,HT,삼성,KIA,시민,오훈규,56,3,-1,20080706HTSS0
,손영민,신명철,76639,71504,,,,,9번타자 신명철 : 대타 김재걸(으)로 교체;,0,0,1,7,말,3,2,0,0,우,우,,,채태인,손영민,차일목,장성호,김종국,이현곤,김선빈,김원섭,이용규,채종범,,,77463.0,76639,73602,96610,96616,72606,78603,71207,74163,70833,,,,,,,,,,,,,,,,,,20080706,SS,HT,삼성,KIA,시민,오훈규,57,,,20080706HTSS0
,손영민,김재걸,76639,95409,0,볼,,,,0,0,1,7,말,3,2,0,0,우,우,,,채태인,손영민,차일목,장성호,김종국,이현곤,김선빈,김원섭,이용규,채종범,,,77463.0,76639,73602,96610,96616,72606,78603,71207,74163,70833,,,,,,,,,,,,,,,,,,20080706,SS,HT,삼성,KIA,시민,오훈규,57,1,-1,20080706HTSS0
,손영민,김재걸,76639,95409,0,헛스윙,,,,1,0,1,7,말,3,2,0,0,우,우,,,채태인,손영민,차일목,장성호,김종국,이현곤,김선빈,김원섭,이용규,채종범,,,77463.0,76639,73602,96610,96616,72606,78603,71207,74163,70833,,,,,,,,,,,,,,,,,,20080706,SS,HT,삼성,KIA,시민,오훈규,57,2,-1,20080706HTSS0
,손영민,김재걸,76639,95409,0,파울,,,,1,1,1,7,말,3,2,0,0,우,우,,,채태인,손영민,차일목,장성호,김종국,이현곤,김선빈,김원섭,이용규,채종범,,,77463.0,76639,73602,96610,96616,72606,78603,71207,74163,70833,,,,,,,,,,,,,,,,,,20080706,SS,HT,삼성,KIA,시민,오훈규,57,3,-1,20080706HTSS0
,손영민,김재걸,76639,95409,0,볼,,,,1,2,1,7,말,3,2,0,0,우,우,,,채태인,손영민,차일목,장성호,김종국,이현곤,김선빈,김원섭,이용규,채종범,,,77463.0,76639,73602,96610,96616,72606,78603,71207,74163,70833,,,,,,,,,,,,,,,,,,20080706,SS,HT,삼성,KIA,시민,오훈규,57,4,-1,20080706HTSS0
,손영민,김재걸,76639,95409,0,타격,안타,안타,김재걸 : 중견수 앞 1루타; 3루주자 채태인 :  홈인;,2,2,1,7,말,3,2,0,1,우,우,,,채태인,손영민,차일목,장성호,김종국,이현곤,김선빈,김원섭,이용규,채종범,,,77463.0,76639,73602,96610,96616,72606,78603,71207,74163,70833,,,,,,,,,,,,,,,,,,20080706,SS,HT,삼성,KIA,시민,오훈규,57,5,-1,20080706HTSS0
,손영민,박한이,76639,71432,,,,,투수 손영민 : 투수 진민호 (으)로 교체;,0,0,1,7,말,3,3,0,0,좌,우,김재걸,,,손영민,차일목,장성호,김종국,이현곤,김선빈,김원섭,이용규,채종범,95409.0,,,76639,73602,96610,96616,72606,78603,71207,74163,70833,,,,,,,,,,,,,,,,,,20080706,SS,HT,삼성,KIA,시민,오훈규,58,,,20080706HTSS0
,진민호,박한이,76650,71432,0,볼,,,,0,0,1,7,말,3,3,0,0,좌,좌,김재걸,,,진민호,차일목,장성호,김종국,이현곤,김선빈,김원섭,이용규,채종범,95409.0,,,76650,73602,96610,96616,72606,78603,71207,74163,70833,,,,,,,,,,,,,,,,,,20080706,SS,HT,삼성,KIA,시민,오훈규,58,1,-1,20080706HTSS0
,진민호,박한이,76650,71432,,,,,1루주자 김재걸 :  도루로 2루까지 진루;,1,0,1,7,말,3,3,0,0,좌,좌,김재걸,,,진민호,차일목,장성호,김종국,이현곤,김선빈,김원섭,이용규,채종범,95409.0,,,76650,73602,96610,96616,72606,78603,71207,74163,70833,,,,,,,,,,,,,,,,,,20080706,SS,HT,삼성,KIA,시민,오훈규,58,,,20080706HTSS0
,진민호,박한이,76650,71432,0,스트라이크,,,,1,0,1,7,말,3,3,0,0,좌,좌,,김재걸,,진민호,차일목,장성호,김종국,이현곤,김선빈,김원섭,이용규,채종범,,95409.0,,76650,73602,96610,96616,72606,78603,71207,74163,70833,,,,,,,,,,,,,,,,,,20080706,SS,HT,삼성,KIA,시민,오훈규,58,2,-1,20080706HTSS0
,진민호,박한이,76650,71432,0,파울,,,,1,1,1,7,말,3,3,0,0,좌,좌,,김재걸,,진민호,차일목,장성호,김종국,이현곤,김선빈,김원섭,이용규,채종범,,95409.0,,76650,73602,96610,96616,72606,78603,71207,74163,70833,,,,,,,,,,,,,,,,,,20080706,SS,HT,삼성,KIA,시민,오훈규,58,3,-1,20080706HTSS0
,진민호,박한이,76650,71432,0,타격,필드 아웃,플라이 아웃,박한이 : 좌익수 플라이 아웃; 2루주자 김재걸 :   3루까지 진루;,1,2,1,7,말,3,3,1,0,좌,좌,,김재걸,,진민호,차일목,장성호,김종국,이현곤,김선빈,김원섭,이용규,채종범,,95409.0,,76650,73602,96610,96616,72606,78603,71207,74163,70833,,,,,,,,,,,,,,,,,,20080706,SS,HT,삼성,KIA,시민,오훈규,58,4,-1,20080706HTSS0
,진민호,우동균,76650,78454,,,,,투수 진민호 : 투수 임준혁 (으)로 교체; 2번타자 우동균 : 대타 강봉규(으)로 교체;,0,0,2,7,말,3,3,0,0,좌,좌,,,김재걸,진민호,차일목,장성호,김종국,이현곤,김선빈,김원섭,이용규,채종범,,,95409.0,76650,73602,96610,96616,72606,78603,71207,74163,70833,,,,,,,,,,,,,,,,,,20080706,SS,HT,삼성,KIA,시민,오훈규,59,,,20080706HTSS0
,임준혁,강봉규,73632,70224,0,스트라이크,,,,0,0,2,7,말,3,3,0,0,우,우,,,김재걸,임준혁,차일목,장성호,김종국,이현곤,김선빈,김원섭,이용규,채종범,,,95409.0,73632,73602,96610,96616,72606,78603,71207,74163,70833,,,,,,,,,,,,,,,,,,20080706,SS,HT,삼성,KIA,시민,오훈규,59,1,-1,20080706HTSS0
,임준혁,강봉규,73632,70224,0,파울,,,,0,1,2,7,말,3,3,0,0,우,우,,,김재걸,임준혁,차일목,장성호,김종국,이현곤,김선빈,김원섭,이용규,채종범,,,95409.0,73632,73602,96610,96616,72606,78603,71207,74163,70833,,,,,,,,,,,,,,,,,,20080706,SS,HT,삼성,KIA,시민,오훈규,59,2,-1,20080706HTSS0
,임준혁,강봉규,73632,70224,0,스트라이크,삼진,삼진,강봉규 :  삼진 아웃;,0,2,2,7,말,3,3,0,0,우,우,,,김재걸,임준혁,차일목,장성호,김종국,이현곤,김선빈,김원섭,이용규,채종범,,,95409.0,73632,73602,96610,96616,72606,78603,71207,74163,70833,,,,,,,,,,,,,,,,,,20080706,SS,HT,삼성,KIA,시민,오훈규,59,3,-1,20080706HTSS0
,권혁,장성호,72447,96610,,,,,대타 강봉규 : 포수 현재윤 (으)로 교체; 대타 김창희 : 좌익수(으)로 수비위치 변경; 대타 김재걸 : 2루수(으)로 수비위치 변경;,0,0,0,8,초,3,3,0,0,좌,좌,,,,권혁,진갑용,채태인,신명철,박석민,김우석,우동균,박한이,최형우,,,,72447,97202,77463,71504,74465,72108,78454,71432,72443,,,,,,,,,,,,,,,,,,20080706,SS,HT,삼성,KIA,시민,오훈규,60,,,20080706HTSS0
,권혁,장성호,72447,96610,0,스트라이크,,,,0,0,0,8,초,3,3,0,0,좌,좌,,,,권혁,현재윤,채태인,김재걸,박석민,김우석,김창희,박한이,최형우,,,,72447,72427,77463,95409,74465,72108,97644,71432,72443,,,,,,,,,,,,,,,,,,20080706,SS,HT,삼성,KIA,시민,오훈규,60,1,-1,20080706HTSS0
,권혁,장성호,72447,96610,0,스트라이크,,,,0,1,0,8,초,3,3,0,0,좌,좌,,,,권혁,현재윤,채태인,김재걸,박석민,김우석,김창희,박한이,최형우,,,,72447,72427,77463,95409,74465,72108,97644,71432,72443,,,,,,,,,,,,,,,,,,20080706,SS,HT,삼성,KIA,시민,오훈규,60,2,-1,20080706HTSS0
,권혁,장성호,72447,96610,0,볼,,,,0,2,0,8,초,3,3,0,0,좌,좌,,,,권혁,현재윤,채태인,김재걸,박석민,김우석,김창희,박한이,최형우,,,,72447,72427,77463,95409,74465,72108,97644,71432,72443,,,,,,,,,,,,,,,,,,20080706,SS,HT,삼성,KIA,시민,오훈규,60,3,-1,20080706HTSS0
,권혁,장성호,72447,96610,0,타격,필드 아웃,플라이 아웃,장성호 : 유격수 플라이 아웃;,1,2,0,8,초,3,3,1,0,좌,좌,,,,권혁,현재윤,채태인,김재걸,박석민,김우석,김창희,박한이,최형우,,,,72447,72427,77463,95409,74465,72108,97644,71432,72443,,,,,,,,,,,,,,,,,,20080706,SS,HT,삼성,KIA,시민,오훈규,60,4,-1,20080706HTSS0
,권혁,채종범,72447,70833,0,볼,,,,0,0,1,8,초,3,3,0,0,우,좌,,,,권혁,현재윤,채태인,김재걸,박석민,김우석,김창희,박한이,최형우,,,,72447,72427,77463,95409,74465,72108,97644,71432,72443,,,,,,,,,,,,,,,,,,20080706,SS,HT,삼성,KIA,시민,오훈규,61,1,-1,20080706HTSS0
,권혁,채종범,72447,70833,0,볼,,,,1,0,1,8,초,3,3,0,0,우,좌,,,,권혁,현재윤,채태인,김재걸,박석민,김우석,김창희,박한이,최형우,,,,72447,72427,77463,95409,74465,72108,97644,71432,72443,,,,,,,,,,,,,,,,,,20080706,SS,HT,삼성,KIA,시민,오훈규,61,2,-1,20080706HTSS0
,권혁,채종범,72447,70833,0,파울,,,,2,0,1,8,초,3,3,0,0,우,좌,,,,권혁,현재윤,채태인,김재걸,박석민,김우석,김창희,박한이,최형우,,,,72447,72427,77463,95409,74465,72108,97644,71432,72443,,,,,,,,,,,,,,,,,,20080706,SS,HT,삼성,KIA,시민,오훈규,61,3,-1,20080706HTSS0
,권혁,채종범,72447,70833,0,타격,필드 아웃,플라이 아웃,채종범 : 우익수 플라이 아웃;,2,1,1,8,초,3,3,1,0,우,좌,,,,권혁,현재윤,채태인,김재걸,박석민,김우석,김창희,박한이,최형우,,,,72447,72427,77463,95409,74465,72108,97644,71432,72443,,,,,,,,,,,,,,,,,,20080706,SS,HT,삼성,KIA,시민,오훈규,61,4,-1,20080706HTSS0
,권혁,이현곤,72447,72606,,,,,투수 권혁 : 투수 정현욱 (으)로 교체;,0,0,2,8,초,3,3,0,0,우,좌,,,,권혁,현재윤,채태인,김재걸,박석민,김우석,김창희,박한이,최형우,,,,72447,72427,77463,95409,74465,72108,97644,71432,72443,,,,,,,,,,,,,,,,,,20080706,SS,HT,삼성,KIA,시민,오훈규,62,,,20080706HTSS0
,정현욱,이현곤,96462,72606,0,타격,포스 아웃,땅볼 아웃,이현곤 : 3루수 땅볼 아웃 (3루수->1루수 송구아웃);,0,0,2,8,초,3,3,1,0,우,우,,,,정현욱,현재윤,채태인,김재걸,박석민,김우석,김창희,박한이,최형우,,,,96462,72427,77463,95409,74465,72108,97644,71432,72443,,,,,,,,,,,,,,,,,,20080706,SS,HT,삼성,KIA,시민,오훈규,62,1,-1,20080706HTSS0
,임준혁,양준혁,73632,93410,0,볼,,,,0,0,0,8,말,3,3,0,0,좌,우,,,,임준혁,차일목,장성호,김종국,이현곤,김선빈,김원섭,이용규,채종범,,,,73632,73602,96610,96616,72606,78603,71207,74163,70833,,,,,,,,,,,,,,,,,,20080706,SS,HT,삼성,KIA,시민,오훈규,63,1,-1,20080706HTSS0
,임준혁,양준혁,73632,93410,0,스트라이크,,,,1,0,0,8,말,3,3,0,0,좌,우,,,,임준혁,차일목,장성호,김종국,이현곤,김선빈,김원섭,이용규,채종범,,,,73632,73602,96610,96616,72606,78603,71207,74163,70833,,,,,,,,,,,,,,,,,,20080706,SS,HT,삼성,KIA,시민,오훈규,63,2,-1,20080706HTSS0
,임준혁,양준혁,73632,93410,0,볼,,,,1,1,0,8,말,3,3,0,0,좌,우,,,,임준혁,차일목,장성호,김종국,이현곤,김선빈,김원섭,이용규,채종범,,,,73632,73602,96610,96616,72606,78603,71207,74163,70833,,,,,,,,,,,,,,,,,,20080706,SS,HT,삼성,KIA,시민,오훈규,63,3,-1,20080706HTSS0
,임준혁,양준혁,73632,93410,0,타격,필드 아웃,플라이 아웃,양준혁 : 유격수 플라이 아웃;,2,1,0,8,말,3,3,1,0,좌,우,,,,임준혁,차일목,장성호,김종국,이현곤,김선빈,김원섭,이용규,채종범,,,,73632,73602,96610,96616,72606,78603,71207,74163,70833,,,,,,,,,,,,,,,,,,20080706,SS,HT,삼성,KIA,시민,오훈규,63,4,-1,20080706HTSS0
,임준혁,박석민,73632,74465,0,볼,,,,0,0,1,8,말,3,3,0,0,우,우,,,,임준혁,차일목,장성호,김종국,이현곤,김선빈,김원섭,이용규,채종범,,,,73632,73602,96610,96616,72606,78603,71207,74163,70833,,,,,,,,,,,,,,,,,,20080706,SS,HT,삼성,KIA,시민,오훈규,64,1,-1,20080706HTSS0
,임준혁,박석민,73632,74465,0,볼,,,,1,0,1,8,말,3,3,0,0,우,우,,,,임준혁,차일목,장성호,김종국,이현곤,김선빈,김원섭,이용규,채종범,,,,73632,73602,96610,96616,72606,78603,71207,74163,70833,,,,,,,,,,,,,,,,,,20080706,SS,HT,삼성,KIA,시민,오훈규,64,2,-1,20080706HTSS0
,임준혁,박석민,73632,74465,0,볼,,,,2,0,1,8,말,3,3,0,0,우,우,,,,임준혁,차일목,장성호,김종국,이현곤,김선빈,김원섭,이용규,채종범,,,,73632,73602,96610,96616,72606,78603,71207,74163,70833,,,,,,,,,,,,,,,,,,20080706,SS,HT,삼성,KIA,시민,오훈규,64,3,-1,20080706HTSS0
,임준혁,박석민,73632,74465,0,볼,볼넷,볼넷,박석민 :  볼넷;,3,0,1,8,말,3,3,0,0,우,우,,,,임준혁,차일목,장성호,김종국,이현곤,김선빈,김원섭,이용규,채종범,,,,73632,73602,96610,96616,72606,78603,71207,74163,70833,,,,,,,,,,,,,,,,,,20080706,SS,HT,삼성,KIA,시민,오훈규,64,4,-1,20080706HTSS0
,임준혁,최형우,73632,72443,0,볼,,,,0,0,1,8,말,3,3,0,0,좌,우,박석민,,,임준혁,차일목,장성호,김종국,이현곤,김선빈,김원섭,이용규,채종범,74465.0,,,73632,73602,96610,96616,72606,78603,71207,74163,70833,,,,,,,,,,,,,,,,,,20080706,SS,HT,삼성,KIA,시민,오훈규,65,1,-1,20080706HTSS0
,임준혁,최형우,73632,72443,0,볼,,,,1,0,1,8,말,3,3,0,0,좌,우,박석민,,,임준혁,차일목,장성호,김종국,이현곤,김선빈,김원섭,이용규,채종범,74465.0,,,73632,73602,96610,96616,72606,78603,71207,74163,70833,,,,,,,,,,,,,,,,,,20080706,SS,HT,삼성,KIA,시민,오훈규,65,2,-1,20080706HTSS0
,임준혁,최형우,73632,72443,0,스트라이크,,,,2,0,1,8,말,3,3,0,0,좌,우,박석민,,,임준혁,차일목,장성호,김종국,이현곤,김선빈,김원섭,이용규,채종범,74465.0,,,73632,73602,96610,96616,72606,78603,71207,74163,70833,,,,,,,,,,,,,,,,,,20080706,SS,HT,삼성,KIA,시민,오훈규,65,3,-1,20080706HTSS0
,임준혁,최형우,73632,72443,0,파울,,,,2,1,1,8,말,3,3,0,0,좌,우,박석민,,,임준혁,차일목,장성호,김종국,이현곤,김선빈,김원섭,이용규,채종범,74465.0,,,73632,73602,96610,96616,72606,78603,71207,74163,70833,,,,,,,,,,,,,,,,,,20080706,SS,HT,삼성,KIA,시민,오훈규,65,4,-1,20080706HTSS0
,임준혁,최형우,73632,72443,0,타격,필드 아웃,플라이 아웃,최형우 : 우익수 플라이 아웃;,2,2,1,8,말,3,3,1,0,좌,우,박석민,,,임준혁,차일목,장성호,김종국,이현곤,김선빈,김원섭,이용규,채종범,74465.0,,,73632,73602,96610,96616,72606,78603,71207,74163,70833,,,,,,,,,,,,,,,,,,20080706,SS,HT,삼성,KIA,시민,오훈규,65,5,-1,20080706HTSS0
,임준혁,김창희,73632,97644,0,파울,,,,0,0,2,8,말,3,3,0,0,우,우,박석민,,,임준혁,차일목,장성호,김종국,이현곤,김선빈,김원섭,이용규,채종범,74465.0,,,73632,73602,96610,96616,72606,78603,71207,74163,70833,,,,,,,,,,,,,,,,,,20080706,SS,HT,삼성,KIA,시민,오훈규,66,1,-1,20080706HTSS0
,임준혁,김창희,73632,97644,0,볼,,,,0,1,2,8,말,3,3,0,0,우,우,박석민,,,임준혁,차일목,장성호,김종국,이현곤,김선빈,김원섭,이용규,채종범,74465.0,,,73632,73602,96610,96616,72606,78603,71207,74163,70833,,,,,,,,,,,,,,,,,,20080706,SS,HT,삼성,KIA,시민,오훈규,66,2,-1,20080706HTSS0
,임준혁,김창희,73632,97644,0,파울,,,,1,1,2,8,말,3,3,0,0,우,우,박석민,,,임준혁,차일목,장성호,김종국,이현곤,김선빈,김원섭,이용규,채종범,74465.0,,,73632,73602,96610,96616,72606,78603,71207,74163,70833,,,,,,,,,,,,,,,,,,20080706,SS,HT,삼성,KIA,시민,오훈규,66,3,-1,20080706HTSS0
,임준혁,김창희,73632,97644,0,타격,포스 아웃,땅볼 아웃,김창희 : 2루수 땅볼 아웃 (2루수->1루수 송구아웃);,1,2,2,8,말,3,3,1,0,우,우,박석민,,,임준혁,차일목,장성호,김종국,이현곤,김선빈,김원섭,이용규,채종범,74465.0,,,73632,73602,96610,96616,72606,78603,71207,74163,70833,,,,,,,,,,,,,,,,,,20080706,SS,HT,삼성,KIA,시민,오훈규,66,4,-1,20080706HTSS0
,정현욱,김선빈,96462,78603,0,볼,,,,0,0,0,9,초,3,3,0,0,우,우,,,,정현욱,현재윤,채태인,김재걸,박석민,김우석,김창희,박한이,최형우,,,,96462,72427,77463,95409,74465,72108,97644,71432,72443,,,,,,,,,,,,,,,,,,20080706,SS,HT,삼성,KIA,시민,오훈규,67,1,-1,20080706HTSS0
,정현욱,김선빈,96462,78603,0,헛스윙,,,,1,0,0,9,초,3,3,0,0,우,우,,,,정현욱,현재윤,채태인,김재걸,박석민,김우석,김창희,박한이,최형우,,,,96462,72427,77463,95409,74465,72108,97644,71432,72443,,,,,,,,,,,,,,,,,,20080706,SS,HT,삼성,KIA,시민,오훈규,67,2,-1,20080706HTSS0
,정현욱,김선빈,96462,78603,0,볼,,,,1,1,0,9,초,3,3,0,0,우,우,,,,정현욱,현재윤,채태인,김재걸,박석민,김우석,김창희,박한이,최형우,,,,96462,72427,77463,95409,74465,72108,97644,71432,72443,,,,,,,,,,,,,,,,,,20080706,SS,HT,삼성,KIA,시민,오훈규,67,3,-1,20080706HTSS0
,정현욱,김선빈,96462,78603,0,스트라이크,,,,2,1,0,9,초,3,3,0,0,우,우,,,,정현욱,현재윤,채태인,김재걸,박석민,김우석,김창희,박한이,최형우,,,,96462,72427,77463,95409,74465,72108,97644,71432,72443,,,,,,,,,,,,,,,,,,20080706,SS,HT,삼성,KIA,시민,오훈규,67,4,-1,20080706HTSS0
,정현욱,김선빈,96462,78603,0,타격,필드 아웃,플라이 아웃,김선빈 : 우익수 플라이 아웃;,2,2,0,9,초,3,3,1,0,우,우,,,,정현욱,현재윤,채태인,김재걸,박석민,김우석,김창희,박한이,최형우,,,,96462,72427,77463,95409,74465,72108,97644,71432,72443,,,,,,,,,,,,,,,,,,20080706,SS,HT,삼성,KIA,시민,오훈규,67,5,-1,20080706HTSS0
,정현욱,차일목,96462,73602,0,스트라이크,,,,0,0,1,9,초,3,3,0,0,우,우,,,,정현욱,현재윤,채태인,김재걸,박석민,김우석,김창희,박한이,최형우,,,,96462,72427,77463,95409,74465,72108,97644,71432,72443,,,,,,,,,,,,,,,,,,20080706,SS,HT,삼성,KIA,시민,오훈규,68,1,-1,20080706HTSS0
,정현욱,차일목,96462,73602,0,파울,,,,0,1,1,9,초,3,3,0,0,우,우,,,,정현욱,현재윤,채태인,김재걸,박석민,김우석,김창희,박한이,최형우,,,,96462,72427,77463,95409,74465,72108,97644,71432,72443,,,,,,,,,,,,,,,,,,20080706,SS,HT,삼성,KIA,시민,오훈규,68,2,-1,20080706HTSS0
,정현욱,차일목,96462,73602,0,볼,,,,0,2,1,9,초,3,3,0,0,우,우,,,,정현욱,현재윤,채태인,김재걸,박석민,김우석,김창희,박한이,최형우,,,,96462,72427,77463,95409,74465,72108,97644,71432,72443,,,,,,,,,,,,,,,,,,20080706,SS,HT,삼성,KIA,시민,오훈규,68,3,-1,20080706HTSS0
,정현욱,차일목,96462,73602,0,파울,,,,1,2,1,9,초,3,3,0,0,우,우,,,,정현욱,현재윤,채태인,김재걸,박석민,김우석,김창희,박한이,최형우,,,,96462,72427,77463,95409,74465,72108,97644,71432,72443,,,,,,,,,,,,,,,,,,20080706,SS,HT,삼성,KIA,시민,오훈규,68,4,-1,20080706HTSS0
,정현욱,차일목,96462,73602,0,볼,,,,1,2,1,9,초,3,3,0,0,우,우,,,,정현욱,현재윤,채태인,김재걸,박석민,김우석,김창희,박한이,최형우,,,,96462,72427,77463,95409,74465,72108,97644,71432,72443,,,,,,,,,,,,,,,,,,20080706,SS,HT,삼성,KIA,시민,오훈규,68,5,-1,20080706HTSS0
,정현욱,차일목,96462,73602,0,헛스윙,삼진,삼진,차일목 :  삼진 아웃;,2,2,1,9,초,3,3,0,0,우,우,,,,정현욱,현재윤,채태인,김재걸,박석민,김우석,김창희,박한이,최형우,,,,96462,72427,77463,95409,74465,72108,97644,71432,72443,,,,,,,,,,,,,,,,,,20080706,SS,HT,삼성,KIA,시민,오훈규,68,6,-1,20080706HTSS0
,정현욱,김종국,96462,96616,0,볼,,,,0,0,2,9,초,3,3,0,0,우,우,,,,정현욱,현재윤,채태인,김재걸,박석민,김우석,김창희,박한이,최형우,,,,96462,72427,77463,95409,74465,72108,97644,71432,72443,,,,,,,,,,,,,,,,,,20080706,SS,HT,삼성,KIA,시민,오훈규,69,1,-1,20080706HTSS0
,정현욱,김종국,96462,96616,0,볼,,,,1,0,2,9,초,3,3,0,0,우,우,,,,정현욱,현재윤,채태인,김재걸,박석민,김우석,김창희,박한이,최형우,,,,96462,72427,77463,95409,74465,72108,97644,71432,72443,,,,,,,,,,,,,,,,,,20080706,SS,HT,삼성,KIA,시민,오훈규,69,2,-1,20080706HTSS0
,정현욱,김종국,96462,96616,0,타격,필드 아웃,라인드라이브 아웃,김종국 : 3루수 라인드라이브 아웃;,2,0,2,9,초,3,3,1,0,우,우,,,,정현욱,현재윤,채태인,김재걸,박석민,김우석,김창희,박한이,최형우,,,,96462,72427,77463,95409,74465,72108,97644,71432,72443,,,,,,,,,,,,,,,,,,20080706,SS,HT,삼성,KIA,시민,오훈규,69,3,-1,20080706HTSS0
,임준혁,채태인,73632,77463,0,스트라이크,,,,0,0,0,9,말,3,3,0,0,좌,우,,,,임준혁,차일목,장성호,김종국,이현곤,김선빈,김원섭,이용규,채종범,,,,73632,73602,96610,96616,72606,78603,71207,74163,70833,,,,,,,,,,,,,,,,,,20080706,SS,HT,삼성,KIA,시민,오훈규,70,1,-1,20080706HTSS0
,임준혁,채태인,73632,77463,0,타격,포스 아웃,땅볼 아웃,채태인 : 2루수 땅볼 아웃 (2루수->1루수 송구아웃);,0,1,0,9,말,3,3,1,0,좌,우,,,,임준혁,차일목,장성호,김종국,이현곤,김선빈,김원섭,이용규,채종범,,,,73632,73602,96610,96616,72606,78603,71207,74163,70833,,,,,,,,,,,,,,,,,,20080706,SS,HT,삼성,KIA,시민,오훈규,70,2,-1,20080706HTSS0
,임준혁,김우석,73632,72108,0,파울,,,,0,0,1,9,말,3,3,0,0,우,우,,,,임준혁,차일목,장성호,김종국,이현곤,김선빈,김원섭,이용규,채종범,,,,73632,73602,96610,96616,72606,78603,71207,74163,70833,,,,,,,,,,,,,,,,,,20080706,SS,HT,삼성,KIA,시민,오훈규,71,1,-1,20080706HTSS0
,임준혁,김우석,73632,72108,0,스트라이크,,,,0,1,1,9,말,3,3,0,0,우,우,,,,임준혁,차일목,장성호,김종국,이현곤,김선빈,김원섭,이용규,채종범,,,,73632,73602,96610,96616,72606,78603,71207,74163,70833,,,,,,,,,,,,,,,,,,20080706,SS,HT,삼성,KIA,시민,오훈규,71,2,-1,20080706HTSS0
,임준혁,김우석,73632,72108,0,볼,,,,0,2,1,9,말,3,3,0,0,우,우,,,,임준혁,차일목,장성호,김종국,이현곤,김선빈,김원섭,이용규,채종범,,,,73632,73602,96610,96616,72606,78603,71207,74163,70833,,,,,,,,,,,,,,,,,,20080706,SS,HT,삼성,KIA,시민,오훈규,71,3,-1,20080706HTSS0
,임준혁,김우석,73632,72108,0,볼,,,,1,2,1,9,말,3,3,0,0,우,우,,,,임준혁,차일목,장성호,김종국,이현곤,김선빈,김원섭,이용규,채종범,,,,73632,73602,96610,96616,72606,78603,71207,74163,70833,,,,,,,,,,,,,,,,,,20080706,SS,HT,삼성,KIA,시민,오훈규,71,4,-1,20080706HTSS0
,임준혁,김우석,73632,72108,0,볼,,,,2,2,1,9,말,3,3,0,0,우,우,,,,임준혁,차일목,장성호,김종국,이현곤,김선빈,김원섭,이용규,채종범,,,,73632,73602,96610,96616,72606,78603,71207,74163,70833,,,,,,,,,,,,,,,,,,20080706,SS,HT,삼성,KIA,시민,오훈규,71,5,-1,20080706HTSS0
,임준혁,김우석,73632,72108,0,볼,볼넷,볼넷,김우석 :  볼넷;,3,2,1,9,말,3,3,0,0,우,우,,,,임준혁,차일목,장성호,김종국,이현곤,김선빈,김원섭,이용규,채종범,,,,73632,73602,96610,96616,72606,78603,71207,74163,70833,,,,,,,,,,,,,,,,,,20080706,SS,HT,삼성,KIA,시민,오훈규,71,6,-1,20080706HTSS0
,임준혁,김재걸,73632,95409,0,타격,필드 아웃,번트 아웃,김재걸 : 투수 번트 아웃 (투수->1루수 송구아웃); 1루주자 김우석 :   2루까지 진루;,0,0,1,9,말,3,3,1,0,우,우,김우석,,,임준혁,차일목,장성호,김종국,이현곤,김선빈,김원섭,이용규,채종범,72108.0,,,73632,73602,96610,96616,72606,78603,71207,74163,70833,,,,,,,,,,,,,,,,,,20080706,SS,HT,삼성,KIA,시민,오훈규,72,1,-1,20080706HTSS0
,임준혁,박한이,73632,71432,,,,,투수 임준혁 : 투수 한기주 (으)로 교체;,0,0,2,9,말,3,3,0,0,좌,우,,김우석,,임준혁,차일목,장성호,김종국,이현곤,김선빈,김원섭,이용규,채종범,,72108.0,,73632,73602,96610,96616,72606,78603,71207,74163,70833,,,,,,,,,,,,,,,,,,20080706,SS,HT,삼성,KIA,시민,오훈규,73,,,20080706HTSS0
,한기주,박한이,76610,71432,0,볼,,,,0,0,2,9,말,3,3,0,0,좌,우,,김우석,,한기주,차일목,장성호,김종국,이현곤,김선빈,김원섭,이용규,채종범,,72108.0,,76610,73602,96610,96616,72606,78603,71207,74163,70833,,,,,,,,,,,,,,,,,,20080706,SS,HT,삼성,KIA,시민,오훈규,73,1,-1,20080706HTSS0
,한기주,박한이,76610,71432,0,볼,,,,1,0,2,9,말,3,3,0,0,좌,우,,김우석,,한기주,차일목,장성호,김종국,이현곤,김선빈,김원섭,이용규,채종범,,72108.0,,76610,73602,96610,96616,72606,78603,71207,74163,70833,,,,,,,,,,,,,,,,,,20080706,SS,HT,삼성,KIA,시민,오훈규,73,2,-1,20080706HTSS0
,한기주,박한이,76610,71432,0,볼,,,,2,0,2,9,말,3,3,0,0,좌,우,,김우석,,한기주,차일목,장성호,김종국,이현곤,김선빈,김원섭,이용규,채종범,,72108.0,,76610,73602,96610,96616,72606,78603,71207,74163,70833,,,,,,,,,,,,,,,,,,20080706,SS,HT,삼성,KIA,시민,오훈규,73,3,-1,20080706HTSS0
,한기주,박한이,76610,71432,0,볼,볼넷,볼넷,박한이 :  볼넷;,3,0,2,9,말,3,3,0,0,좌,우,,김우석,,한기주,차일목,장성호,김종국,이현곤,김선빈,김원섭,이용규,채종범,,72108.0,,76610,73602,96610,96616,72606,78603,71207,74163,70833,,,,,,,,,,,,,,,,,,20080706,SS,HT,삼성,KIA,시민,오훈규,73,4,-1,20080706HTSS0
,한기주,현재윤,76610,72427,0,볼,,,,0,0,2,9,말,3,3,0,0,우,우,박한이,김우석,,한기주,차일목,장성호,김종국,이현곤,김선빈,김원섭,이용규,채종범,71432.0,72108.0,,76610,73602,96610,96616,72606,78603,71207,74163,70833,,,,,,,,,,,,,,,,,,20080706,SS,HT,삼성,KIA,시민,오훈규,74,1,-1,20080706HTSS0
,한기주,현재윤,76610,72427,0,볼,,,,1,0,2,9,말,3,3,0,0,우,우,박한이,김우석,,한기주,차일목,장성호,김종국,이현곤,김선빈,김원섭,이용규,채종범,71432.0,72108.0,,76610,73602,96610,96616,72606,78603,71207,74163,70833,,,,,,,,,,,,,,,,,,20080706,SS,HT,삼성,KIA,시민,오훈규,74,2,-1,20080706HTSS0
,한기주,현재윤,76610,72427,0,스트라이크,,,,2,0,2,9,말,3,3,0,0,우,우,박한이,김우석,,한기주,차일목,장성호,김종국,이현곤,김선빈,김원섭,이용규,채종범,71432.0,72108.0,,76610,73602,96610,96616,72606,78603,71207,74163,70833,,,,,,,,,,,,,,,,,,20080706,SS,HT,삼성,KIA,시민,오훈규,74,3,-1,20080706HTSS0
,한기주,현재윤,76610,72427,0,파울,,,,2,1,2,9,말,3,3,0,0,우,우,박한이,김우석,,한기주,차일목,장성호,김종국,이현곤,김선빈,김원섭,이용규,채종범,71432.0,72108.0,,76610,73602,96610,96616,72606,78603,71207,74163,70833,,,,,,,,,,,,,,,,,,20080706,SS,HT,삼성,KIA,시민,오훈규,74,4,-1,20080706HTSS0
,한기주,현재윤,76610,72427,0,타격,포스 아웃,땅볼 아웃,현재윤 : 2루수 땅볼 아웃 (2루수->1루수 송구아웃);,2,2,2,9,말,3,3,1,0,우,우,박한이,김우석,,한기주,차일목,장성호,김종국,이현곤,김선빈,김원섭,이용규,채종범,71432.0,72108.0,,76610,73602,96610,96616,72606,78603,71207,74163,70833,,,,,,,,,,,,,,,,,,20080706,SS,HT,삼성,KIA,시민,오훈규,74,5,-1,20080706HTSS0
,정현욱,이용규,96462,74163,0,볼,,,,0,0,0,10,초,3,3,0,0,좌,우,,,,정현욱,현재윤,채태인,김재걸,박석민,김우석,김창희,박한이,최형우,,,,96462,72427,77463,95409,74465,72108,97644,71432,72443,,,,,,,,,,,,,,,,,,20080706,SS,HT,삼성,KIA,시민,오훈규,75,1,-1,20080706HTSS0
,정현욱,이용규,96462,74163,0,볼,,,,1,0,0,10,초,3,3,0,0,좌,우,,,,정현욱,현재윤,채태인,김재걸,박석민,김우석,김창희,박한이,최형우,,,,96462,72427,77463,95409,74465,72108,97644,71432,72443,,,,,,,,,,,,,,,,,,20080706,SS,HT,삼성,KIA,시민,오훈규,75,2,-1,20080706HTSS0
,정현욱,이용규,96462,74163,0,볼,,,,2,0,0,10,초,3,3,0,0,좌,우,,,,정현욱,현재윤,채태인,김재걸,박석민,김우석,김창희,박한이,최형우,,,,96462,72427,77463,95409,74465,72108,97644,71432,72443,,,,,,,,,,,,,,,,,,20080706,SS,HT,삼성,KIA,시민,오훈규,75,3,-1,20080706HTSS0
,정현욱,이용규,96462,74163,0,볼,볼넷,볼넷,이용규 :  볼넷;,3,0,0,10,초,3,3,0,0,좌,우,,,,정현욱,현재윤,채태인,김재걸,박석민,김우석,김창희,박한이,최형우,,,,96462,72427,77463,95409,74465,72108,97644,71432,72443,,,,,,,,,,,,,,,,,,20080706,SS,HT,삼성,KIA,시민,오훈규,75,4,-1,20080706HTSS0
,정현욱,김원섭,96462,71207,,,,,투수 정현욱 : 투수 조현근 (으)로 교체;,0,0,0,10,초,3,3,0,0,양,우,이용규,,,정현욱,현재윤,채태인,김재걸,박석민,김우석,김창희,박한이,최형우,74163.0,,,96462,72427,77463,95409,74465,72108,97644,71432,72443,,,,,,,,,,,,,,,,,,20080706,SS,HT,삼성,KIA,시민,오훈규,76,,,20080706HTSS0
,조현근,김원섭,75268,71207,0,번트파울,,,,0,0,0,10,초,3,3,0,0,양,좌,이용규,,,조현근,현재윤,채태인,김재걸,박석민,김우석,김창희,박한이,최형우,74163.0,,,75268,72427,77463,95409,74465,72108,97644,71432,72443,,,,,,,,,,,,,,,,,,20080706,SS,HT,삼성,KIA,시민,오훈규,76,1,-1,20080706HTSS0
,조현근,김원섭,75268,71207,0,볼,,,,0,1,0,10,초,3,3,0,0,양,좌,이용규,,,조현근,현재윤,채태인,김재걸,박석민,김우석,김창희,박한이,최형우,74163.0,,,75268,72427,77463,95409,74465,72108,97644,71432,72443,,,,,,,,,,,,,,,,,,20080706,SS,HT,삼성,KIA,시민,오훈규,76,2,-1,20080706HTSS0
,조현근,김원섭,75268,71207,0,볼,,,,1,1,0,10,초,3,3,0,0,양,좌,이용규,,,조현근,현재윤,채태인,김재걸,박석민,김우석,김창희,박한이,최형우,74163.0,,,75268,72427,77463,95409,74465,72108,97644,71432,72443,,,,,,,,,,,,,,,,,,20080706,SS,HT,삼성,KIA,시민,오훈규,76,3,-1,20080706HTSS0
,조현근,김원섭,75268,71207,0,타격,희생번트,희생번트,김원섭 : 투수 희생번트 아웃 (투수->1루수 송구아웃); 1루주자 이용규 :   2루까지 진루;,2,1,0,10,초,3,3,1,0,양,좌,이용규,,,조현근,현재윤,채태인,김재걸,박석민,김우석,김창희,박한이,최형우,74163.0,,,75268,72427,77463,95409,74465,72108,97644,71432,72443,,,,,,,,,,,,,,,,,,20080706,SS,HT,삼성,KIA,시민,오훈규,76,4,-1,20080706HTSS0
,조현근,나지완,75268,78629,,,,,투수 조현근 : 투수 오승환 (으)로 교체;,0,0,1,10,초,3,3,0,0,우,좌,,이용규,,조현근,현재윤,채태인,김재걸,박석민,김우석,김창희,박한이,최형우,,74163.0,,75268,72427,77463,95409,74465,72108,97644,71432,72443,,,,,,,,,,,,,,,,,,20080706,SS,HT,삼성,KIA,시민,오훈규,77,,,20080706HTSS0
,오승환,나지완,75421,78629,0,볼,,,,0,0,1,10,초,3,3,0,0,우,우,,이용규,,오승환,현재윤,채태인,김재걸,박석민,김우석,김창희,박한이,최형우,,74163.0,,75421,72427,77463,95409,74465,72108,97644,71432,72443,,,,,,,,,,,,,,,,,,20080706,SS,HT,삼성,KIA,시민,오훈규,77,1,-1,20080706HTSS0
,오승환,나지완,75421,78629,0,타격,포스 아웃,땅볼 아웃,나지완 : 유격수 땅볼 아웃 (유격수->1루수 송구아웃); 2루주자 이용규 :   3루까지 진루;,1,0,1,10,초,3,3,1,0,우,우,,이용규,,오승환,현재윤,채태인,김재걸,박석민,김우석,김창희,박한이,최형우,,74163.0,,75421,72427,77463,95409,74465,72108,97644,71432,72443,,,,,,,,,,,,,,,,,,20080706,SS,HT,삼성,KIA,시민,오훈규,77,2,-1,20080706HTSS0
,오승환,장성호,75421,96610,0,볼,,,,0,0,2,10,초,3,3,0,0,좌,우,,,이용규,오승환,현재윤,채태인,김재걸,박석민,김우석,김창희,박한이,최형우,,,74163.0,75421,72427,77463,95409,74465,72108,97644,71432,72443,,,,,,,,,,,,,,,,,,20080706,SS,HT,삼성,KIA,시민,오훈규,78,1,-1,20080706HTSS0
,오승환,장성호,75421,96610,0,볼,,,,1,0,2,10,초,3,3,0,0,좌,우,,,이용규,오승환,현재윤,채태인,김재걸,박석민,김우석,김창희,박한이,최형우,,,74163.0,75421,72427,77463,95409,74465,72108,97644,71432,72443,,,,,,,,,,,,,,,,,,20080706,SS,HT,삼성,KIA,시민,오훈규,78,2,-1,20080706HTSS0
,오승환,장성호,75421,96610,0,볼,,,,2,0,2,10,초,3,3,0,0,좌,우,,,이용규,오승환,현재윤,채태인,김재걸,박석민,김우석,김창희,박한이,최형우,,,74163.0,75421,72427,77463,95409,74465,72108,97644,71432,72443,,,,,,,,,,,,,,,,,,20080706,SS,HT,삼성,KIA,시민,오훈규,78,3,-1,20080706HTSS0
,오승환,장성호,75421,96610,0,볼,고의4구,고의4구,장성호 :  고의4구;,3,0,2,10,초,3,3,0,0,좌,우,,,이용규,오승환,현재윤,채태인,김재걸,박석민,김우석,김창희,박한이,최형우,,,74163.0,75421,72427,77463,95409,74465,72108,97644,71432,72443,,,,,,,,,,,,,,,,,,20080706,SS,HT,삼성,KIA,시민,오훈규,78,4,-1,20080706HTSS0
,오승환,채종범,75421,70833,0,볼,,,,0,0,2,10,초,3,3,0,0,우,우,장성호,,이용규,오승환,현재윤,채태인,김재걸,박석민,김우석,김창희,박한이,최형우,96610.0,,74163.0,75421,72427,77463,95409,74465,72108,97644,71432,72443,,,,,,,,,,,,,,,,,,20080706,SS,HT,삼성,KIA,시민,오훈규,79,1,-1,20080706HTSS0
,오승환,채종범,75421,70833,0,타격,포스 아웃,땅볼 아웃,채종범 : 유격수 앞 땅볼로 출루; 1루주자 장성호 :  포스아웃 (유격수->2루수 2루 터치아웃);,1,0,2,10,초,3,3,1,0,우,우,장성호,,이용규,오승환,현재윤,채태인,김재걸,박석민,김우석,김창희,박한이,최형우,96610.0,,74163.0,75421,72427,77463,95409,74465,72108,97644,71432,72443,,,,,,,,,,,,,,,,,,20080706,SS,HT,삼성,KIA,시민,오훈규,79,2,-1,20080706HTSS0
,한기주,양준혁,76610,93410,,,,,3번타자 양준혁 : 대타 손지환(으)로 교체;,0,0,0,10,말,3,3,0,0,좌,우,,,,한기주,차일목,장성호,김종국,이현곤,김선빈,김원섭,이용규,채종범,,,,76610,73602,96610,96616,72606,78603,71207,74163,70833,,,,,,,,,,,,,,,,,,20080706,SS,HT,삼성,KIA,시민,오훈규,80,,,20080706HTSS0
,한기주,손지환,76610,97103,0,파울,,,,0,0,0,10,말,3,3,0,0,우,우,,,,한기주,차일목,장성호,김종국,이현곤,김선빈,김원섭,이용규,채종범,,,,76610,73602,96610,96616,72606,78603,71207,74163,70833,,,,,,,,,,,,,,,,,,20080706,SS,HT,삼성,KIA,시민,오훈규,80,1,-1,20080706HTSS0
,한기주,손지환,76610,97103,0,파울,,,,0,1,0,10,말,3,3,0,0,우,우,,,,한기주,차일목,장성호,김종국,이현곤,김선빈,김원섭,이용규,채종범,,,,76610,73602,96610,96616,72606,78603,71207,74163,70833,,,,,,,,,,,,,,,,,,20080706,SS,HT,삼성,KIA,시민,오훈규,80,2,-1,20080706HTSS0
,한기주,손지환,76610,97103,0,타격,필드 아웃,플라이 아웃,손지환 : 중견수 플라이 아웃;,0,2,0,10,말,3,3,1,0,우,우,,,,한기주,차일목,장성호,김종국,이현곤,김선빈,김원섭,이용규,채종범,,,,76610,73602,96610,96616,72606,78603,71207,74163,70833,,,,,,,,,,,,,,,,,,20080706,SS,HT,삼성,KIA,시민,오훈규,80,3,-1,20080706HTSS0
,한기주,박석민,76610,74465,0,헛스윙,,,,0,0,1,10,말,3,3,0,0,우,우,,,,한기주,차일목,장성호,김종국,이현곤,김선빈,김원섭,이용규,채종범,,,,76610,73602,96610,96616,72606,78603,71207,74163,70833,,,,,,,,,,,,,,,,,,20080706,SS,HT,삼성,KIA,시민,오훈규,81,1,-1,20080706HTSS0
,한기주,박석민,76610,74465,0,스트라이크,,,,0,1,1,10,말,3,3,0,0,우,우,,,,한기주,차일목,장성호,김종국,이현곤,김선빈,김원섭,이용규,채종범,,,,76610,73602,96610,96616,72606,78603,71207,74163,70833,,,,,,,,,,,,,,,,,,20080706,SS,HT,삼성,KIA,시민,오훈규,81,2,-1,20080706HTSS0
,한기주,박석민,76610,74465,0,볼,,,,0,2,1,10,말,3,3,0,0,우,우,,,,한기주,차일목,장성호,김종국,이현곤,김선빈,김원섭,이용규,채종범,,,,76610,73602,96610,96616,72606,78603,71207,74163,70833,,,,,,,,,,,,,,,,,,20080706,SS,HT,삼성,KIA,시민,오훈규,81,3,-1,20080706HTSS0
,한기주,박석민,76610,74465,0,볼,,,,1,2,1,10,말,3,3,0,0,우,우,,,,한기주,차일목,장성호,김종국,이현곤,김선빈,김원섭,이용규,채종범,,,,76610,73602,96610,96616,72606,78603,71207,74163,70833,,,,,,,,,,,,,,,,,,20080706,SS,HT,삼성,KIA,시민,오훈규,81,4,-1,20080706HTSS0
,한기주,박석민,76610,74465,0,파울,,,,2,2,1,10,말,3,3,0,0,우,우,,,,한기주,차일목,장성호,김종국,이현곤,김선빈,김원섭,이용규,채종범,,,,76610,73602,96610,96616,72606,78603,71207,74163,70833,,,,,,,,,,,,,,,,,,20080706,SS,HT,삼성,KIA,시민,오훈규,81,5,-1,20080706HTSS0
,한기주,박석민,76610,74465,0,타격,포스 아웃,땅볼 아웃,박석민 : 3루수 땅볼 아웃 (3루수->1루수 송구아웃);,2,2,1,10,말,3,3,1,0,우,우,,,,한기주,차일목,장성호,김종국,이현곤,김선빈,김원섭,이용규,채종범,,,,76610,73602,96610,96616,72606,78603,71207,74163,70833,,,,,,,,,,,,,,,,,,20080706,SS,HT,삼성,KIA,시민,오훈규,81,6,-1,20080706HTSS0
,한기주,최형우,76610,72443,0,볼,,,,0,0,2,10,말,3,3,0,0,좌,우,,,,한기주,차일목,장성호,김종국,이현곤,김선빈,김원섭,이용규,채종범,,,,76610,73602,96610,96616,72606,78603,71207,74163,70833,,,,,,,,,,,,,,,,,,20080706,SS,HT,삼성,KIA,시민,오훈규,82,1,-1,20080706HTSS0
,한기주,최형우,76610,72443,0,볼,,,,1,0,2,10,말,3,3,0,0,좌,우,,,,한기주,차일목,장성호,김종국,이현곤,김선빈,김원섭,이용규,채종범,,,,76610,73602,96610,96616,72606,78603,71207,74163,70833,,,,,,,,,,,,,,,,,,20080706,SS,HT,삼성,KIA,시민,오훈규,82,2,-1,20080706HTSS0
,한기주,최형우,76610,72443,0,볼,,,,2,0,2,10,말,3,3,0,0,좌,우,,,,한기주,차일목,장성호,김종국,이현곤,김선빈,김원섭,이용규,채종범,,,,76610,73602,96610,96616,72606,78603,71207,74163,70833,,,,,,,,,,,,,,,,,,20080706,SS,HT,삼성,KIA,시민,오훈규,82,3,-1,20080706HTSS0
,한기주,최형우,76610,72443,0,스트라이크,,,,3,0,2,10,말,3,3,0,0,좌,우,,,,한기주,차일목,장성호,김종국,이현곤,김선빈,김원섭,이용규,채종범,,,,76610,73602,96610,96616,72606,78603,71207,74163,70833,,,,,,,,,,,,,,,,,,20080706,SS,HT,삼성,KIA,시민,오훈규,82,4,-1,20080706HTSS0
,한기주,최형우,76610,72443,0,볼,볼넷,볼넷,최형우 :  볼넷;,3,1,2,10,말,3,3,0,0,좌,우,,,,한기주,차일목,장성호,김종국,이현곤,김선빈,김원섭,이용규,채종범,,,,76610,73602,96610,96616,72606,78603,71207,74163,70833,,,,,,,,,,,,,,,,,,20080706,SS,HT,삼성,KIA,시민,오훈규,82,5,-1,20080706HTSS0
,한기주,김창희,76610,97644,0,타격,포스 아웃,땅볼 아웃,김창희 : 유격수 땅볼 아웃 (유격수->1루수 송구아웃);,0,0,2,10,말,3,3,1,0,우,우,최형우,,,한기주,차일목,장성호,김종국,이현곤,김선빈,김원섭,이용규,채종범,72443.0,,,76610,73602,96610,96616,72606,78603,71207,74163,70833,,,,,,,,,,,,,,,,,,20080706,SS,HT,삼성,KIA,시민,오훈규,83,1,-1,20080706HTSS0
,오승환,이현곤,75421,72606,,,,,대타 손지환 : 지명타자(으)로 수비위치 변경;,0,0,0,11,초,3,3,0,0,우,우,,,,오승환,현재윤,채태인,김재걸,박석민,김우석,김창희,박한이,최형우,,,,75421,72427,77463,95409,74465,72108,97644,71432,72443,,,,,,,,,,,,,,,,,,20080706,SS,HT,삼성,KIA,시민,오훈규,84,,,20080706HTSS0
,오승환,이현곤,75421,72606,0,볼,,,,0,0,0,11,초,3,3,0,0,우,우,,,,오승환,현재윤,채태인,김재걸,박석민,김우석,김창희,박한이,최형우,,,,75421,72427,77463,95409,74465,72108,97644,71432,72443,,,,,,,,,,,,,,,,,,20080706,SS,HT,삼성,KIA,시민,오훈규,84,1,-1,20080706HTSS0
,오승환,이현곤,75421,72606,0,볼,,,,1,0,0,11,초,3,3,0,0,우,우,,,,오승환,현재윤,채태인,김재걸,박석민,김우석,김창희,박한이,최형우,,,,75421,72427,77463,95409,74465,72108,97644,71432,72443,,,,,,,,,,,,,,,,,,20080706,SS,HT,삼성,KIA,시민,오훈규,84,2,-1,20080706HTSS0
,오승환,이현곤,75421,72606,0,볼,,,,2,0,0,11,초,3,3,0,0,우,우,,,,오승환,현재윤,채태인,김재걸,박석민,김우석,김창희,박한이,최형우,,,,75421,72427,77463,95409,74465,72108,97644,71432,72443,,,,,,,,,,,,,,,,,,20080706,SS,HT,삼성,KIA,시민,오훈규,84,3,-1,20080706HTSS0
,오승환,이현곤,75421,72606,0,볼,볼넷,볼넷,이현곤 :  볼넷;,3,0,0,11,초,3,3,0,0,우,우,,,,오승환,현재윤,채태인,김재걸,박석민,김우석,김창희,박한이,최형우,,,,75421,72427,77463,95409,74465,72108,97644,71432,72443,,,,,,,,,,,,,,,,,,20080706,SS,HT,삼성,KIA,시민,오훈규,84,4,-1,20080706HTSS0
,오승환,김선빈,75421,78603,0,번트파울,,,,0,0,0,11,초,3,3,0,0,우,우,이현곤,,,오승환,현재윤,채태인,김재걸,박석민,김우석,김창희,박한이,최형우,72606.0,,,75421,72427,77463,95409,74465,72108,97644,71432,72443,,,,,,,,,,,,,,,,,,20080706,SS,HT,삼성,KIA,시민,오훈규,85,1,-1,20080706HTSS0
,오승환,김선빈,75421,78603,0,타격,희생번트,희생번트,김선빈 : 1루수 희생번트 아웃 (1루수->2루수 송구아웃); 1루주자 이현곤 :   2루까지 진루;,0,1,0,11,초,3,3,1,0,우,우,이현곤,,,오승환,현재윤,채태인,김재걸,박석민,김우석,김창희,박한이,최형우,72606.0,,,75421,72427,77463,95409,74465,72108,97644,71432,72443,,,,,,,,,,,,,,,,,,20080706,SS,HT,삼성,KIA,시민,오훈규,85,2,-1,20080706HTSS0
,오승환,차일목,75421,73602,,,,,8번타자 차일목 : 대타 최경환(으)로 교체;,0,0,1,11,초,3,3,0,0,우,우,,이현곤,,오승환,현재윤,채태인,김재걸,박석민,김우석,김창희,박한이,최형우,,72606.0,,75421,72427,77463,95409,74465,72108,97644,71432,72443,,,,,,,,,,,,,,,,,,20080706,SS,HT,삼성,KIA,시민,오훈규,86,,,20080706HTSS0
,오승환,최경환,75421,70117,0,볼,,,,0,0,1,11,초,3,3,0,0,좌,우,,이현곤,,오승환,현재윤,채태인,김재걸,박석민,김우석,김창희,박한이,최형우,,72606.0,,75421,72427,77463,95409,74465,72108,97644,71432,72443,,,,,,,,,,,,,,,,,,20080706,SS,HT,삼성,KIA,시민,오훈규,86,1,-1,20080706HTSS0
,오승환,최경환,75421,70117,0,볼,,,,1,0,1,11,초,3,3,0,0,좌,우,,이현곤,,오승환,현재윤,채태인,김재걸,박석민,김우석,김창희,박한이,최형우,,72606.0,,75421,72427,77463,95409,74465,72108,97644,71432,72443,,,,,,,,,,,,,,,,,,20080706,SS,HT,삼성,KIA,시민,오훈규,86,2,-1,20080706HTSS0
,오승환,최경환,75421,70117,0,스트라이크,,,,2,0,1,11,초,3,3,0,0,좌,우,,이현곤,,오승환,현재윤,채태인,김재걸,박석민,김우석,김창희,박한이,최형우,,72606.0,,75421,72427,77463,95409,74465,72108,97644,71432,72443,,,,,,,,,,,,,,,,,,20080706,SS,HT,삼성,KIA,시민,오훈규,86,3,-1,20080706HTSS0
,오승환,최경환,75421,70117,0,파울,,,,2,1,1,11,초,3,3,0,0,좌,우,,이현곤,,오승환,현재윤,채태인,김재걸,박석민,김우석,김창희,박한이,최형우,,72606.0,,75421,72427,77463,95409,74465,72108,97644,71432,72443,,,,,,,,,,,,,,,,,,20080706,SS,HT,삼성,KIA,시민,오훈규,86,4,-1,20080706HTSS0
,오승환,최경환,75421,70117,0,볼,,,,2,2,1,11,초,3,3,0,0,좌,우,,이현곤,,오승환,현재윤,채태인,김재걸,박석민,김우석,김창희,박한이,최형우,,72606.0,,75421,72427,77463,95409,74465,72108,97644,71432,72443,,,,,,,,,,,,,,,,,,20080706,SS,HT,삼성,KIA,시민,오훈규,86,5,-1,20080706HTSS0
,오승환,최경환,75421,70117,0,헛스윙,삼진,삼진,최경환 :  삼진 아웃;,3,2,1,11,초,3,3,0,0,좌,우,,이현곤,,오승환,현재윤,채태인,김재걸,박석민,김우석,김창희,박한이,최형우,,72606.0,,75421,72427,77463,95409,74465,72108,97644,71432,72443,,,,,,,,,,,,,,,,,,20080706,SS,HT,삼성,KIA,시민,오훈규,86,6,-1,20080706HTSS0
,오승환,김종국,75421,96616,0,볼,,,,0,0,2,11,초,3,3,0,0,우,우,,이현곤,,오승환,현재윤,채태인,김재걸,박석민,김우석,김창희,박한이,최형우,,72606.0,,75421,72427,77463,95409,74465,72108,97644,71432,72443,,,,,,,,,,,,,,,,,,20080706,SS,HT,삼성,KIA,시민,오훈규,87,1,-1,20080706HTSS0
,오승환,김종국,75421,96616,0,헛스윙,,,,1,0,2,11,초,3,3,0,0,우,우,,이현곤,,오승환,현재윤,채태인,김재걸,박석민,김우석,김창희,박한이,최형우,,72606.0,,75421,72427,77463,95409,74465,72108,97644,71432,72443,,,,,,,,,,,,,,,,,,20080706,SS,HT,삼성,KIA,시민,오훈규,87,2,-1,20080706HTSS0
,오승환,김종국,75421,96616,0,파울,,,,1,1,2,11,초,3,3,0,0,우,우,,이현곤,,오승환,현재윤,채태인,김재걸,박석민,김우석,김창희,박한이,최형우,,72606.0,,75421,72427,77463,95409,74465,72108,97644,71432,72443,,,,,,,,,,,,,,,,,,20080706,SS,HT,삼성,KIA,시민,오훈규,87,3,-1,20080706HTSS0
,오승환,김종국,75421,96616,0,볼,,,,1,2,2,11,초,3,3,0,0,우,우,,이현곤,,오승환,현재윤,채태인,김재걸,박석민,김우석,김창희,박한이,최형우,,72606.0,,75421,72427,77463,95409,74465,72108,97644,71432,72443,,,,,,,,,,,,,,,,,,20080706,SS,HT,삼성,KIA,시민,오훈규,87,4,-1,20080706HTSS0
,오승환,김종국,75421,96616,0,파울,,,,2,2,2,11,초,3,3,0,0,우,우,,이현곤,,오승환,현재윤,채태인,김재걸,박석민,김우석,김창희,박한이,최형우,,72606.0,,75421,72427,77463,95409,74465,72108,97644,71432,72443,,,,,,,,,,,,,,,,,,20080706,SS,HT,삼성,KIA,시민,오훈규,87,5,-1,20080706HTSS0
,오승환,김종국,75421,96616,0,볼,,,,2,2,2,11,초,3,3,0,0,우,우,,이현곤,,오승환,현재윤,채태인,김재걸,박석민,김우석,김창희,박한이,최형우,,72606.0,,75421,72427,77463,95409,74465,72108,97644,71432,72443,,,,,,,,,,,,,,,,,,20080706,SS,HT,삼성,KIA,시민,오훈규,87,6,-1,20080706HTSS0
,오승환,김종국,75421,96616,0,볼,볼넷,볼넷,김종국 :  볼넷;,3,2,2,11,초,3,3,0,0,우,우,,이현곤,,오승환,현재윤,채태인,김재걸,박석민,김우석,김창희,박한이,최형우,,72606.0,,75421,72427,77463,95409,74465,72108,97644,71432,72443,,,,,,,,,,,,,,,,,,20080706,SS,HT,삼성,KIA,시민,오훈규,87,7,-1,20080706HTSS0
,오승환,이용규,75421,74163,0,볼,,,,0,0,2,11,초,3,3,0,0,좌,우,김종국,이현곤,,오승환,현재윤,채태인,김재걸,박석민,김우석,김창희,박한이,최형우,96616.0,72606.0,,75421,72427,77463,95409,74465,72108,97644,71432,72443,,,,,,,,,,,,,,,,,,20080706,SS,HT,삼성,KIA,시민,오훈규,88,1,-1,20080706HTSS0
,오승환,이용규,75421,74163,0,타격,필드 아웃,파울 플라이 아웃,이용규 : 좌익수 파울플라이 아웃;,1,0,2,11,초,3,3,1,0,좌,우,김종국,이현곤,,오승환,현재윤,채태인,김재걸,박석민,김우석,김창희,박한이,최형우,96616.0,72606.0,,75421,72427,77463,95409,74465,72108,97644,71432,72443,,,,,,,,,,,,,,,,,,20080706,SS,HT,삼성,KIA,시민,오훈규,88,2,-1,20080706HTSS0
,한기주,채태인,76610,77463,,,,,대타 최경환 : 포수 이성우 (으)로 교체;,0,0,0,11,말,3,3,0,0,좌,우,,,,한기주,차일목,장성호,김종국,이현곤,김선빈,김원섭,이용규,채종범,,,,76610,73602,96610,96616,72606,78603,71207,74163,70833,,,,,,,,,,,,,,,,,,20080706,SS,HT,삼성,KIA,시민,오훈규,89,,,20080706HTSS0
,한기주,채태인,76610,77463,0,스트라이크,,,,0,0,0,11,말,3,3,0,0,좌,우,,,,한기주,이성우,장성호,김종국,이현곤,김선빈,김원섭,이용규,채종범,,,,76610,71184,96610,96616,72606,78603,71207,74163,70833,,,,,,,,,,,,,,,,,,20080706,SS,HT,삼성,KIA,시민,오훈규,89,1,-1,20080706HTSS0
,한기주,채태인,76610,77463,0,타격,포스 아웃,땅볼 아웃,채태인 : 2루수 땅볼 아웃 (2루수->1루수 송구아웃);,0,1,0,11,말,3,3,1,0,좌,우,,,,한기주,이성우,장성호,김종국,이현곤,김선빈,김원섭,이용규,채종범,,,,76610,71184,96610,96616,72606,78603,71207,74163,70833,,,,,,,,,,,,,,,,,,20080706,SS,HT,삼성,KIA,시민,오훈규,89,2,-1,20080706HTSS0
,한기주,김우석,76610,72108,0,스트라이크,,,,0,0,1,11,말,3,3,0,0,우,우,,,,한기주,이성우,장성호,김종국,이현곤,김선빈,김원섭,이용규,채종범,,,,76610,71184,96610,96616,72606,78603,71207,74163,70833,,,,,,,,,,,,,,,,,,20080706,SS,HT,삼성,KIA,시민,오훈규,90,1,-1,20080706HTSS0
,한기주,김우석,76610,72108,0,볼,,,,0,1,1,11,말,3,3,0,0,우,우,,,,한기주,이성우,장성호,김종국,이현곤,김선빈,김원섭,이용규,채종범,,,,76610,71184,96610,96616,72606,78603,71207,74163,70833,,,,,,,,,,,,,,,,,,20080706,SS,HT,삼성,KIA,시민,오훈규,90,2,-1,20080706HTSS0
,한기주,김우석,76610,72108,0,볼,,,,1,1,1,11,말,3,3,0,0,우,우,,,,한기주,이성우,장성호,김종국,이현곤,김선빈,김원섭,이용규,채종범,,,,76610,71184,96610,96616,72606,78603,71207,74163,70833,,,,,,,,,,,,,,,,,,20080706,SS,HT,삼성,KIA,시민,오훈규,90,3,-1,20080706HTSS0
,한기주,김우석,76610,72108,0,파울,,,,2,1,1,11,말,3,3,0,0,우,우,,,,한기주,이성우,장성호,김종국,이현곤,김선빈,김원섭,이용규,채종범,,,,76610,71184,96610,96616,72606,78603,71207,74163,70833,,,,,,,,,,,,,,,,,,20080706,SS,HT,삼성,KIA,시민,오훈규,90,4,-1,20080706HTSS0
,한기주,김우석,76610,72108,0,파울,,,,2,2,1,11,말,3,3,0,0,우,우,,,,한기주,이성우,장성호,김종국,이현곤,김선빈,김원섭,이용규,채종범,,,,76610,71184,96610,96616,72606,78603,71207,74163,70833,,,,,,,,,,,,,,,,,,20080706,SS,HT,삼성,KIA,시민,오훈규,90,5,-1,20080706HTSS0
,한기주,김우석,76610,72108,0,스트라이크,삼진,삼진,김우석 :  삼진 아웃;,2,2,1,11,말,3,3,0,0,우,우,,,,한기주,이성우,장성호,김종국,이현곤,김선빈,김원섭,이용규,채종범,,,,76610,71184,96610,96616,72606,78603,71207,74163,70833,,,,,,,,,,,,,,,,,,20080706,SS,HT,삼성,KIA,시민,오훈규,90,6,-1,20080706HTSS0
,한기주,김재걸,76610,95409,0,볼,,,,0,0,2,11,말,3,3,0,0,우,우,,,,한기주,이성우,장성호,김종국,이현곤,김선빈,김원섭,이용규,채종범,,,,76610,71184,96610,96616,72606,78603,71207,74163,70833,,,,,,,,,,,,,,,,,,20080706,SS,HT,삼성,KIA,시민,오훈규,91,1,-1,20080706HTSS0
,한기주,김재걸,76610,95409,0,타격,포스 아웃,땅볼 아웃,김재걸 : 투수 땅볼 아웃 (투수->1루수 송구아웃);,1,0,2,11,말,3,3,1,0,우,우,,,,한기주,이성우,장성호,김종국,이현곤,김선빈,김원섭,이용규,채종범,,,,76610,71184,96610,96616,72606,78603,71207,74163,70833,,,,,,,,,,,,,,,,,,20080706,SS,HT,삼성,KIA,시민,오훈규,91,2,-1,20080706HTSS0
,오승환,김원섭,75421,71207,0,볼,,,,0,0,0,12,초,3,3,0,0,양,우,,,,오승환,현재윤,채태인,김재걸,박석민,김우석,김창희,박한이,최형우,,,,75421,72427,77463,95409,74465,72108,97644,71432,72443,,,,,,,,,,,,,,,,,,20080706,SS,HT,삼성,KIA,시민,오훈규,92,1,-1,20080706HTSS0
,오승환,김원섭,75421,71207,0,볼,,,,1,0,0,12,초,3,3,0,0,양,우,,,,오승환,현재윤,채태인,김재걸,박석민,김우석,김창희,박한이,최형우,,,,75421,72427,77463,95409,74465,72108,97644,71432,72443,,,,,,,,,,,,,,,,,,20080706,SS,HT,삼성,KIA,시민,오훈규,92,2,-1,20080706HTSS0
,오승환,김원섭,75421,71207,0,볼,,,,2,0,0,12,초,3,3,0,0,양,우,,,,오승환,현재윤,채태인,김재걸,박석민,김우석,김창희,박한이,최형우,,,,75421,72427,77463,95409,74465,72108,97644,71432,72443,,,,,,,,,,,,,,,,,,20080706,SS,HT,삼성,KIA,시민,오훈규,92,3,-1,20080706HTSS0
,오승환,김원섭,75421,71207,0,스트라이크,,,,3,0,0,12,초,3,3,0,0,양,우,,,,오승환,현재윤,채태인,김재걸,박석민,김우석,김창희,박한이,최형우,,,,75421,72427,77463,95409,74465,72108,97644,71432,72443,,,,,,,,,,,,,,,,,,20080706,SS,HT,삼성,KIA,시민,오훈규,92,4,-1,20080706HTSS0
,오승환,김원섭,75421,71207,0,스트라이크,,,,3,1,0,12,초,3,3,0,0,양,우,,,,오승환,현재윤,채태인,김재걸,박석민,김우석,김창희,박한이,최형우,,,,75421,72427,77463,95409,74465,72108,97644,71432,72443,,,,,,,,,,,,,,,,,,20080706,SS,HT,삼성,KIA,시민,오훈규,92,5,-1,20080706HTSS0
,오승환,김원섭,75421,71207,0,타격,포스 아웃,땅볼 아웃,김원섭 : 투수 땅볼 아웃 (투수->1루수 송구아웃);,3,2,0,12,초,3,3,1,0,양,우,,,,오승환,현재윤,채태인,김재걸,박석민,김우석,김창희,박한이,최형우,,,,75421,72427,77463,95409,74465,72108,97644,71432,72443,,,,,,,,,,,,,,,,,,20080706,SS,HT,삼성,KIA,시민,오훈규,92,6,-1,20080706HTSS0
,오승환,나지완,75421,78629,0,파울,,,,0,0,1,12,초,3,3,0,0,우,우,,,,오승환,현재윤,채태인,김재걸,박석민,김우석,김창희,박한이,최형우,,,,75421,72427,77463,95409,74465,72108,97644,71432,72443,,,,,,,,,,,,,,,,,,20080706,SS,HT,삼성,KIA,시민,오훈규,93,1,-1,20080706HTSS0
,오승환,나지완,75421,78629,0,볼,,,,0,1,1,12,초,3,3,0,0,우,우,,,,오승환,현재윤,채태인,김재걸,박석민,김우석,김창희,박한이,최형우,,,,75421,72427,77463,95409,74465,72108,97644,71432,72443,,,,,,,,,,,,,,,,,,20080706,SS,HT,삼성,KIA,시민,오훈규,93,2,-1,20080706HTSS0
,오승환,나지완,75421,78629,0,볼,,,,1,1,1,12,초,3,3,0,0,우,우,,,,오승환,현재윤,채태인,김재걸,박석민,김우석,김창희,박한이,최형우,,,,75421,72427,77463,95409,74465,72108,97644,71432,72443,,,,,,,,,,,,,,,,,,20080706,SS,HT,삼성,KIA,시민,오훈규,93,3,-1,20080706HTSS0
,오승환,나지완,75421,78629,0,볼,,,,2,1,1,12,초,3,3,0,0,우,우,,,,오승환,현재윤,채태인,김재걸,박석민,김우석,김창희,박한이,최형우,,,,75421,72427,77463,95409,74465,72108,97644,71432,72443,,,,,,,,,,,,,,,,,,20080706,SS,HT,삼성,KIA,시민,오훈규,93,4,-1,20080706HTSS0
,오승환,나지완,75421,78629,0,헛스윙,,,,3,1,1,12,초,3,3,0,0,우,우,,,,오승환,현재윤,채태인,김재걸,박석민,김우석,김창희,박한이,최형우,,,,75421,72427,77463,95409,74465,72108,97644,71432,72443,,,,,,,,,,,,,,,,,,20080706,SS,HT,삼성,KIA,시민,오훈규,93,5,-1,20080706HTSS0
,오승환,나지완,75421,78629,0,헛스윙,삼진,삼진,나지완 :  삼진 아웃;,3,2,1,12,초,3,3,0,0,우,우,,,,오승환,현재윤,채태인,김재걸,박석민,김우석,김창희,박한이,최형우,,,,75421,72427,77463,95409,74465,72108,97644,71432,72443,,,,,,,,,,,,,,,,,,20080706,SS,HT,삼성,KIA,시민,오훈규,93,6,-1,20080706HTSS0
,오승환,장성호,75421,96610,0,볼,,,,0,0,2,12,초,3,3,0,0,좌,우,,,,오승환,현재윤,채태인,김재걸,박석민,김우석,김창희,박한이,최형우,,,,75421,72427,77463,95409,74465,72108,97644,71432,72443,,,,,,,,,,,,,,,,,,20080706,SS,HT,삼성,KIA,시민,오훈규,94,1,-1,20080706HTSS0
,오승환,장성호,75421,96610,0,스트라이크,,,,1,0,2,12,초,3,3,0,0,좌,우,,,,오승환,현재윤,채태인,김재걸,박석민,김우석,김창희,박한이,최형우,,,,75421,72427,77463,95409,74465,72108,97644,71432,72443,,,,,,,,,,,,,,,,,,20080706,SS,HT,삼성,KIA,시민,오훈규,94,2,-1,20080706HTSS0
,오승환,장성호,75421,96610,0,볼,,,,1,1,2,12,초,3,3,0,0,좌,우,,,,오승환,현재윤,채태인,김재걸,박석민,김우석,김창희,박한이,최형우,,,,75421,72427,77463,95409,74465,72108,97644,71432,72443,,,,,,,,,,,,,,,,,,20080706,SS,HT,삼성,KIA,시민,오훈규,94,3,-1,20080706HTSS0
,오승환,장성호,75421,96610,0,타격,필드 아웃,플라이 아웃,장성호 : 중견수 플라이 아웃;,2,1,2,12,초,3,3,1,0,좌,우,,,,오승환,현재윤,채태인,김재걸,박석민,김우석,김창희,박한이,최형우,,,,75421,72427,77463,95409,74465,72108,97644,71432,72443,,,,,,,,,,,,,,,,,,20080706,SS,HT,삼성,KIA,시민,오훈규,94,4,-1,20080706HTSS0
,한기주,박한이,76610,71432,0,볼,,,,0,0,0,12,말,3,3,0,0,좌,우,,,,한기주,이성우,장성호,김종국,이현곤,김선빈,김원섭,이용규,채종범,,,,76610,71184,96610,96616,72606,78603,71207,74163,70833,,,,,,,,,,,,,,,,,,20080706,SS,HT,삼성,KIA,시민,오훈규,95,1,-1,20080706HTSS0
,한기주,박한이,76610,71432,0,파울,,,,1,0,0,12,말,3,3,0,0,좌,우,,,,한기주,이성우,장성호,김종국,이현곤,김선빈,김원섭,이용규,채종범,,,,76610,71184,96610,96616,72606,78603,71207,74163,70833,,,,,,,,,,,,,,,,,,20080706,SS,HT,삼성,KIA,시민,오훈규,95,2,-1,20080706HTSS0
,한기주,박한이,76610,71432,0,파울,,,,1,1,0,12,말,3,3,0,0,좌,우,,,,한기주,이성우,장성호,김종국,이현곤,김선빈,김원섭,이용규,채종범,,,,76610,71184,96610,96616,72606,78603,71207,74163,70833,,,,,,,,,,,,,,,,,,20080706,SS,HT,삼성,KIA,시민,오훈규,95,3,-1,20080706HTSS0
,한기주,박한이,76610,71432,0,볼,,,,1,2,0,12,말,3,3,0,0,좌,우,,,,한기주,이성우,장성호,김종국,이현곤,김선빈,김원섭,이용규,채종범,,,,76610,71184,96610,96616,72606,78603,71207,74163,70833,,,,,,,,,,,,,,,,,,20080706,SS,HT,삼성,KIA,시민,오훈규,95,4,-1,20080706HTSS0
,한기주,박한이,76610,71432,0,헛스윙,삼진,삼진,박한이 :  삼진 아웃;,2,2,0,12,말,3,3,0,0,좌,우,,,,한기주,이성우,장성호,김종국,이현곤,김선빈,김원섭,이용규,채종범,,,,76610,71184,96610,96616,72606,78603,71207,74163,70833,,,,,,,,,,,,,,,,,,20080706,SS,HT,삼성,KIA,시민,오훈규,95,5,-1,20080706HTSS0
,한기주,현재윤,76610,72427,0,스트라이크,,,,0,0,1,12,말,3,3,0,0,우,우,,,,한기주,이성우,장성호,김종국,이현곤,김선빈,김원섭,이용규,채종범,,,,76610,71184,96610,96616,72606,78603,71207,74163,70833,,,,,,,,,,,,,,,,,,20080706,SS,HT,삼성,KIA,시민,오훈규,96,1,-1,20080706HTSS0
,한기주,현재윤,76610,72427,0,스트라이크,,,,0,1,1,12,말,3,3,0,0,우,우,,,,한기주,이성우,장성호,김종국,이현곤,김선빈,김원섭,이용규,채종범,,,,76610,71184,96610,96616,72606,78603,71207,74163,70833,,,,,,,,,,,,,,,,,,20080706,SS,HT,삼성,KIA,시민,오훈규,96,2,-1,20080706HTSS0
,한기주,현재윤,76610,72427,0,타격,포스 아웃,땅볼 아웃,현재윤 : 2루수 땅볼 아웃 (2루수->1루수 송구아웃);,0,2,1,12,말,3,3,1,0,우,우,,,,한기주,이성우,장성호,김종국,이현곤,김선빈,김원섭,이용규,채종범,,,,76610,71184,96610,96616,72606,78603,71207,74163,70833,,,,,,,,,,,,,,,,,,20080706,SS,HT,삼성,KIA,시민,오훈규,96,3,-1,20080706HTSS0
,한기주,손지환,76610,97103,0,스트라이크,,,,0,0,2,12,말,3,3,0,0,우,우,,,,한기주,이성우,장성호,김종국,이현곤,김선빈,김원섭,이용규,채종범,,,,76610,71184,96610,96616,72606,78603,71207,74163,70833,,,,,,,,,,,,,,,,,,20080706,SS,HT,삼성,KIA,시민,오훈규,97,1,-1,20080706HTSS0
,한기주,손지환,76610,97103,0,헛스윙,,,,0,1,2,12,말,3,3,0,0,우,우,,,,한기주,이성우,장성호,김종국,이현곤,김선빈,김원섭,이용규,채종범,,,,76610,71184,96610,96616,72606,78603,71207,74163,70833,,,,,,,,,,,,,,,,,,20080706,SS,HT,삼성,KIA,시민,오훈규,97,2,-1,20080706HTSS0
,한기주,손지환,76610,97103,0,볼,,,,0,2,2,12,말,3,3,0,0,우,우,,,,한기주,이성우,장성호,김종국,이현곤,김선빈,김원섭,이용규,채종범,,,,76610,71184,96610,96616,72606,78603,71207,74163,70833,,,,,,,,,,,,,,,,,,20080706,SS,HT,삼성,KIA,시민,오훈규,97,3,-1,20080706HTSS0
,한기주,손지환,76610,97103,0,타격,필드 아웃,플라이 아웃,손지환 : 좌익수 플라이 아웃;,1,2,2,12,말,3,3,1,0,우,우,,,,한기주,이성우,장성호,김종국,이현곤,김선빈,김원섭,이용규,채종범,,,,76610,71184,96610,96616,72606,78603,71207,74163,70833,,,,,,,,,,,,,,,,,,20080706,SS,HT,삼성,KIA,시민,오훈규,97,4,-1,20080706HTSS0
,오승환,채종범,75421,70833,0,파울,,,,0,0,0,13,초,3,3,0,0,우,우,,,,오승환,현재윤,채태인,김재걸,박석민,김우석,김창희,박한이,최형우,,,,75421,72427,77463,95409,74465,72108,97644,71432,72443,,,,,,,,,,,,,,,,,,20080706,SS,HT,삼성,KIA,시민,오훈규,98,1,-1,20080706HTSS0
,오승환,채종범,75421,70833,0,타격,포스 아웃,땅볼 아웃,채종범 : 3루수 땅볼 아웃 (3루수->1루수 송구아웃);,0,1,0,13,초,3,3,1,0,우,우,,,,오승환,현재윤,채태인,김재걸,박석민,김우석,김창희,박한이,최형우,,,,75421,72427,77463,95409,74465,72108,97644,71432,72443,,,,,,,,,,,,,,,,,,20080706,SS,HT,삼성,KIA,시민,오훈규,98,2,-1,20080706HTSS0
,오승환,이현곤,75421,72606,0,스트라이크,,,,0,0,1,13,초,3,3,0,0,우,우,,,,오승환,현재윤,채태인,김재걸,박석민,김우석,김창희,박한이,최형우,,,,75421,72427,77463,95409,74465,72108,97644,71432,72443,,,,,,,,,,,,,,,,,,20080706,SS,HT,삼성,KIA,시민,오훈규,99,1,-1,20080706HTSS0
,오승환,이현곤,75421,72606,0,볼,,,,0,1,1,13,초,3,3,0,0,우,우,,,,오승환,현재윤,채태인,김재걸,박석민,김우석,김창희,박한이,최형우,,,,75421,72427,77463,95409,74465,72108,97644,71432,72443,,,,,,,,,,,,,,,,,,20080706,SS,HT,삼성,KIA,시민,오훈규,99,2,-1,20080706HTSS0
,오승환,이현곤,75421,72606,0,파울,,,,1,1,1,13,초,3,3,0,0,우,우,,,,오승환,현재윤,채태인,김재걸,박석민,김우석,김창희,박한이,최형우,,,,75421,72427,77463,95409,74465,72108,97644,71432,72443,,,,,,,,,,,,,,,,,,20080706,SS,HT,삼성,KIA,시민,오훈규,99,3,-1,20080706HTSS0
,오승환,이현곤,75421,72606,0,볼,,,,1,2,1,13,초,3,3,0,0,우,우,,,,오승환,현재윤,채태인,김재걸,박석민,김우석,김창희,박한이,최형우,,,,75421,72427,77463,95409,74465,72108,97644,71432,72443,,,,,,,,,,,,,,,,,,20080706,SS,HT,삼성,KIA,시민,오훈규,99,4,-1,20080706HTSS0
,오승환,이현곤,75421,72606,0,파울,,,,2,2,1,13,초,3,3,0,0,우,우,,,,오승환,현재윤,채태인,김재걸,박석민,김우석,김창희,박한이,최형우,,,,75421,72427,77463,95409,74465,72108,97644,71432,72443,,,,,,,,,,,,,,,,,,20080706,SS,HT,삼성,KIA,시민,오훈규,99,5,-1,20080706HTSS0
,오승환,이현곤,75421,72606,0,파울,,,,2,2,1,13,초,3,3,0,0,우,우,,,,오승환,현재윤,채태인,김재걸,박석민,김우석,김창희,박한이,최형우,,,,75421,72427,77463,95409,74465,72108,97644,71432,72443,,,,,,,,,,,,,,,,,,20080706,SS,HT,삼성,KIA,시민,오훈규,99,6,-1,20080706HTSS0
,오승환,이현곤,75421,72606,0,볼,,,,2,2,1,13,초,3,3,0,0,우,우,,,,오승환,현재윤,채태인,김재걸,박석민,김우석,김창희,박한이,최형우,,,,75421,72427,77463,95409,74465,72108,97644,71432,72443,,,,,,,,,,,,,,,,,,20080706,SS,HT,삼성,KIA,시민,오훈규,99,7,-1,20080706HTSS0
,오승환,이현곤,75421,72606,0,타격,필드 아웃,플라이 아웃,이현곤 : 우익수 플라이 아웃;,3,2,1,13,초,3,3,1,0,우,우,,,,오승환,현재윤,채태인,김재걸,박석민,김우석,김창희,박한이,최형우,,,,75421,72427,77463,95409,74465,72108,97644,71432,72443,,,,,,,,,,,,,,,,,,20080706,SS,HT,삼성,KIA,시민,오훈규,99,8,-1,20080706HTSS0
,오승환,김선빈,75421,78603,0,볼,,,,0,0,2,13,초,3,3,0,0,우,우,,,,오승환,현재윤,채태인,김재걸,박석민,김우석,김창희,박한이,최형우,,,,75421,72427,77463,95409,74465,72108,97644,71432,72443,,,,,,,,,,,,,,,,,,20080706,SS,HT,삼성,KIA,시민,오훈규,100,1,-1,20080706HTSS0
,오승환,김선빈,75421,78603,0,파울,,,,1,0,2,13,초,3,3,0,0,우,우,,,,오승환,현재윤,채태인,김재걸,박석민,김우석,김창희,박한이,최형우,,,,75421,72427,77463,95409,74465,72108,97644,71432,72443,,,,,,,,,,,,,,,,,,20080706,SS,HT,삼성,KIA,시민,오훈규,100,2,-1,20080706HTSS0
,오승환,김선빈,75421,78603,0,타격,필드 아웃,파울 플라이 아웃,김선빈 : 1루수 파울플라이 아웃;,1,1,2,13,초,3,3,1,0,우,우,,,,오승환,현재윤,채태인,김재걸,박석민,김우석,김창희,박한이,최형우,,,,75421,72427,77463,95409,74465,72108,97644,71432,72443,,,,,,,,,,,,,,,,,,20080706,SS,HT,삼성,KIA,시민,오훈규,100,3,-1,20080706HTSS0
,한기주,박석민,76610,74465,0,스트라이크,,,,0,0,0,13,말,3,3,0,0,우,우,,,,한기주,이성우,장성호,김종국,이현곤,김선빈,김원섭,이용규,채종범,,,,76610,71184,96610,96616,72606,78603,71207,74163,70833,,,,,,,,,,,,,,,,,,20080706,SS,HT,삼성,KIA,시민,오훈규,101,1,-1,20080706HTSS0
,한기주,박석민,76610,74465,0,볼,,,,0,1,0,13,말,3,3,0,0,우,우,,,,한기주,이성우,장성호,김종국,이현곤,김선빈,김원섭,이용규,채종범,,,,76610,71184,96610,96616,72606,78603,71207,74163,70833,,,,,,,,,,,,,,,,,,20080706,SS,HT,삼성,KIA,시민,오훈규,101,2,-1,20080706HTSS0
,한기주,박석민,76610,74465,0,볼,,,,1,1,0,13,말,3,3,0,0,우,우,,,,한기주,이성우,장성호,김종국,이현곤,김선빈,김원섭,이용규,채종범,,,,76610,71184,96610,96616,72606,78603,71207,74163,70833,,,,,,,,,,,,,,,,,,20080706,SS,HT,삼성,KIA,시민,오훈규,101,3,-1,20080706HTSS0
,한기주,박석민,76610,74465,0,스트라이크,,,,2,1,0,13,말,3,3,0,0,우,우,,,,한기주,이성우,장성호,김종국,이현곤,김선빈,김원섭,이용규,채종범,,,,76610,71184,96610,96616,72606,78603,71207,74163,70833,,,,,,,,,,,,,,,,,,20080706,SS,HT,삼성,KIA,시민,오훈규,101,4,-1,20080706HTSS0
,한기주,박석민,76610,74465,0,파울,,,,2,2,0,13,말,3,3,0,0,우,우,,,,한기주,이성우,장성호,김종국,이현곤,김선빈,김원섭,이용규,채종범,,,,76610,71184,96610,96616,72606,78603,71207,74163,70833,,,,,,,,,,,,,,,,,,20080706,SS,HT,삼성,KIA,시민,오훈규,101,5,-1,20080706HTSS0
,한기주,박석민,76610,74465,0,볼,,,,2,2,0,13,말,3,3,0,0,우,우,,,,한기주,이성우,장성호,김종국,이현곤,김선빈,김원섭,이용규,채종범,,,,76610,71184,96610,96616,72606,78603,71207,74163,70833,,,,,,,,,,,,,,,,,,20080706,SS,HT,삼성,KIA,시민,오훈규,101,6,-1,20080706HTSS0
,한기주,박석민,76610,74465,0,타격,안타,안타,박석민 : 좌익수 앞 1루타;,3,2,0,13,말,3,3,0,0,우,우,,,,한기주,이성우,장성호,김종국,이현곤,김선빈,김원섭,이용규,채종범,,,,76610,71184,96610,96616,72606,78603,71207,74163,70833,,,,,,,,,,,,,,,,,,20080706,SS,HT,삼성,KIA,시민,오훈규,101,7,-1,20080706HTSS0
,한기주,최형우,76610,72443,0,타격,안타,안타,최형우 : 우익수 앞 1루타; 1루주자 박석민 :   2루까지 진루;,0,0,0,13,말,3,3,0,0,좌,우,박석민,,,한기주,이성우,장성호,김종국,이현곤,김선빈,김원섭,이용규,채종범,74465.0,,,76610,71184,96610,96616,72606,78603,71207,74163,70833,,,,,,,,,,,,,,,,,,20080706,SS,HT,삼성,KIA,시민,오훈규,102,1,-1,20080706HTSS0
,한기주,김창희,76610,97644,0,볼,,,,0,0,0,13,말,3,3,0,0,우,우,최형우,박석민,,한기주,이성우,장성호,김종국,이현곤,김선빈,김원섭,이용규,채종범,72443.0,74465.0,,76610,71184,96610,96616,72606,78603,71207,74163,70833,,,,,,,,,,,,,,,,,,20080706,SS,HT,삼성,KIA,시민,오훈규,103,1,-1,20080706HTSS0
,한기주,김창희,76610,97644,0,타격,포스 아웃,땅볼 아웃,김창희 : 1루수 앞 땅볼로 출루; 1루주자 최형우 :   2루까지 진루; 2루주자 박석민 :  포스아웃 (1루수->3루수 3루 터치아웃);,1,0,0,13,말,3,3,1,0,우,우,최형우,박석민,,한기주,이성우,장성호,김종국,이현곤,김선빈,김원섭,이용규,채종범,72443.0,74465.0,,76610,71184,96610,96616,72606,78603,71207,74163,70833,,,,,,,,,,,,,,,,,,20080706,SS,HT,삼성,KIA,시민,오훈규,103,2,-1,20080706HTSS0
,한기주,채태인,76610,77463,0,파울,,,,0,0,1,13,말,3,3,0,0,좌,우,김창희,최형우,,한기주,이성우,장성호,김종국,이현곤,김선빈,김원섭,이용규,채종범,97644.0,72443.0,,76610,71184,96610,96616,72606,78603,71207,74163,70833,,,,,,,,,,,,,,,,,,20080706,SS,HT,삼성,KIA,시민,오훈규,104,1,-1,20080706HTSS0
,한기주,채태인,76610,77463,0,볼,,,,0,1,1,13,말,3,3,0,0,좌,우,김창희,최형우,,한기주,이성우,장성호,김종국,이현곤,김선빈,김원섭,이용규,채종범,97644.0,72443.0,,76610,71184,96610,96616,72606,78603,71207,74163,70833,,,,,,,,,,,,,,,,,,20080706,SS,HT,삼성,KIA,시민,오훈규,104,2,-1,20080706HTSS0
,한기주,채태인,76610,77463,0,볼,,,,1,1,1,13,말,3,3,0,0,좌,우,김창희,최형우,,한기주,이성우,장성호,김종국,이현곤,김선빈,김원섭,이용규,채종범,97644.0,72443.0,,76610,71184,96610,96616,72606,78603,71207,74163,70833,,,,,,,,,,,,,,,,,,20080706,SS,HT,삼성,KIA,시민,오훈규,104,3,-1,20080706HTSS0
,한기주,채태인,76610,77463,0,볼,,,,2,1,1,13,말,3,3,0,0,좌,우,김창희,최형우,,한기주,이성우,장성호,김종국,이현곤,김선빈,김원섭,이용규,채종범,97644.0,72443.0,,76610,71184,96610,96616,72606,78603,71207,74163,70833,,,,,,,,,,,,,,,,,,20080706,SS,HT,삼성,KIA,시민,오훈규,104,4,-1,20080706HTSS0
,한기주,채태인,76610,77463,0,파울,,,,3,1,1,13,말,3,3,0,0,좌,우,김창희,최형우,,한기주,이성우,장성호,김종국,이현곤,김선빈,김원섭,이용규,채종범,97644.0,72443.0,,76610,71184,96610,96616,72606,78603,71207,74163,70833,,,,,,,,,,,,,,,,,,20080706,SS,HT,삼성,KIA,시민,오훈규,104,5,-1,20080706HTSS0
,한기주,채태인,76610,77463,0,타격,필드 아웃,인필드 플라이,채태인 : 유격수 인필드플라이 아웃;,3,2,1,13,말,3,3,1,0,좌,우,김창희,최형우,,한기주,이성우,장성호,김종국,이현곤,김선빈,김원섭,이용규,채종범,97644.0,72443.0,,76610,71184,96610,96616,72606,78603,71207,74163,70833,,,,,,,,,,,,,,,,,,20080706,SS,HT,삼성,KIA,시민,오훈규,104,6,-1,20080706HTSS0
,한기주,김우석,76610,72108,0,스트라이크,,,,0,0,2,13,말,3,3,0,0,우,우,김창희,최형우,,한기주,이성우,장성호,김종국,이현곤,김선빈,김원섭,이용규,채종범,97644.0,72443.0,,76610,71184,96610,96616,72606,78603,71207,74163,70833,,,,,,,,,,,,,,,,,,20080706,SS,HT,삼성,KIA,시민,오훈규,105,1,-1,20080706HTSS0
,한기주,김우석,76610,72108,0,타격,필드 아웃,플라이 아웃,김우석 : 2루수 플라이 아웃;,0,1,2,13,말,3,3,1,0,우,우,김창희,최형우,,한기주,이성우,장성호,김종국,이현곤,김선빈,김원섭,이용규,채종범,97644.0,72443.0,,76610,71184,96610,96616,72606,78603,71207,74163,70833,,,,,,,,,,,,,,,,,,20080706,SS,HT,삼성,KIA,시민,오훈규,105,2,-1,20080706HTSS0
,오승환,이성우,75421,71184,,,,,투수 오승환 : 투수 권오원 (으)로 교체;,0,0,0,14,초,3,3,0,0,우,우,,,,오승환,현재윤,채태인,김재걸,박석민,김우석,김창희,박한이,최형우,,,,75421,72427,77463,95409,74465,72108,97644,71432,72443,,,,,,,,,,,,,,,,,,20080706,SS,HT,삼성,KIA,시민,오훈규,106,,,20080706HTSS0
,권오원,이성우,72454,71184,0,타격,필드 아웃,플라이 아웃,이성우 : 우익수 플라이 아웃;,0,0,0,14,초,3,3,1,0,우,우,,,,권오원,현재윤,채태인,김재걸,박석민,김우석,김창희,박한이,최형우,,,,72454,72427,77463,95409,74465,72108,97644,71432,72443,,,,,,,,,,,,,,,,,,20080706,SS,HT,삼성,KIA,시민,오훈규,106,1,-1,20080706HTSS0
,권오원,김종국,72454,96616,0,스트라이크,,,,0,0,1,14,초,3,3,0,0,우,우,,,,권오원,현재윤,채태인,김재걸,박석민,김우석,김창희,박한이,최형우,,,,72454,72427,77463,95409,74465,72108,97644,71432,72443,,,,,,,,,,,,,,,,,,20080706,SS,HT,삼성,KIA,시민,오훈규,107,1,-1,20080706HTSS0
,권오원,김종국,72454,96616,0,볼,,,,0,1,1,14,초,3,3,0,0,우,우,,,,권오원,현재윤,채태인,김재걸,박석민,김우석,김창희,박한이,최형우,,,,72454,72427,77463,95409,74465,72108,97644,71432,72443,,,,,,,,,,,,,,,,,,20080706,SS,HT,삼성,KIA,시민,오훈규,107,2,-1,20080706HTSS0
,권오원,김종국,72454,96616,0,볼,,,,1,1,1,14,초,3,3,0,0,우,우,,,,권오원,현재윤,채태인,김재걸,박석민,김우석,김창희,박한이,최형우,,,,72454,72427,77463,95409,74465,72108,97644,71432,72443,,,,,,,,,,,,,,,,,,20080706,SS,HT,삼성,KIA,시민,오훈규,107,3,-1,20080706HTSS0
,권오원,김종국,72454,96616,0,파울,,,,2,1,1,14,초,3,3,0,0,우,우,,,,권오원,현재윤,채태인,김재걸,박석민,김우석,김창희,박한이,최형우,,,,72454,72427,77463,95409,74465,72108,97644,71432,72443,,,,,,,,,,,,,,,,,,20080706,SS,HT,삼성,KIA,시민,오훈규,107,4,-1,20080706HTSS0
,권오원,김종국,72454,96616,0,볼,,,,2,2,1,14,초,3,3,0,0,우,우,,,,권오원,현재윤,채태인,김재걸,박석민,김우석,김창희,박한이,최형우,,,,72454,72427,77463,95409,74465,72108,97644,71432,72443,,,,,,,,,,,,,,,,,,20080706,SS,HT,삼성,KIA,시민,오훈규,107,5,-1,20080706HTSS0
,권오원,김종국,72454,96616,0,타격,안타,안타,김종국 : 좌익수 앞 1루타;,3,2,1,14,초,3,3,0,0,우,우,,,,권오원,현재윤,채태인,김재걸,박석민,김우석,김창희,박한이,최형우,,,,72454,72427,77463,95409,74465,72108,97644,71432,72443,,,,,,,,,,,,,,,,,,20080706,SS,HT,삼성,KIA,시민,오훈규,107,6,-1,20080706HTSS0
,권오원,이용규,72454,74163,0,볼,,,,0,0,1,14,초,3,3,0,0,좌,우,김종국,,,권오원,현재윤,채태인,김재걸,박석민,김우석,김창희,박한이,최형우,96616.0,,,72454,72427,77463,95409,74465,72108,97644,71432,72443,,,,,,,,,,,,,,,,,,20080706,SS,HT,삼성,KIA,시민,오훈규,108,1,-1,20080706HTSS0
,권오원,이용규,72454,74163,0,스트라이크,,,,1,0,1,14,초,3,3,0,0,좌,우,김종국,,,권오원,현재윤,채태인,김재걸,박석민,김우석,김창희,박한이,최형우,96616.0,,,72454,72427,77463,95409,74465,72108,97644,71432,72443,,,,,,,,,,,,,,,,,,20080706,SS,HT,삼성,KIA,시민,오훈규,108,2,-1,20080706HTSS0
,권오원,이용규,72454,74163,0,볼,,,,1,1,1,14,초,3,3,0,0,좌,우,김종국,,,권오원,현재윤,채태인,김재걸,박석민,김우석,김창희,박한이,최형우,96616.0,,,72454,72427,77463,95409,74465,72108,97644,71432,72443,,,,,,,,,,,,,,,,,,20080706,SS,HT,삼성,KIA,시민,오훈규,108,3,-1,20080706HTSS0
,권오원,이용규,72454,74163,0,타격,병살타,병살타,이용규 : 투수 병살타 아웃 (투수->유격수->1루수 송구아웃); 1루주자 김종국 :  포스아웃 (투수->유격수 2루 터치아웃);,2,1,1,14,초,3,3,2,0,좌,우,김종국,,,권오원,현재윤,채태인,김재걸,박석민,김우석,김창희,박한이,최형우,96616.0,,,72454,72427,77463,95409,74465,72108,97644,71432,72443,,,,,,,,,,,,,,,,,,20080706,SS,HT,삼성,KIA,시민,오훈규,108,4,-1,20080706HTSS0
,한기주,김재걸,76610,95409,,,,,투수 한기주 : 투수 유동훈 (으)로 교체;,0,0,0,14,말,3,3,0,0,우,우,,,,한기주,이성우,장성호,김종국,이현곤,김선빈,김원섭,이용규,채종범,,,,76610,71184,96610,96616,72606,78603,71207,74163,70833,,,,,,,,,,,,,,,,,,20080706,SS,HT,삼성,KIA,시민,오훈규,109,,,20080706HTSS0
,유동훈,김재걸,99639,95409,0,볼,,,,0,0,0,14,말,3,3,0,0,우,우,,,,유동훈,이성우,장성호,김종국,이현곤,김선빈,김원섭,이용규,채종범,,,,99639,71184,96610,96616,72606,78603,71207,74163,70833,,,,,,,,,,,,,,,,,,20080706,SS,HT,삼성,KIA,시민,오훈규,109,1,-1,20080706HTSS0
,유동훈,김재걸,99639,95409,0,스트라이크,,,,1,0,0,14,말,3,3,0,0,우,우,,,,유동훈,이성우,장성호,김종국,이현곤,김선빈,김원섭,이용규,채종범,,,,99639,71184,96610,96616,72606,78603,71207,74163,70833,,,,,,,,,,,,,,,,,,20080706,SS,HT,삼성,KIA,시민,오훈규,109,2,-1,20080706HTSS0
,유동훈,김재걸,99639,95409,0,파울,,,,1,1,0,14,말,3,3,0,0,우,우,,,,유동훈,이성우,장성호,김종국,이현곤,김선빈,김원섭,이용규,채종범,,,,99639,71184,96610,96616,72606,78603,71207,74163,70833,,,,,,,,,,,,,,,,,,20080706,SS,HT,삼성,KIA,시민,오훈규,109,3,-1,20080706HTSS0
,유동훈,김재걸,99639,95409,0,볼,,,,1,2,0,14,말,3,3,0,0,우,우,,,,유동훈,이성우,장성호,김종국,이현곤,김선빈,김원섭,이용규,채종범,,,,99639,71184,96610,96616,72606,78603,71207,74163,70833,,,,,,,,,,,,,,,,,,20080706,SS,HT,삼성,KIA,시민,오훈규,109,4,-1,20080706HTSS0
,유동훈,김재걸,99639,95409,0,파울,,,,2,2,0,14,말,3,3,0,0,우,우,,,,유동훈,이성우,장성호,김종국,이현곤,김선빈,김원섭,이용규,채종범,,,,99639,71184,96610,96616,72606,78603,71207,74163,70833,,,,,,,,,,,,,,,,,,20080706,SS,HT,삼성,KIA,시민,오훈규,109,5,-1,20080706HTSS0
,유동훈,김재걸,99639,95409,0,타격,포스 아웃,땅볼 아웃,김재걸 : 1루수 땅볼 아웃 (1루수->투수 1루 터치아웃);,2,2,0,14,말,3,3,1,0,우,우,,,,유동훈,이성우,장성호,김종국,이현곤,김선빈,김원섭,이용규,채종범,,,,99639,71184,96610,96616,72606,78603,71207,74163,70833,,,,,,,,,,,,,,,,,,20080706,SS,HT,삼성,KIA,시민,오훈규,109,6,-1,20080706HTSS0
,유동훈,박한이,99639,71432,0,볼,,,,0,0,1,14,말,3,3,0,0,좌,우,,,,유동훈,이성우,장성호,김종국,이현곤,김선빈,김원섭,이용규,채종범,,,,99639,71184,96610,96616,72606,78603,71207,74163,70833,,,,,,,,,,,,,,,,,,20080706,SS,HT,삼성,KIA,시민,오훈규,110,1,-1,20080706HTSS0
,유동훈,박한이,99639,71432,0,타격,안타,안타,박한이 : 좌익수 왼쪽 1루타;,1,0,1,14,말,3,3,0,0,좌,우,,,,유동훈,이성우,장성호,김종국,이현곤,김선빈,김원섭,이용규,채종범,,,,99639,71184,96610,96616,72606,78603,71207,74163,70833,,,,,,,,,,,,,,,,,,20080706,SS,HT,삼성,KIA,시민,오훈규,110,2,-1,20080706HTSS0
,유동훈,현재윤,99639,72427,0,볼,,,,0,0,1,14,말,3,3,0,0,우,우,박한이,,,유동훈,이성우,장성호,김종국,이현곤,김선빈,김원섭,이용규,채종범,71432.0,,,99639,71184,96610,96616,72606,78603,71207,74163,70833,,,,,,,,,,,,,,,,,,20080706,SS,HT,삼성,KIA,시민,오훈규,111,1,-1,20080706HTSS0
,유동훈,현재윤,99639,72427,0,볼,,,,1,0,1,14,말,3,3,0,0,우,우,박한이,,,유동훈,이성우,장성호,김종국,이현곤,김선빈,김원섭,이용규,채종범,71432.0,,,99639,71184,96610,96616,72606,78603,71207,74163,70833,,,,,,,,,,,,,,,,,,20080706,SS,HT,삼성,KIA,시민,오훈규,111,2,-1,20080706HTSS0
,유동훈,현재윤,99639,72427,0,타격,포스 아웃,땅볼 아웃,현재윤 : 3루수 땅볼 아웃 (3루수->1루수 송구아웃); 1루주자 박한이 :   2루까지 진루;,2,0,1,14,말,3,3,1,0,우,우,박한이,,,유동훈,이성우,장성호,김종국,이현곤,김선빈,김원섭,이용규,채종범,71432.0,,,99639,71184,96610,96616,72606,78603,71207,74163,70833,,,,,,,,,,,,,,,,,,20080706,SS,HT,삼성,KIA,시민,오훈규,111,3,-1,20080706HTSS0
,유동훈,손지환,99639,97103,0,파울,,,,0,0,2,14,말,3,3,0,0,우,우,,박한이,,유동훈,이성우,장성호,김종국,이현곤,김선빈,김원섭,이용규,채종범,,71432.0,,99639,71184,96610,96616,72606,78603,71207,74163,70833,,,,,,,,,,,,,,,,,,20080706,SS,HT,삼성,KIA,시민,오훈규,112,1,-1,20080706HTSS0
,유동훈,손지환,99639,97103,0,볼,,,,0,1,2,14,말,3,3,0,0,우,우,,박한이,,유동훈,이성우,장성호,김종국,이현곤,김선빈,김원섭,이용규,채종범,,71432.0,,99639,71184,96610,96616,72606,78603,71207,74163,70833,,,,,,,,,,,,,,,,,,20080706,SS,HT,삼성,KIA,시민,오훈규,112,2,-1,20080706HTSS0
,유동훈,손지환,99639,97103,0,파울,,,,1,1,2,14,말,3,3,0,0,우,우,,박한이,,유동훈,이성우,장성호,김종국,이현곤,김선빈,김원섭,이용규,채종범,,71432.0,,99639,71184,96610,96616,72606,78603,71207,74163,70833,,,,,,,,,,,,,,,,,,20080706,SS,HT,삼성,KIA,시민,오훈규,112,3,-1,20080706HTSS0
,유동훈,손지환,99639,97103,0,타격,포스 아웃,땅볼 아웃,손지환 : 1루수 땅볼 아웃 (1루수->투수 1루 터치아웃);,1,2,2,14,말,3,3,1,0,우,우,,박한이,,유동훈,이성우,장성호,김종국,이현곤,김선빈,김원섭,이용규,채종범,,71432.0,,99639,71184,96610,96616,72606,78603,71207,74163,70833,,,,,,,,,,,,,,,,,,20080706,SS,HT,삼성,KIA,시민,오훈규,112,4,-1,20080706HTSS0
,권오원,김원섭,72454,71207,0,볼,,,,0,0,0,15,초,3,3,0,0,양,우,,,,권오원,현재윤,채태인,김재걸,박석민,김우석,김창희,박한이,최형우,,,,72454,72427,77463,95409,74465,72108,97644,71432,72443,,,,,,,,,,,,,,,,,,20080706,SS,HT,삼성,KIA,시민,오훈규,113,1,-1,20080706HTSS0
,권오원,김원섭,72454,71207,0,타격,포스 아웃,땅볼 아웃,김원섭 : 2루수 땅볼 아웃 (2루수->1루수 송구아웃);,1,0,0,15,초,3,3,1,0,양,우,,,,권오원,현재윤,채태인,김재걸,박석민,김우석,김창희,박한이,최형우,,,,72454,72427,77463,95409,74465,72108,97644,71432,72443,,,,,,,,,,,,,,,,,,20080706,SS,HT,삼성,KIA,시민,오훈규,113,2,-1,20080706HTSS0
,권오원,나지완,72454,78629,0,볼,,,,0,0,1,15,초,3,3,0,0,우,우,,,,권오원,현재윤,채태인,김재걸,박석민,김우석,김창희,박한이,최형우,,,,72454,72427,77463,95409,74465,72108,97644,71432,72443,,,,,,,,,,,,,,,,,,20080706,SS,HT,삼성,KIA,시민,오훈규,114,1,-1,20080706HTSS0
,권오원,나지완,72454,78629,0,볼,,,,1,0,1,15,초,3,3,0,0,우,우,,,,권오원,현재윤,채태인,김재걸,박석민,김우석,김창희,박한이,최형우,,,,72454,72427,77463,95409,74465,72108,97644,71432,72443,,,,,,,,,,,,,,,,,,20080706,SS,HT,삼성,KIA,시민,오훈규,114,2,-1,20080706HTSS0
,권오원,나지완,72454,78629,0,볼,,,,2,0,1,15,초,3,3,0,0,우,우,,,,권오원,현재윤,채태인,김재걸,박석민,김우석,김창희,박한이,최형우,,,,72454,72427,77463,95409,74465,72108,97644,71432,72443,,,,,,,,,,,,,,,,,,20080706,SS,HT,삼성,KIA,시민,오훈규,114,3,-1,20080706HTSS0
,권오원,나지완,72454,78629,0,스트라이크,,,,3,0,1,15,초,3,3,0,0,우,우,,,,권오원,현재윤,채태인,김재걸,박석민,김우석,김창희,박한이,최형우,,,,72454,72427,77463,95409,74465,72108,97644,71432,72443,,,,,,,,,,,,,,,,,,20080706,SS,HT,삼성,KIA,시민,오훈규,114,4,-1,20080706HTSS0
,권오원,나지완,72454,78629,0,파울,,,,3,1,1,15,초,3,3,0,0,우,우,,,,권오원,현재윤,채태인,김재걸,박석민,김우석,김창희,박한이,최형우,,,,72454,72427,77463,95409,74465,72108,97644,71432,72443,,,,,,,,,,,,,,,,,,20080706,SS,HT,삼성,KIA,시민,오훈규,114,5,-1,20080706HTSS0
,권오원,나지완,72454,78629,0,볼,볼넷,볼넷,나지완 :  볼넷;,3,2,1,15,초,3,3,0,0,우,우,,,,권오원,현재윤,채태인,김재걸,박석민,김우석,김창희,박한이,최형우,,,,72454,72427,77463,95409,74465,72108,97644,71432,72443,,,,,,,,,,,,,,,,,,20080706,SS,HT,삼성,KIA,시민,오훈규,114,6,-1,20080706HTSS0
,권오원,장성호,72454,96610,,,,,1루주자 나지완 : 대주자 이종범(으)로 교체;,0,0,1,15,초,3,3,0,0,좌,우,나지완,,,권오원,현재윤,채태인,김재걸,박석민,김우석,김창희,박한이,최형우,78629.0,,,72454,72427,77463,95409,74465,72108,97644,71432,72443,,,,,,,,,,,,,,,,,,20080706,SS,HT,삼성,KIA,시민,오훈규,115,,,20080706HTSS0
,권오원,장성호,72454,96610,0,볼,,,,0,0,1,15,초,3,3,0,0,좌,우,이종범,,,권오원,현재윤,채태인,김재걸,박석민,김우석,김창희,박한이,최형우,93607.0,,,72454,72427,77463,95409,74465,72108,97644,71432,72443,,,,,,,,,,,,,,,,,,20080706,SS,HT,삼성,KIA,시민,오훈규,115,1,-1,20080706HTSS0
,권오원,장성호,72454,96610,0,스트라이크,,,,1,0,1,15,초,3,3,0,0,좌,우,이종범,,,권오원,현재윤,채태인,김재걸,박석민,김우석,김창희,박한이,최형우,93607.0,,,72454,72427,77463,95409,74465,72108,97644,71432,72443,,,,,,,,,,,,,,,,,,20080706,SS,HT,삼성,KIA,시민,오훈규,115,2,-1,20080706HTSS0
,권오원,장성호,72454,96610,0,파울,,,,1,1,1,15,초,3,3,0,0,좌,우,이종범,,,권오원,현재윤,채태인,김재걸,박석민,김우석,김창희,박한이,최형우,93607.0,,,72454,72427,77463,95409,74465,72108,97644,71432,72443,,,,,,,,,,,,,,,,,,20080706,SS,HT,삼성,KIA,시민,오훈규,115,3,-1,20080706HTSS0
,권오원,장성호,72454,96610,0,타격,포스 아웃,땅볼 아웃,장성호 : 2루수 앞 땅볼로 출루; 1루주자 이종범 :  포스아웃 (2루수->유격수 2루 터치아웃);,1,2,1,15,초,3,3,1,0,좌,우,이종범,,,권오원,현재윤,채태인,김재걸,박석민,김우석,김창희,박한이,최형우,93607.0,,,72454,72427,77463,95409,74465,72108,97644,71432,72443,,,,,,,,,,,,,,,,,,20080706,SS,HT,삼성,KIA,시민,오훈규,115,4,-1,20080706HTSS0
,권오원,채종범,72454,70833,0,볼,,,,0,0,2,15,초,3,3,0,0,우,우,장성호,,,권오원,현재윤,채태인,김재걸,박석민,김우석,김창희,박한이,최형우,96610.0,,,72454,72427,77463,95409,74465,72108,97644,71432,72443,,,,,,,,,,,,,,,,,,20080706,SS,HT,삼성,KIA,시민,오훈규,116,1,-1,20080706HTSS0
,권오원,채종범,72454,70833,0,헛스윙,,,,1,0,2,15,초,3,3,0,0,우,우,장성호,,,권오원,현재윤,채태인,김재걸,박석민,김우석,김창희,박한이,최형우,96610.0,,,72454,72427,77463,95409,74465,72108,97644,71432,72443,,,,,,,,,,,,,,,,,,20080706,SS,HT,삼성,KIA,시민,오훈규,116,2,-1,20080706HTSS0
,권오원,채종범,72454,70833,0,볼,,,,1,1,2,15,초,3,3,0,0,우,우,장성호,,,권오원,현재윤,채태인,김재걸,박석민,김우석,김창희,박한이,최형우,96610.0,,,72454,72427,77463,95409,74465,72108,97644,71432,72443,,,,,,,,,,,,,,,,,,20080706,SS,HT,삼성,KIA,시민,오훈규,116,3,-1,20080706HTSS0
,권오원,채종범,72454,70833,,,,,1루주자 장성호 :  도루로 2루까지 진루;,2,1,2,15,초,3,3,0,0,우,우,장성호,,,권오원,현재윤,채태인,김재걸,박석민,김우석,김창희,박한이,최형우,96610.0,,,72454,72427,77463,95409,74465,72108,97644,71432,72443,,,,,,,,,,,,,,,,,,20080706,SS,HT,삼성,KIA,시민,오훈규,116,,,20080706HTSS0
,권오원,채종범,72454,70833,0,헛스윙,,,,2,1,2,15,초,3,3,0,0,우,우,,장성호,,권오원,현재윤,채태인,김재걸,박석민,김우석,김창희,박한이,최형우,,96610.0,,72454,72427,77463,95409,74465,72108,97644,71432,72443,,,,,,,,,,,,,,,,,,20080706,SS,HT,삼성,KIA,시민,오훈규,116,4,-1,20080706HTSS0
,권오원,채종범,72454,70833,0,볼,,,,2,2,2,15,초,3,3,0,0,우,우,,장성호,,권오원,현재윤,채태인,김재걸,박석민,김우석,김창희,박한이,최형우,,96610.0,,72454,72427,77463,95409,74465,72108,97644,71432,72443,,,,,,,,,,,,,,,,,,20080706,SS,HT,삼성,KIA,시민,오훈규,116,5,-1,20080706HTSS0
,권오원,채종범,72454,70833,0,볼,볼넷,볼넷,채종범 :  볼넷;,3,2,2,15,초,3,3,0,0,우,우,,장성호,,권오원,현재윤,채태인,김재걸,박석민,김우석,김창희,박한이,최형우,,96610.0,,72454,72427,77463,95409,74465,72108,97644,71432,72443,,,,,,,,,,,,,,,,,,20080706,SS,HT,삼성,KIA,시민,오훈규,116,6,-1,20080706HTSS0
,권오원,이현곤,72454,72606,,,,,6번타자 이현곤 : 대타 김주형(으)로 교체;,0,0,2,15,초,3,3,0,0,우,우,채종범,장성호,,권오원,현재윤,채태인,김재걸,박석민,김우석,김창희,박한이,최형우,70833.0,96610.0,,72454,72427,77463,95409,74465,72108,97644,71432,72443,,,,,,,,,,,,,,,,,,20080706,SS,HT,삼성,KIA,시민,오훈규,117,,,20080706HTSS0
,권오원,김주형,72454,74605,0,볼,,,,0,0,2,15,초,3,3,0,0,우,우,채종범,장성호,,권오원,현재윤,채태인,김재걸,박석민,김우석,김창희,박한이,최형우,70833.0,96610.0,,72454,72427,77463,95409,74465,72108,97644,71432,72443,,,,,,,,,,,,,,,,,,20080706,SS,HT,삼성,KIA,시민,오훈규,117,1,-1,20080706HTSS0
,권오원,김주형,72454,74605,0,볼,,,,1,0,2,15,초,3,3,0,0,우,우,채종범,장성호,,권오원,현재윤,채태인,김재걸,박석민,김우석,김창희,박한이,최형우,70833.0,96610.0,,72454,72427,77463,95409,74465,72108,97644,71432,72443,,,,,,,,,,,,,,,,,,20080706,SS,HT,삼성,KIA,시민,오훈규,117,2,-1,20080706HTSS0
,권오원,김주형,72454,74605,0,타격,안타,안타,김주형 : 중견수 왼쪽 1루타; 1루주자 채종범 :   2루까지 진루; 2루주자 장성호 :  홈인;,2,0,2,15,초,3,3,0,1,우,우,채종범,장성호,,권오원,현재윤,채태인,김재걸,박석민,김우석,김창희,박한이,최형우,70833.0,96610.0,,72454,72427,77463,95409,74465,72108,97644,71432,72443,,,,,,,,,,,,,,,,,,20080706,SS,HT,삼성,KIA,시민,오훈규,117,3,-1,20080706HTSS0
,권오원,김선빈,72454,78603,,,,,1루주자 김주형 : 대주자 김형철(으)로 교체;,0,0,2,15,초,4,3,0,0,우,우,김주형,채종범,,권오원,현재윤,채태인,김재걸,박석민,김우석,김창희,박한이,최형우,74605.0,70833.0,,72454,72427,77463,95409,74465,72108,97644,71432,72443,,,,,,,,,,,,,,,,,,20080706,SS,HT,삼성,KIA,시민,오훈규,118,,,20080706HTSS0
,권오원,김선빈,72454,78603,0,스트라이크,,,,0,0,2,15,초,4,3,0,0,우,우,김형철,채종범,,권오원,현재윤,채태인,김재걸,박석민,김우석,김창희,박한이,최형우,73827.0,70833.0,,72454,72427,77463,95409,74465,72108,97644,71432,72443,,,,,,,,,,,,,,,,,,20080706,SS,HT,삼성,KIA,시민,오훈규,118,1,-1,20080706HTSS0
,권오원,김선빈,72454,78603,0,타격,포스 아웃,땅볼 아웃,김선빈 : 유격수 앞 땅볼로 출루; 1루주자 김형철 :  포스아웃 (유격수 2루 터치아웃);,0,1,2,15,초,4,3,1,0,우,우,김형철,채종범,,권오원,현재윤,채태인,김재걸,박석민,김우석,김창희,박한이,최형우,73827.0,70833.0,,72454,72427,77463,95409,74465,72108,97644,71432,72443,,,,,,,,,,,,,,,,,,20080706,SS,HT,삼성,KIA,시민,오훈규,118,2,-1,20080706HTSS0
,유동훈,박석민,99639,74465,,,,,대주자 이종범 : 지명타자(으)로 수비위치 변경; 대주자 김형철 : 3루수(으)로 수비위치 변경;,0,0,0,15,말,4,3,0,0,우,우,,,,유동훈,이성우,장성호,김종국,이현곤,김선빈,김원섭,이용규,채종범,,,,99639,71184,96610,96616,72606,78603,71207,74163,70833,,,,,,,,,,,,,,,,,,20080706,SS,HT,삼성,KIA,시민,오훈규,119,,,20080706HTSS0
,유동훈,박석민,99639,74465,0,볼,몸에 맞는 볼,몸에 맞는 볼,박석민 : 몸에 맞은 볼;,0,0,0,15,말,4,3,0,0,우,우,,,,유동훈,이성우,장성호,김종국,김형철,김선빈,김원섭,이용규,채종범,,,,99639,71184,96610,96616,73827,78603,71207,74163,70833,,,,,,,,,,,,,,,,,,20080706,SS,HT,삼성,KIA,시민,오훈규,119,1,-1,20080706HTSS0
,유동훈,최형우,99639,72443,0,스트라이크,,,,0,0,0,15,말,4,3,0,0,좌,우,박석민,,,유동훈,이성우,장성호,김종국,김형철,김선빈,김원섭,이용규,채종범,74465.0,,,99639,71184,96610,96616,73827,78603,71207,74163,70833,,,,,,,,,,,,,,,,,,20080706,SS,HT,삼성,KIA,시민,오훈규,120,1,-1,20080706HTSS0
,유동훈,최형우,99639,72443,0,타격,내야안타,내야안타,최형우 : 2루수 앞 내야안타; 1루주자 박석민 :  타구맞음 아웃;,0,1,0,15,말,4,3,1,0,좌,우,박석민,,,유동훈,이성우,장성호,김종국,김형철,김선빈,김원섭,이용규,채종범,74465.0,,,99639,71184,96610,96616,73827,78603,71207,74163,70833,,,,,,,,,,,,,,,,,,20080706,SS,HT,삼성,KIA,시민,오훈규,120,2,-1,20080706HTSS0
,유동훈,김창희,99639,97644,0,스트라이크,,,,0,0,1,15,말,4,3,0,0,우,우,최형우,,,유동훈,이성우,장성호,김종국,김형철,김선빈,김원섭,이용규,채종범,72443.0,,,99639,71184,96610,96616,73827,78603,71207,74163,70833,,,,,,,,,,,,,,,,,,20080706,SS,HT,삼성,KIA,시민,오훈규,121,1,-1,20080706HTSS0
,유동훈,김창희,99639,97644,0,파울,,,,0,1,1,15,말,4,3,0,0,우,우,최형우,,,유동훈,이성우,장성호,김종국,김형철,김선빈,김원섭,이용규,채종범,72443.0,,,99639,71184,96610,96616,73827,78603,71207,74163,70833,,,,,,,,,,,,,,,,,,20080706,SS,HT,삼성,KIA,시민,오훈규,121,2,-1,20080706HTSS0
,유동훈,김창희,99639,97644,0,볼,,,,0,2,1,15,말,4,3,0,0,우,우,최형우,,,유동훈,이성우,장성호,김종국,김형철,김선빈,김원섭,이용규,채종범,72443.0,,,99639,71184,96610,96616,73827,78603,71207,74163,70833,,,,,,,,,,,,,,,,,,20080706,SS,HT,삼성,KIA,시민,오훈규,121,3,-1,20080706HTSS0
,유동훈,김창희,99639,97644,0,볼,,,,1,2,1,15,말,4,3,0,0,우,우,최형우,,,유동훈,이성우,장성호,김종국,김형철,김선빈,김원섭,이용규,채종범,72443.0,,,99639,71184,96610,96616,73827,78603,71207,74163,70833,,,,,,,,,,,,,,,,,,20080706,SS,HT,삼성,KIA,시민,오훈규,121,4,-1,20080706HTSS0
,유동훈,김창희,99639,97644,0,타격,필드 아웃,라인드라이브 아웃,김창희 : 1루수 라인드라이브 아웃; 1루주자 최형우 :  아웃 (1루수 1루 터치아웃);,2,2,1,15,말,4,3,2,0,우,우,최형우,,,유동훈,이성우,장성호,김종국,김형철,김선빈,김원섭,이용규,채종범,72443.0,,,99639,71184,96610,96616,73827,78603,71207,74163,70833,,,,,,,,,,,,,,,,,,20080706,SS,HT,삼성,KIA,시민,오훈규,121,5,-1,20080706HTSS0
