pitch_type,pitcher,batter,pitcher_ID,batter_ID,speed,pitch_result,pa_result,pa_result_detail,description,balls,strikes,outs,inning,inning_topbot,score_away,score_home,outs_on_play,runs_scored,stands,throws,on_1b,on_2b,on_3b,pos_1,pos_2,pos_3,pos_4,pos_5,pos_6,pos_7,pos_8,pos_9,on_1b_id,on_2b_id,on_3b_id,pos_1_id,pos_2_id,pos_3_id,pos_4_id,pos_5_id,pos_6_id,pos_7_id,pos_8_id,pos_9_id,px,pz,pfx_x,pfx_z,pfx_x_raw,pfx_z_raw,x0,z0,sz_top,sz_bot,y0,vx0,vy0,vz0,ax,ay,az,game_date,home,away,home_alias,away_alias,stadium,referee,pa_number,pitch_number,pitchID,gameID
직구,김성현,이대형,78353,73153,135,타격,포스 아웃,땅볼 아웃,이대형 : 투수 땅볼 아웃 (투수->1루수 송구아웃);,0,0,0,1,초,0,0,1,0,좌,,,,,김성현,강귀태,이숭용,김민성,김민우,강정호,알드리지,유한준,오윤,,,,78353,72312,94310,77564,72303,76325,61332,74339,70312,,,,,,,,,,,,,,,,,,20110514,WO,LG,키움,LG,목동,박기택,1,1,-1,20110514LGWO0
직구,김성현,박경수,78353,73113,137,볼,,,,0,0,1,1,초,0,0,0,0,우,,,,,김성현,강귀태,이숭용,김민성,김민우,강정호,알드리지,유한준,오윤,,,,78353,72312,94310,77564,72303,76325,61332,74339,70312,,,,,,,,,,,,,,,,,,20110514,WO,LG,키움,LG,목동,박기택,2,1,-1,20110514LGWO0
직구,김성현,박경수,78353,73113,141,스트라이크,,,,1,0,1,1,초,0,0,0,0,우,,,,,김성현,강귀태,이숭용,김민성,김민우,강정호,알드리지,유한준,오윤,,,,78353,72312,94310,77564,72303,76325,61332,74339,70312,,,,,,,,,,,,,,,,,,20110514,WO,LG,키움,LG,목동,박기택,2,2,-1,20110514LGWO0
포크,김성현,박경수,78353,73113,132,헛스윙,,,,1,1,1,1,초,0,0,0,0,우,,,,,김성현,강귀태,이숭용,김민성,김민우,강정호,알드리지,유한준,오윤,,,,78353,72312,94310,77564,72303,76325,61332,74339,70312,,,,,,,,,,,,,,,,,,20110514,WO,LG,키움,LG,목동,박기택,2,3,-1,20110514LGWO0
직구,김성현,박경수,78353,73113,143,볼,,,,1,2,1,1,초,0,0,0,0,우,,,,,김성현,강귀태,이숭용,김민성,김민우,강정호,알드리지,유한준,오윤,,,,78353,72312,94310,77564,72303,76325,61332,74339,70312,,,,,,,,,,,,,,,,,,20110514,WO,LG,키움,LG,목동,박기택,2,4,-1,20110514LGWO0
포크,김성현,박경수,78353,73113,134,볼,,,,2,2,1,1,초,0,0,0,0,우,,,,,김성현,강귀태,이숭용,김민성,김민우,강정호,알드리지,유한준,오윤,,,,78353,72312,94310,77564,72303,76325,61332,74339,70312,,,,,,,,,,,,,,,,,,20110514,WO,LG,키움,LG,목동,박기택,2,5,-1,20110514LGWO0
직구,김성현,박경수,78353,73113,140,타격,필드 아웃,플라이 아웃,박경수 : 중견수 플라이 아웃;,3,2,1,1,초,0,0,1,0,우,,,,,김성현,강귀태,이숭용,김민성,김민우,강정호,알드리지,유한준,오윤,,,,78353,72312,94310,77564,72303,76325,61332,74339,70312,,,,,,,,,,,,,,,,,,20110514,WO,LG,키움,LG,목동,박기택,2,6,-1,20110514LGWO0
포크,김성현,이병규,78353,97109,127,볼,,,,0,0,2,1,초,0,0,0,0,좌,,,,,김성현,강귀태,이숭용,김민성,김민우,강정호,알드리지,유한준,오윤,,,,78353,72312,94310,77564,72303,76325,61332,74339,70312,,,,,,,,,,,,,,,,,,20110514,WO,LG,키움,LG,목동,박기택,3,1,-1,20110514LGWO0
포크,김성현,이병규,78353,97109,133,헛스윙,,,,1,0,2,1,초,0,0,0,0,좌,,,,,김성현,강귀태,이숭용,김민성,김민우,강정호,알드리지,유한준,오윤,,,,78353,72312,94310,77564,72303,76325,61332,74339,70312,,,,,,,,,,,,,,,,,,20110514,WO,LG,키움,LG,목동,박기택,3,2,-1,20110514LGWO0
커브,김성현,이병규,78353,97109,120,볼,,,,1,1,2,1,초,0,0,0,0,좌,,,,,김성현,강귀태,이숭용,김민성,김민우,강정호,알드리지,유한준,오윤,,,,78353,72312,94310,77564,72303,76325,61332,74339,70312,,,,,,,,,,,,,,,,,,20110514,WO,LG,키움,LG,목동,박기택,3,3,-1,20110514LGWO0
직구,김성현,이병규,78353,97109,137,타격,필드 아웃,플라이 아웃,이병규 : 우익수 플라이 아웃;,2,1,2,1,초,0,0,1,0,좌,,,,,김성현,강귀태,이숭용,김민성,김민우,강정호,알드리지,유한준,오윤,,,,78353,72312,94310,77564,72303,76325,61332,74339,70312,,,,,,,,,,,,,,,,,,20110514,WO,LG,키움,LG,목동,박기택,3,4,-1,20110514LGWO0
직구,김광삼,김민우,99152,72303,136,볼,,,,0,0,0,1,말,0,0,0,0,우,,,,,김광삼,조인성,이택근,서동욱,정성훈,박경수,정의윤,이대형,이병규,,,,99152,98144,73342,73606,99606,73113,75151,73153,97109,,,,,,,,,,,,,,,,,,20110514,WO,LG,키움,LG,목동,박기택,4,1,-1,20110514LGWO0
직구,김광삼,김민우,99152,72303,141,볼,,,,1,0,0,1,말,0,0,0,0,우,,,,,김광삼,조인성,이택근,서동욱,정성훈,박경수,정의윤,이대형,이병규,,,,99152,98144,73342,73606,99606,73113,75151,73153,97109,,,,,,,,,,,,,,,,,,20110514,WO,LG,키움,LG,목동,박기택,4,2,-1,20110514LGWO0
직구,김광삼,김민우,99152,72303,138,볼,,,,2,0,0,1,말,0,0,0,0,우,,,,,김광삼,조인성,이택근,서동욱,정성훈,박경수,정의윤,이대형,이병규,,,,99152,98144,73342,73606,99606,73113,75151,73153,97109,,,,,,,,,,,,,,,,,,20110514,WO,LG,키움,LG,목동,박기택,4,3,-1,20110514LGWO0
직구,김광삼,김민우,99152,72303,142,볼,볼넷,볼넷,김민우 :  볼넷;,3,0,0,1,말,0,0,0,0,우,,,,,김광삼,조인성,이택근,서동욱,정성훈,박경수,정의윤,이대형,이병규,,,,99152,98144,73342,73606,99606,73113,75151,73153,97109,,,,,,,,,,,,,,,,,,20110514,WO,LG,키움,LG,목동,박기택,4,4,-1,20110514LGWO0
직구,김광삼,강병식,99152,72325,140,스트라이크,,,,0,0,0,1,말,0,0,0,0,좌,,김민우,,,김광삼,조인성,이택근,서동욱,정성훈,박경수,정의윤,이대형,이병규,72303.0,,,99152,98144,73342,73606,99606,73113,75151,73153,97109,,,,,,,,,,,,,,,,,,20110514,WO,LG,키움,LG,목동,박기택,5,1,-1,20110514LGWO0
직구,김광삼,강병식,99152,72325,142,헛스윙,,,,0,1,0,1,말,0,0,0,0,좌,,김민우,,,김광삼,조인성,이택근,서동욱,정성훈,박경수,정의윤,이대형,이병규,72303.0,,,99152,98144,73342,73606,99606,73113,75151,73153,97109,,,,,,,,,,,,,,,,,,20110514,WO,LG,키움,LG,목동,박기택,5,2,-1,20110514LGWO0
포크,김광삼,강병식,99152,72325,130,파울,,,,0,2,0,1,말,0,0,0,0,좌,,김민우,,,김광삼,조인성,이택근,서동욱,정성훈,박경수,정의윤,이대형,이병규,72303.0,,,99152,98144,73342,73606,99606,73113,75151,73153,97109,,,,,,,,,,,,,,,,,,20110514,WO,LG,키움,LG,목동,박기택,5,3,-1,20110514LGWO0
직구,김광삼,강병식,99152,72325,140,타격,포스 아웃,땅볼 아웃,강병식 : 3루수 땅볼 아웃 (3루수->1루수 송구아웃); 1루주자 김민우 : 2루까지 진루;,0,2,0,1,말,0,0,1,0,좌,,김민우,,,김광삼,조인성,이택근,서동욱,정성훈,박경수,정의윤,이대형,이병규,72303.0,,,99152,98144,73342,73606,99606,73113,75151,73153,97109,,,,,,,,,,,,,,,,,,20110514,WO,LG,키움,LG,목동,박기택,5,4,-1,20110514LGWO0
직구,김광삼,유한준,99152,74339,139,스트라이크,,,,0,0,1,1,말,0,0,0,0,우,,,김민우,,김광삼,조인성,이택근,서동욱,정성훈,박경수,정의윤,이대형,이병규,,72303.0,,99152,98144,73342,73606,99606,73113,75151,73153,97109,,,,,,,,,,,,,,,,,,20110514,WO,LG,키움,LG,목동,박기택,6,1,-1,20110514LGWO0
,김광삼,유한준,99152,74339,,,,,2루주자 김민우 :  도루로 3루까지 진루;,0,1,1,1,말,0,0,0,0,우,,,김민우,,김광삼,조인성,이택근,서동욱,정성훈,박경수,정의윤,이대형,이병규,,72303.0,,99152,98144,73342,73606,99606,73113,75151,73153,97109,,,,,,,,,,,,,,,,,,20110514,WO,LG,키움,LG,목동,박기택,6,,,20110514LGWO0
직구,김광삼,유한준,99152,74339,140,볼,,,,0,1,1,1,말,0,0,0,0,우,,,,김민우,김광삼,조인성,이택근,서동욱,정성훈,박경수,정의윤,이대형,이병규,,,72303.0,99152,98144,73342,73606,99606,73113,75151,73153,97109,,,,,,,,,,,,,,,,,,20110514,WO,LG,키움,LG,목동,박기택,6,2,-1,20110514LGWO0
직구,김광삼,유한준,99152,74339,136,스트라이크,,,,1,1,1,1,말,0,0,0,0,우,,,,김민우,김광삼,조인성,이택근,서동욱,정성훈,박경수,정의윤,이대형,이병규,,,72303.0,99152,98144,73342,73606,99606,73113,75151,73153,97109,,,,,,,,,,,,,,,,,,20110514,WO,LG,키움,LG,목동,박기택,6,3,-1,20110514LGWO0
직구,김광삼,유한준,99152,74339,140,볼,,,,1,2,1,1,말,0,0,0,0,우,,,,김민우,김광삼,조인성,이택근,서동욱,정성훈,박경수,정의윤,이대형,이병규,,,72303.0,99152,98144,73342,73606,99606,73113,75151,73153,97109,,,,,,,,,,,,,,,,,,20110514,WO,LG,키움,LG,목동,박기택,6,4,-1,20110514LGWO0
포크,김광삼,유한준,99152,74339,134,헛스윙,삼진,낫아웃 삼진,유한준 : 포수 스트라이크 낫 아웃;,2,2,1,1,말,0,0,0,0,우,,,,김민우,김광삼,조인성,이택근,서동욱,정성훈,박경수,정의윤,이대형,이병규,,,72303.0,99152,98144,73342,73606,99606,73113,75151,73153,97109,,,,,,,,,,,,,,,,,,20110514,WO,LG,키움,LG,목동,박기택,6,5,-1,20110514LGWO0
커브,김광삼,강정호,99152,76325,118,스트라이크,,,,0,0,2,1,말,0,0,0,0,우,,,,김민우,김광삼,조인성,이택근,서동욱,정성훈,박경수,정의윤,이대형,이병규,,,72303.0,99152,98144,73342,73606,99606,73113,75151,73153,97109,,,,,,,,,,,,,,,,,,20110514,WO,LG,키움,LG,목동,박기택,7,1,-1,20110514LGWO0
포크,김광삼,강정호,99152,76325,136,파울,,,,0,1,2,1,말,0,0,0,0,우,,,,김민우,김광삼,조인성,이택근,서동욱,정성훈,박경수,정의윤,이대형,이병규,,,72303.0,99152,98144,73342,73606,99606,73113,75151,73153,97109,,,,,,,,,,,,,,,,,,20110514,WO,LG,키움,LG,목동,박기택,7,2,-1,20110514LGWO0
포크,김광삼,강정호,99152,76325,133,볼,,,,0,2,2,1,말,0,0,0,0,우,,,,김민우,김광삼,조인성,이택근,서동욱,정성훈,박경수,정의윤,이대형,이병규,,,72303.0,99152,98144,73342,73606,99606,73113,75151,73153,97109,,,,,,,,,,,,,,,,,,20110514,WO,LG,키움,LG,목동,박기택,7,3,-1,20110514LGWO0
포크,김광삼,강정호,99152,76325,133,타격,포스 아웃,땅볼 아웃,강정호 : 유격수 땅볼 아웃 (유격수->1루수 송구아웃);,1,2,2,1,말,0,0,1,0,우,,,,김민우,김광삼,조인성,이택근,서동욱,정성훈,박경수,정의윤,이대형,이병규,,,72303.0,99152,98144,73342,73606,99606,73113,75151,73153,97109,,,,,,,,,,,,,,,,,,20110514,WO,LG,키움,LG,목동,박기택,7,4,-1,20110514LGWO0
직구,김성현,박용택,78353,72133,140,스트라이크,,,,0,0,0,2,초,0,0,0,0,좌,,,,,김성현,강귀태,이숭용,김민성,김민우,강정호,알드리지,유한준,오윤,,,,78353,72312,94310,77564,72303,76325,61332,74339,70312,,,,,,,,,,,,,,,,,,20110514,WO,LG,키움,LG,목동,박기택,8,1,-1,20110514LGWO0
포크,김성현,박용택,78353,72133,135,볼,,,,0,1,0,2,초,0,0,0,0,좌,,,,,김성현,강귀태,이숭용,김민성,김민우,강정호,알드리지,유한준,오윤,,,,78353,72312,94310,77564,72303,76325,61332,74339,70312,,,,,,,,,,,,,,,,,,20110514,WO,LG,키움,LG,목동,박기택,8,2,-1,20110514LGWO0
직구,김성현,박용택,78353,72133,140,볼,,,,1,1,0,2,초,0,0,0,0,좌,,,,,김성현,강귀태,이숭용,김민성,김민우,강정호,알드리지,유한준,오윤,,,,78353,72312,94310,77564,72303,76325,61332,74339,70312,,,,,,,,,,,,,,,,,,20110514,WO,LG,키움,LG,목동,박기택,8,3,-1,20110514LGWO0
직구,김성현,박용택,78353,72133,140,볼,,,,2,1,0,2,초,0,0,0,0,좌,,,,,김성현,강귀태,이숭용,김민성,김민우,강정호,알드리지,유한준,오윤,,,,78353,72312,94310,77564,72303,76325,61332,74339,70312,,,,,,,,,,,,,,,,,,20110514,WO,LG,키움,LG,목동,박기택,8,4,-1,20110514LGWO0
직구,김성현,박용택,78353,72133,139,타격,안타,안타,박용택 : 우익수 오른쪽 1루타;,3,1,0,2,초,0,0,0,0,좌,,,,,김성현,강귀태,이숭용,김민성,김민우,강정호,알드리지,유한준,오윤,,,,78353,72312,94310,77564,72303,76325,61332,74339,70312,,,,,,,,,,,,,,,,,,20110514,WO,LG,키움,LG,목동,박기택,8,5,-1,20110514LGWO0
포크,김성현,조인성,78353,98144,126,헛스윙,,,,0,0,0,2,초,0,0,0,0,우,,박용택,,,김성현,강귀태,이숭용,김민성,김민우,강정호,알드리지,유한준,오윤,72133.0,,,78353,72312,94310,77564,72303,76325,61332,74339,70312,,,,,,,,,,,,,,,,,,20110514,WO,LG,키움,LG,목동,박기택,9,1,-1,20110514LGWO0
직구,김성현,조인성,78353,98144,133,볼,,,,0,1,0,2,초,0,0,0,0,우,,박용택,,,김성현,강귀태,이숭용,김민성,김민우,강정호,알드리지,유한준,오윤,72133.0,,,78353,72312,94310,77564,72303,76325,61332,74339,70312,,,,,,,,,,,,,,,,,,20110514,WO,LG,키움,LG,목동,박기택,9,2,-1,20110514LGWO0
포크,김성현,조인성,78353,98144,130,볼,,,,1,1,0,2,초,0,0,0,0,우,,박용택,,,김성현,강귀태,이숭용,김민성,김민우,강정호,알드리지,유한준,오윤,72133.0,,,78353,72312,94310,77564,72303,76325,61332,74339,70312,,,,,,,,,,,,,,,,,,20110514,WO,LG,키움,LG,목동,박기택,9,3,-1,20110514LGWO0
슬라이더,김성현,조인성,78353,98144,126,스트라이크,,,,2,1,0,2,초,0,0,0,0,우,,박용택,,,김성현,강귀태,이숭용,김민성,김민우,강정호,알드리지,유한준,오윤,72133.0,,,78353,72312,94310,77564,72303,76325,61332,74339,70312,,,,,,,,,,,,,,,,,,20110514,WO,LG,키움,LG,목동,박기택,9,4,-1,20110514LGWO0
직구,김성현,조인성,78353,98144,143,스트라이크,삼진,삼진,조인성 :  삼진 아웃;,2,2,0,2,초,0,0,0,0,우,,박용택,,,김성현,강귀태,이숭용,김민성,김민우,강정호,알드리지,유한준,오윤,72133.0,,,78353,72312,94310,77564,72303,76325,61332,74339,70312,,,,,,,,,,,,,,,,,,20110514,WO,LG,키움,LG,목동,박기택,9,5,-1,20110514LGWO0
직구,김성현,이택근,78353,73342,136,헛스윙,,,,0,0,1,2,초,0,0,0,0,우,,박용택,,,김성현,강귀태,이숭용,김민성,김민우,강정호,알드리지,유한준,오윤,72133.0,,,78353,72312,94310,77564,72303,76325,61332,74339,70312,,,,,,,,,,,,,,,,,,20110514,WO,LG,키움,LG,목동,박기택,10,1,-1,20110514LGWO0
직구,김성현,이택근,78353,73342,134,볼,,,,0,1,1,2,초,0,0,0,0,우,,박용택,,,김성현,강귀태,이숭용,김민성,김민우,강정호,알드리지,유한준,오윤,72133.0,,,78353,72312,94310,77564,72303,76325,61332,74339,70312,,,,,,,,,,,,,,,,,,20110514,WO,LG,키움,LG,목동,박기택,10,2,-1,20110514LGWO0
포크,김성현,이택근,78353,73342,130,볼,,,,1,1,1,2,초,0,0,0,0,우,,박용택,,,김성현,강귀태,이숭용,김민성,김민우,강정호,알드리지,유한준,오윤,72133.0,,,78353,72312,94310,77564,72303,76325,61332,74339,70312,,,,,,,,,,,,,,,,,,20110514,WO,LG,키움,LG,목동,박기택,10,3,-1,20110514LGWO0
슬라이더,김성현,이택근,78353,73342,125,볼,,,,2,1,1,2,초,0,0,0,0,우,,박용택,,,김성현,강귀태,이숭용,김민성,김민우,강정호,알드리지,유한준,오윤,72133.0,,,78353,72312,94310,77564,72303,76325,61332,74339,70312,,,,,,,,,,,,,,,,,,20110514,WO,LG,키움,LG,목동,박기택,10,4,-1,20110514LGWO0
직구,김성현,이택근,78353,73342,134,볼,볼넷,볼넷,이택근 :  볼넷; 1루주자 박용택 : 2루까지 진루;,3,1,1,2,초,0,0,0,0,우,,박용택,,,김성현,강귀태,이숭용,김민성,김민우,강정호,알드리지,유한준,오윤,72133.0,,,78353,72312,94310,77564,72303,76325,61332,74339,70312,,,,,,,,,,,,,,,,,,20110514,WO,LG,키움,LG,목동,박기택,10,5,-1,20110514LGWO0
직구,김성현,정성훈,78353,99606,133,스트라이크,,,,0,0,1,2,초,0,0,0,0,우,,이택근,박용택,,김성현,강귀태,이숭용,김민성,김민우,강정호,알드리지,유한준,오윤,73342.0,72133.0,,78353,72312,94310,77564,72303,76325,61332,74339,70312,,,,,,,,,,,,,,,,,,20110514,WO,LG,키움,LG,목동,박기택,11,1,-1,20110514LGWO0
슬라이더,김성현,정성훈,78353,99606,123,볼,,,,0,1,1,2,초,0,0,0,0,우,,이택근,박용택,,김성현,강귀태,이숭용,김민성,김민우,강정호,알드리지,유한준,오윤,73342.0,72133.0,,78353,72312,94310,77564,72303,76325,61332,74339,70312,,,,,,,,,,,,,,,,,,20110514,WO,LG,키움,LG,목동,박기택,11,2,-1,20110514LGWO0
,김성현,정성훈,78353,99606,,,,,1루주자 이택근 :  폭투로 2루까지 진루; 2루주자 박용택 :  폭투로 3루까지 진루;,1,1,1,2,초,0,0,0,0,우,,이택근,박용택,,김성현,강귀태,이숭용,김민성,김민우,강정호,알드리지,유한준,오윤,73342.0,72133.0,,78353,72312,94310,77564,72303,76325,61332,74339,70312,,,,,,,,,,,,,,,,,,20110514,WO,LG,키움,LG,목동,박기택,11,,,20110514LGWO0
직구,김성현,정성훈,78353,99606,137,볼,,,,1,1,1,2,초,0,0,0,0,우,,,이택근,박용택,김성현,강귀태,이숭용,김민성,김민우,강정호,알드리지,유한준,오윤,,73342.0,72133.0,78353,72312,94310,77564,72303,76325,61332,74339,70312,,,,,,,,,,,,,,,,,,20110514,WO,LG,키움,LG,목동,박기택,11,3,-1,20110514LGWO0
포크,김성현,정성훈,78353,99606,131,타격,안타,안타,정성훈 : 좌익수 앞 1루타; 2루주자 이택근 : 홈인; 3루주자 박용택 : 홈인;,2,1,1,2,초,0,0,0,2,우,,,이택근,박용택,김성현,강귀태,이숭용,김민성,김민우,강정호,알드리지,유한준,오윤,,73342.0,72133.0,78353,72312,94310,77564,72303,76325,61332,74339,70312,,,,,,,,,,,,,,,,,,20110514,WO,LG,키움,LG,목동,박기택,11,4,-1,20110514LGWO0
직구,김성현,정의윤,78353,75151,136,타격,안타,안타,정의윤 : 좌중간 1루타; 1루주자 정의윤 :  태그아웃 (좌익수->2루수->포수->2루수 태그아웃); 1루주자 정성훈 : 홈인;,0,0,1,2,초,2,0,1,1,우,,정성훈,,,김성현,강귀태,이숭용,김민성,김민우,강정호,알드리지,유한준,오윤,99606.0,,,78353,72312,94310,77564,72303,76325,61332,74339,70312,,,,,,,,,,,,,,,,,,20110514,WO,LG,키움,LG,목동,박기택,12,1,-1,20110514LGWO0
커브,김성현,서동욱,78353,73606,120,볼,,,,0,0,2,2,초,3,0,0,0,양,,,,,김성현,강귀태,이숭용,김민성,김민우,강정호,알드리지,유한준,오윤,,,,78353,72312,94310,77564,72303,76325,61332,74339,70312,,,,,,,,,,,,,,,,,,20110514,WO,LG,키움,LG,목동,박기택,13,1,-1,20110514LGWO0
직구,김성현,서동욱,78353,73606,138,타격,홈런,홈런,서동욱 : 우중간 홈런 (홈런거리:115M);,1,0,2,2,초,3,0,0,1,양,,,,,김성현,강귀태,이숭용,김민성,김민우,강정호,알드리지,유한준,오윤,,,,78353,72312,94310,77564,72303,76325,61332,74339,70312,,,,,,,,,,,,,,,,,,20110514,WO,LG,키움,LG,목동,박기택,13,2,-1,20110514LGWO0
직구,김성현,이대형,78353,73153,141,볼,,,,0,0,2,2,초,4,0,0,0,좌,,,,,김성현,강귀태,이숭용,김민성,김민우,강정호,알드리지,유한준,오윤,,,,78353,72312,94310,77564,72303,76325,61332,74339,70312,,,,,,,,,,,,,,,,,,20110514,WO,LG,키움,LG,목동,박기택,14,1,-1,20110514LGWO0
직구,김성현,이대형,78353,73153,135,타격,필드 아웃,라인드라이브 아웃,이대형 : 유격수 라인드라이브 아웃;,1,0,2,2,초,4,0,1,0,좌,,,,,김성현,강귀태,이숭용,김민성,김민우,강정호,알드리지,유한준,오윤,,,,78353,72312,94310,77564,72303,76325,61332,74339,70312,,,,,,,,,,,,,,,,,,20110514,WO,LG,키움,LG,목동,박기택,14,2,-1,20110514LGWO0
직구,김광삼,알드리지,99152,61332,140,스트라이크,,,,0,0,0,2,말,4,0,0,0,좌,,,,,김광삼,조인성,이택근,서동욱,정성훈,박경수,정의윤,이대형,이병규,,,,99152,98144,73342,73606,99606,73113,75151,73153,97109,,,,,,,,,,,,,,,,,,20110514,WO,LG,키움,LG,목동,박기택,15,1,-1,20110514LGWO0
직구,김광삼,알드리지,99152,61332,142,볼,,,,0,1,0,2,말,4,0,0,0,좌,,,,,김광삼,조인성,이택근,서동욱,정성훈,박경수,정의윤,이대형,이병규,,,,99152,98144,73342,73606,99606,73113,75151,73153,97109,,,,,,,,,,,,,,,,,,20110514,WO,LG,키움,LG,목동,박기택,15,2,-1,20110514LGWO0
포크,김광삼,알드리지,99152,61332,131,파울,,,,1,1,0,2,말,4,0,0,0,좌,,,,,김광삼,조인성,이택근,서동욱,정성훈,박경수,정의윤,이대형,이병규,,,,99152,98144,73342,73606,99606,73113,75151,73153,97109,,,,,,,,,,,,,,,,,,20110514,WO,LG,키움,LG,목동,박기택,15,3,-1,20110514LGWO0
포크,김광삼,알드리지,99152,61332,131,헛스윙,삼진,삼진,알드리지 :  삼진 아웃;,1,2,0,2,말,4,0,0,0,좌,,,,,김광삼,조인성,이택근,서동욱,정성훈,박경수,정의윤,이대형,이병규,,,,99152,98144,73342,73606,99606,73113,75151,73153,97109,,,,,,,,,,,,,,,,,,20110514,WO,LG,키움,LG,목동,박기택,15,4,-1,20110514LGWO0
직구,김광삼,오윤,99152,70312,140,볼,,,,0,0,1,2,말,4,0,0,0,우,,,,,김광삼,조인성,이택근,서동욱,정성훈,박경수,정의윤,이대형,이병규,,,,99152,98144,73342,73606,99606,73113,75151,73153,97109,,,,,,,,,,,,,,,,,,20110514,WO,LG,키움,LG,목동,박기택,16,1,-1,20110514LGWO0
직구,김광삼,오윤,99152,70312,141,스트라이크,,,,1,0,1,2,말,4,0,0,0,우,,,,,김광삼,조인성,이택근,서동욱,정성훈,박경수,정의윤,이대형,이병규,,,,99152,98144,73342,73606,99606,73113,75151,73153,97109,,,,,,,,,,,,,,,,,,20110514,WO,LG,키움,LG,목동,박기택,16,2,-1,20110514LGWO0
직구,김광삼,오윤,99152,70312,140,볼,,,,1,1,1,2,말,4,0,0,0,우,,,,,김광삼,조인성,이택근,서동욱,정성훈,박경수,정의윤,이대형,이병규,,,,99152,98144,73342,73606,99606,73113,75151,73153,97109,,,,,,,,,,,,,,,,,,20110514,WO,LG,키움,LG,목동,박기택,16,3,-1,20110514LGWO0
포크,김광삼,오윤,99152,70312,132,볼,,,,2,1,1,2,말,4,0,0,0,우,,,,,김광삼,조인성,이택근,서동욱,정성훈,박경수,정의윤,이대형,이병규,,,,99152,98144,73342,73606,99606,73113,75151,73153,97109,,,,,,,,,,,,,,,,,,20110514,WO,LG,키움,LG,목동,박기택,16,4,-1,20110514LGWO0
직구,김광삼,오윤,99152,70312,139,볼,볼넷,볼넷,오윤 :  볼넷;,3,1,1,2,말,4,0,0,0,우,,,,,김광삼,조인성,이택근,서동욱,정성훈,박경수,정의윤,이대형,이병규,,,,99152,98144,73342,73606,99606,73113,75151,73153,97109,,,,,,,,,,,,,,,,,,20110514,WO,LG,키움,LG,목동,박기택,16,5,-1,20110514LGWO0
직구,김광삼,이숭용,99152,94310,143,타격,안타,안타,이숭용 : 중견수 왼쪽 1루타; 1루주자 오윤 : 2루까지 진루;,0,0,1,2,말,4,0,0,0,좌,,오윤,,,김광삼,조인성,이택근,서동욱,정성훈,박경수,정의윤,이대형,이병규,70312.0,,,99152,98144,73342,73606,99606,73113,75151,73153,97109,,,,,,,,,,,,,,,,,,20110514,WO,LG,키움,LG,목동,박기택,17,1,-1,20110514LGWO0
직구,김광삼,강귀태,99152,72312,141,스트라이크,,,,0,0,1,2,말,4,0,0,0,우,,이숭용,오윤,,김광삼,조인성,이택근,서동욱,정성훈,박경수,정의윤,이대형,이병규,94310.0,70312.0,,99152,98144,73342,73606,99606,73113,75151,73153,97109,,,,,,,,,,,,,,,,,,20110514,WO,LG,키움,LG,목동,박기택,18,1,-1,20110514LGWO0
직구,김광삼,강귀태,99152,72312,144,타격,병살타,병살타,강귀태 : 1루수 병살타 아웃 (1루수->유격수->투수 송구아웃); 1루주자 이숭용 :  포스아웃 (1루수->유격수 2루 터치아웃);,0,1,1,2,말,4,0,2,0,우,,이숭용,오윤,,김광삼,조인성,이택근,서동욱,정성훈,박경수,정의윤,이대형,이병규,94310.0,70312.0,,99152,98144,73342,73606,99606,73113,75151,73153,97109,,,,,,,,,,,,,,,,,,20110514,WO,LG,키움,LG,목동,박기택,18,2,-1,20110514LGWO0
직구,김성현,박경수,78353,73113,136,파울,,,,0,0,0,3,초,4,0,0,0,우,,,,,김성현,강귀태,이숭용,김민성,김민우,강정호,알드리지,유한준,오윤,,,,78353,72312,94310,77564,72303,76325,61332,74339,70312,,,,,,,,,,,,,,,,,,20110514,WO,LG,키움,LG,목동,박기택,19,1,-1,20110514LGWO0
포크,김성현,박경수,78353,73113,132,헛스윙,,,,0,1,0,3,초,4,0,0,0,우,,,,,김성현,강귀태,이숭용,김민성,김민우,강정호,알드리지,유한준,오윤,,,,78353,72312,94310,77564,72303,76325,61332,74339,70312,,,,,,,,,,,,,,,,,,20110514,WO,LG,키움,LG,목동,박기택,19,2,-1,20110514LGWO0
포크,김성현,박경수,78353,73113,125,헛스윙,삼진,삼진,박경수 :  삼진 아웃;,0,2,0,3,초,4,0,0,0,우,,,,,김성현,강귀태,이숭용,김민성,김민우,강정호,알드리지,유한준,오윤,,,,78353,72312,94310,77564,72303,76325,61332,74339,70312,,,,,,,,,,,,,,,,,,20110514,WO,LG,키움,LG,목동,박기택,19,3,-1,20110514LGWO0
직구,김성현,이병규,78353,97109,140,스트라이크,,,,0,0,1,3,초,4,0,0,0,좌,,,,,김성현,강귀태,이숭용,김민성,김민우,강정호,알드리지,유한준,오윤,,,,78353,72312,94310,77564,72303,76325,61332,74339,70312,,,,,,,,,,,,,,,,,,20110514,WO,LG,키움,LG,목동,박기택,20,1,-1,20110514LGWO0
포크,김성현,이병규,78353,97109,123,볼,,,,0,1,1,3,초,4,0,0,0,좌,,,,,김성현,강귀태,이숭용,김민성,김민우,강정호,알드리지,유한준,오윤,,,,78353,72312,94310,77564,72303,76325,61332,74339,70312,,,,,,,,,,,,,,,,,,20110514,WO,LG,키움,LG,목동,박기택,20,2,-1,20110514LGWO0
포크,김성현,이병규,78353,97109,123,파울,,,,1,1,1,3,초,4,0,0,0,좌,,,,,김성현,강귀태,이숭용,김민성,김민우,강정호,알드리지,유한준,오윤,,,,78353,72312,94310,77564,72303,76325,61332,74339,70312,,,,,,,,,,,,,,,,,,20110514,WO,LG,키움,LG,목동,박기택,20,3,-1,20110514LGWO0
포크,김성현,이병규,78353,97109,129,볼,,,,1,2,1,3,초,4,0,0,0,좌,,,,,김성현,강귀태,이숭용,김민성,김민우,강정호,알드리지,유한준,오윤,,,,78353,72312,94310,77564,72303,76325,61332,74339,70312,,,,,,,,,,,,,,,,,,20110514,WO,LG,키움,LG,목동,박기택,20,4,-1,20110514LGWO0
포크,김성현,이병규,78353,97109,132,볼,,,,2,2,1,3,초,4,0,0,0,좌,,,,,김성현,강귀태,이숭용,김민성,김민우,강정호,알드리지,유한준,오윤,,,,78353,72312,94310,77564,72303,76325,61332,74339,70312,,,,,,,,,,,,,,,,,,20110514,WO,LG,키움,LG,목동,박기택,20,5,-1,20110514LGWO0
포크,김성현,이병규,78353,97109,128,파울,,,,3,2,1,3,초,4,0,0,0,좌,,,,,김성현,강귀태,이숭용,김민성,김민우,강정호,알드리지,유한준,오윤,,,,78353,72312,94310,77564,72303,76325,61332,74339,70312,,,,,,,,,,,,,,,,,,20110514,WO,LG,키움,LG,목동,박기택,20,6,-1,20110514LGWO0
커브,김성현,이병규,78353,97109,104,스트라이크,삼진,삼진,이병규 :  삼진 아웃;,3,2,1,3,초,4,0,0,0,좌,,,,,김성현,강귀태,이숭용,김민성,김민우,강정호,알드리지,유한준,오윤,,,,78353,72312,94310,77564,72303,76325,61332,74339,70312,,,,,,,,,,,,,,,,,,20110514,WO,LG,키움,LG,목동,박기택,20,7,-1,20110514LGWO0
체인지업,김성현,박용택,78353,72133,125,스트라이크,,,,0,0,2,3,초,4,0,0,0,좌,,,,,김성현,강귀태,이숭용,김민성,김민우,강정호,알드리지,유한준,오윤,,,,78353,72312,94310,77564,72303,76325,61332,74339,70312,,,,,,,,,,,,,,,,,,20110514,WO,LG,키움,LG,목동,박기택,21,1,-1,20110514LGWO0
직구,김성현,박용택,78353,72133,138,파울,,,,0,1,2,3,초,4,0,0,0,좌,,,,,김성현,강귀태,이숭용,김민성,김민우,강정호,알드리지,유한준,오윤,,,,78353,72312,94310,77564,72303,76325,61332,74339,70312,,,,,,,,,,,,,,,,,,20110514,WO,LG,키움,LG,목동,박기택,21,2,-1,20110514LGWO0
직구,김성현,박용택,78353,72133,140,볼,,,,0,2,2,3,초,4,0,0,0,좌,,,,,김성현,강귀태,이숭용,김민성,김민우,강정호,알드리지,유한준,오윤,,,,78353,72312,94310,77564,72303,76325,61332,74339,70312,,,,,,,,,,,,,,,,,,20110514,WO,LG,키움,LG,목동,박기택,21,3,-1,20110514LGWO0
포크,김성현,박용택,78353,72133,133,타격,필드 아웃,플라이 아웃,박용택 : 좌익수 플라이 아웃;,1,2,2,3,초,4,0,1,0,좌,,,,,김성현,강귀태,이숭용,김민성,김민우,강정호,알드리지,유한준,오윤,,,,78353,72312,94310,77564,72303,76325,61332,74339,70312,,,,,,,,,,,,,,,,,,20110514,WO,LG,키움,LG,목동,박기택,21,4,-1,20110514LGWO0
포크,김광삼,김민성,99152,77564,131,스트라이크,,,,0,0,0,3,말,4,0,0,0,우,,,,,김광삼,조인성,이택근,서동욱,정성훈,박경수,정의윤,이대형,이병규,,,,99152,98144,73342,73606,99606,73113,75151,73153,97109,,,,,,,,,,,,,,,,,,20110514,WO,LG,키움,LG,목동,박기택,22,1,-1,20110514LGWO0
커브,김광삼,김민성,99152,77564,116,스트라이크,,,,0,1,0,3,말,4,0,0,0,우,,,,,김광삼,조인성,이택근,서동욱,정성훈,박경수,정의윤,이대형,이병규,,,,99152,98144,73342,73606,99606,73113,75151,73153,97109,,,,,,,,,,,,,,,,,,20110514,WO,LG,키움,LG,목동,박기택,22,2,-1,20110514LGWO0
포크,김광삼,김민성,99152,77564,126,볼,,,,0,2,0,3,말,4,0,0,0,우,,,,,김광삼,조인성,이택근,서동욱,정성훈,박경수,정의윤,이대형,이병규,,,,99152,98144,73342,73606,99606,73113,75151,73153,97109,,,,,,,,,,,,,,,,,,20110514,WO,LG,키움,LG,목동,박기택,22,3,-1,20110514LGWO0
직구,김광삼,김민성,99152,77564,138,볼,,,,1,2,0,3,말,4,0,0,0,우,,,,,김광삼,조인성,이택근,서동욱,정성훈,박경수,정의윤,이대형,이병규,,,,99152,98144,73342,73606,99606,73113,75151,73153,97109,,,,,,,,,,,,,,,,,,20110514,WO,LG,키움,LG,목동,박기택,22,4,-1,20110514LGWO0
포크,김광삼,김민성,99152,77564,129,파울,,,,2,2,0,3,말,4,0,0,0,우,,,,,김광삼,조인성,이택근,서동욱,정성훈,박경수,정의윤,이대형,이병규,,,,99152,98144,73342,73606,99606,73113,75151,73153,97109,,,,,,,,,,,,,,,,,,20110514,WO,LG,키움,LG,목동,박기택,22,5,-1,20110514LGWO0
커브,김광삼,김민성,99152,77564,114,타격,필드 아웃,플라이 아웃,김민성 : 중견수 플라이 아웃;,2,2,0,3,말,4,0,1,0,우,,,,,김광삼,조인성,이택근,서동욱,정성훈,박경수,정의윤,이대형,이병규,,,,99152,98144,73342,73606,99606,73113,75151,73153,97109,,,,,,,,,,,,,,,,,,20110514,WO,LG,키움,LG,목동,박기택,22,6,-1,20110514LGWO0
포크,김광삼,김민우,99152,72303,129,볼,,,,0,0,1,3,말,4,0,0,0,우,,,,,김광삼,조인성,이택근,서동욱,정성훈,박경수,정의윤,이대형,이병규,,,,99152,98144,73342,73606,99606,73113,75151,73153,97109,,,,,,,,,,,,,,,,,,20110514,WO,LG,키움,LG,목동,박기택,23,1,-1,20110514LGWO0
포크,김광삼,김민우,99152,72303,128,스트라이크,,,,1,0,1,3,말,4,0,0,0,우,,,,,김광삼,조인성,이택근,서동욱,정성훈,박경수,정의윤,이대형,이병규,,,,99152,98144,73342,73606,99606,73113,75151,73153,97109,,,,,,,,,,,,,,,,,,20110514,WO,LG,키움,LG,목동,박기택,23,2,-1,20110514LGWO0
포크,김광삼,김민우,99152,72303,129,파울,,,,1,1,1,3,말,4,0,0,0,우,,,,,김광삼,조인성,이택근,서동욱,정성훈,박경수,정의윤,이대형,이병규,,,,99152,98144,73342,73606,99606,73113,75151,73153,97109,,,,,,,,,,,,,,,,,,20110514,WO,LG,키움,LG,목동,박기택,23,3,-1,20110514LGWO0
직구,김광삼,김민우,99152,72303,139,볼,,,,1,2,1,3,말,4,0,0,0,우,,,,,김광삼,조인성,이택근,서동욱,정성훈,박경수,정의윤,이대형,이병규,,,,99152,98144,73342,73606,99606,73113,75151,73153,97109,,,,,,,,,,,,,,,,,,20110514,WO,LG,키움,LG,목동,박기택,23,4,-1,20110514LGWO0
포크,김광삼,김민우,99152,72303,127,타격,필드 아웃,플라이 아웃,김민우 : 우익수 플라이 아웃;,2,2,1,3,말,4,0,1,0,우,,,,,김광삼,조인성,이택근,서동욱,정성훈,박경수,정의윤,이대형,이병규,,,,99152,98144,73342,73606,99606,73113,75151,73153,97109,,,,,,,,,,,,,,,,,,20110514,WO,LG,키움,LG,목동,박기택,23,5,-1,20110514LGWO0
포크,김광삼,강병식,99152,72325,127,볼,,,,0,0,2,3,말,4,0,0,0,좌,,,,,김광삼,조인성,이택근,서동욱,정성훈,박경수,정의윤,이대형,이병규,,,,99152,98144,73342,73606,99606,73113,75151,73153,97109,,,,,,,,,,,,,,,,,,20110514,WO,LG,키움,LG,목동,박기택,24,1,-1,20110514LGWO0
직구,김광삼,강병식,99152,72325,140,볼,,,,1,0,2,3,말,4,0,0,0,좌,,,,,김광삼,조인성,이택근,서동욱,정성훈,박경수,정의윤,이대형,이병규,,,,99152,98144,73342,73606,99606,73113,75151,73153,97109,,,,,,,,,,,,,,,,,,20110514,WO,LG,키움,LG,목동,박기택,24,2,-1,20110514LGWO0
포크,김광삼,강병식,99152,72325,133,타격,포스 아웃,땅볼 아웃,강병식 : 2루수 땅볼 아웃 (2루수->1루수 송구아웃);,2,0,2,3,말,4,0,1,0,좌,,,,,김광삼,조인성,이택근,서동욱,정성훈,박경수,정의윤,이대형,이병규,,,,99152,98144,73342,73606,99606,73113,75151,73153,97109,,,,,,,,,,,,,,,,,,20110514,WO,LG,키움,LG,목동,박기택,24,3,-1,20110514LGWO0
직구,김성현,조인성,78353,98144,137,볼,,,,0,0,0,4,초,4,0,0,0,우,,,,,김성현,강귀태,이숭용,김민성,김민우,강정호,알드리지,유한준,오윤,,,,78353,72312,94310,77564,72303,76325,61332,74339,70312,,,,,,,,,,,,,,,,,,20110514,WO,LG,키움,LG,목동,박기택,25,1,-1,20110514LGWO0
포크,김성현,조인성,78353,98144,131,파울,,,,1,0,0,4,초,4,0,0,0,우,,,,,김성현,강귀태,이숭용,김민성,김민우,강정호,알드리지,유한준,오윤,,,,78353,72312,94310,77564,72303,76325,61332,74339,70312,,,,,,,,,,,,,,,,,,20110514,WO,LG,키움,LG,목동,박기택,25,2,-1,20110514LGWO0
슬라이더,김성현,조인성,78353,98144,126,타격,필드 아웃,파울 플라이 아웃,조인성 : 1루수 파울플라이 아웃;,1,1,0,4,초,4,0,1,0,우,,,,,김성현,강귀태,이숭용,김민성,김민우,강정호,알드리지,유한준,오윤,,,,78353,72312,94310,77564,72303,76325,61332,74339,70312,,,,,,,,,,,,,,,,,,20110514,WO,LG,키움,LG,목동,박기택,25,3,-1,20110514LGWO0
직구,김성현,이택근,78353,73342,141,볼,,,,0,0,1,4,초,4,0,0,0,우,,,,,김성현,강귀태,이숭용,김민성,김민우,강정호,알드리지,유한준,오윤,,,,78353,72312,94310,77564,72303,76325,61332,74339,70312,,,,,,,,,,,,,,,,,,20110514,WO,LG,키움,LG,목동,박기택,26,1,-1,20110514LGWO0
포크,김성현,이택근,78353,73342,133,헛스윙,,,,1,0,1,4,초,4,0,0,0,우,,,,,김성현,강귀태,이숭용,김민성,김민우,강정호,알드리지,유한준,오윤,,,,78353,72312,94310,77564,72303,76325,61332,74339,70312,,,,,,,,,,,,,,,,,,20110514,WO,LG,키움,LG,목동,박기택,26,2,-1,20110514LGWO0
포크,김성현,이택근,78353,73342,129,파울,,,,1,1,1,4,초,4,0,0,0,우,,,,,김성현,강귀태,이숭용,김민성,김민우,강정호,알드리지,유한준,오윤,,,,78353,72312,94310,77564,72303,76325,61332,74339,70312,,,,,,,,,,,,,,,,,,20110514,WO,LG,키움,LG,목동,박기택,26,3,-1,20110514LGWO0
포크,김성현,이택근,78353,73342,129,볼,,,,1,2,1,4,초,4,0,0,0,우,,,,,김성현,강귀태,이숭용,김민성,김민우,강정호,알드리지,유한준,오윤,,,,78353,72312,94310,77564,72303,76325,61332,74339,70312,,,,,,,,,,,,,,,,,,20110514,WO,LG,키움,LG,목동,박기택,26,4,-1,20110514LGWO0
포크,김성현,이택근,78353,73342,135,파울,,,,2,2,1,4,초,4,0,0,0,우,,,,,김성현,강귀태,이숭용,김민성,김민우,강정호,알드리지,유한준,오윤,,,,78353,72312,94310,77564,72303,76325,61332,74339,70312,,,,,,,,,,,,,,,,,,20110514,WO,LG,키움,LG,목동,박기택,26,5,-1,20110514LGWO0
직구,김성현,이택근,78353,73342,143,볼,,,,2,2,1,4,초,4,0,0,0,우,,,,,김성현,강귀태,이숭용,김민성,김민우,강정호,알드리지,유한준,오윤,,,,78353,72312,94310,77564,72303,76325,61332,74339,70312,,,,,,,,,,,,,,,,,,20110514,WO,LG,키움,LG,목동,박기택,26,6,-1,20110514LGWO0
직구,김성현,이택근,78353,73342,141,스트라이크,삼진,삼진,이택근 :  삼진 아웃;,3,2,1,4,초,4,0,0,0,우,,,,,김성현,강귀태,이숭용,김민성,김민우,강정호,알드리지,유한준,오윤,,,,78353,72312,94310,77564,72303,76325,61332,74339,70312,,,,,,,,,,,,,,,,,,20110514,WO,LG,키움,LG,목동,박기택,26,7,-1,20110514LGWO0
포크,김성현,정성훈,78353,99606,130,스트라이크,,,,0,0,2,4,초,4,0,0,0,우,,,,,김성현,강귀태,이숭용,김민성,김민우,강정호,알드리지,유한준,오윤,,,,78353,72312,94310,77564,72303,76325,61332,74339,70312,,,,,,,,,,,,,,,,,,20110514,WO,LG,키움,LG,목동,박기택,27,1,-1,20110514LGWO0
슬라이더,김성현,정성훈,78353,99606,129,볼,,,,0,1,2,4,초,4,0,0,0,우,,,,,김성현,강귀태,이숭용,김민성,김민우,강정호,알드리지,유한준,오윤,,,,78353,72312,94310,77564,72303,76325,61332,74339,70312,,,,,,,,,,,,,,,,,,20110514,WO,LG,키움,LG,목동,박기택,27,2,-1,20110514LGWO0
직구,김성현,정성훈,78353,99606,142,볼,,,,1,1,2,4,초,4,0,0,0,우,,,,,김성현,강귀태,이숭용,김민성,김민우,강정호,알드리지,유한준,오윤,,,,78353,72312,94310,77564,72303,76325,61332,74339,70312,,,,,,,,,,,,,,,,,,20110514,WO,LG,키움,LG,목동,박기택,27,3,-1,20110514LGWO0
직구,김성현,정성훈,78353,99606,138,볼,,,,2,1,2,4,초,4,0,0,0,우,,,,,김성현,강귀태,이숭용,김민성,김민우,강정호,알드리지,유한준,오윤,,,,78353,72312,94310,77564,72303,76325,61332,74339,70312,,,,,,,,,,,,,,,,,,20110514,WO,LG,키움,LG,목동,박기택,27,4,-1,20110514LGWO0
직구,김성현,정성훈,78353,99606,144,스트라이크,,,,3,1,2,4,초,4,0,0,0,우,,,,,김성현,강귀태,이숭용,김민성,김민우,강정호,알드리지,유한준,오윤,,,,78353,72312,94310,77564,72303,76325,61332,74339,70312,,,,,,,,,,,,,,,,,,20110514,WO,LG,키움,LG,목동,박기택,27,5,-1,20110514LGWO0
직구,김성현,정성훈,78353,99606,144,볼,볼넷,볼넷,정성훈 :  볼넷;,3,2,2,4,초,4,0,0,0,우,,,,,김성현,강귀태,이숭용,김민성,김민우,강정호,알드리지,유한준,오윤,,,,78353,72312,94310,77564,72303,76325,61332,74339,70312,,,,,,,,,,,,,,,,,,20110514,WO,LG,키움,LG,목동,박기택,27,6,-1,20110514LGWO0
직구,김성현,정의윤,78353,75151,140,볼,,,,0,0,2,4,초,4,0,0,0,우,,정성훈,,,김성현,강귀태,이숭용,김민성,김민우,강정호,알드리지,유한준,오윤,99606.0,,,78353,72312,94310,77564,72303,76325,61332,74339,70312,,,,,,,,,,,,,,,,,,20110514,WO,LG,키움,LG,목동,박기택,28,1,-1,20110514LGWO0
포크,김성현,정의윤,78353,75151,132,볼,,,,1,0,2,4,초,4,0,0,0,우,,정성훈,,,김성현,강귀태,이숭용,김민성,김민우,강정호,알드리지,유한준,오윤,99606.0,,,78353,72312,94310,77564,72303,76325,61332,74339,70312,,,,,,,,,,,,,,,,,,20110514,WO,LG,키움,LG,목동,박기택,28,2,-1,20110514LGWO0
슬라이더,김성현,정의윤,78353,75151,123,파울,,,,2,0,2,4,초,4,0,0,0,우,,정성훈,,,김성현,강귀태,이숭용,김민성,김민우,강정호,알드리지,유한준,오윤,99606.0,,,78353,72312,94310,77564,72303,76325,61332,74339,70312,,,,,,,,,,,,,,,,,,20110514,WO,LG,키움,LG,목동,박기택,28,3,-1,20110514LGWO0
슬라이더,김성현,정의윤,78353,75151,125,타격,2루타,2루타,정의윤 : 우중간 2루타; 1루주자 정성훈 : 홈인;,2,1,2,4,초,4,0,0,1,우,,정성훈,,,김성현,강귀태,이숭용,김민성,김민우,강정호,알드리지,유한준,오윤,99606.0,,,78353,72312,94310,77564,72303,76325,61332,74339,70312,,,,,,,,,,,,,,,,,,20110514,WO,LG,키움,LG,목동,박기택,28,4,-1,20110514LGWO0
직구,김성현,서동욱,78353,73606,139,스트라이크,,,,0,0,2,4,초,5,0,0,0,양,,,정의윤,,김성현,강귀태,이숭용,김민성,김민우,강정호,알드리지,유한준,오윤,,75151.0,,78353,72312,94310,77564,72303,76325,61332,74339,70312,,,,,,,,,,,,,,,,,,20110514,WO,LG,키움,LG,목동,박기택,29,1,-1,20110514LGWO0
포크,김성현,서동욱,78353,73606,129,볼,,,,0,1,2,4,초,5,0,0,0,양,,,정의윤,,김성현,강귀태,이숭용,김민성,김민우,강정호,알드리지,유한준,오윤,,75151.0,,78353,72312,94310,77564,72303,76325,61332,74339,70312,,,,,,,,,,,,,,,,,,20110514,WO,LG,키움,LG,목동,박기택,29,2,-1,20110514LGWO0
직구,김성현,서동욱,78353,73606,140,볼,,,,1,1,2,4,초,5,0,0,0,양,,,정의윤,,김성현,강귀태,이숭용,김민성,김민우,강정호,알드리지,유한준,오윤,,75151.0,,78353,72312,94310,77564,72303,76325,61332,74339,70312,,,,,,,,,,,,,,,,,,20110514,WO,LG,키움,LG,목동,박기택,29,3,-1,20110514LGWO0
직구,김성현,서동욱,78353,73606,141,볼,,,,2,1,2,4,초,5,0,0,0,양,,,정의윤,,김성현,강귀태,이숭용,김민성,김민우,강정호,알드리지,유한준,오윤,,75151.0,,78353,72312,94310,77564,72303,76325,61332,74339,70312,,,,,,,,,,,,,,,,,,20110514,WO,LG,키움,LG,목동,박기택,29,4,-1,20110514LGWO0
직구,김성현,서동욱,78353,73606,140,타격,필드 아웃,플라이 아웃,서동욱 : 우익수 플라이 아웃;,3,1,2,4,초,5,0,1,0,양,,,정의윤,,김성현,강귀태,이숭용,김민성,김민우,강정호,알드리지,유한준,오윤,,75151.0,,78353,72312,94310,77564,72303,76325,61332,74339,70312,,,,,,,,,,,,,,,,,,20110514,WO,LG,키움,LG,목동,박기택,29,5,-1,20110514LGWO0
직구,김광삼,유한준,99152,74339,139,볼,,,,0,0,0,4,말,5,0,0,0,우,,,,,김광삼,조인성,이택근,서동욱,정성훈,박경수,정의윤,이대형,이병규,,,,99152,98144,73342,73606,99606,73113,75151,73153,97109,,,,,,,,,,,,,,,,,,20110514,WO,LG,키움,LG,목동,박기택,30,1,-1,20110514LGWO0
슬라이더,김광삼,유한준,99152,74339,122,스트라이크,,,,1,0,0,4,말,5,0,0,0,우,,,,,김광삼,조인성,이택근,서동욱,정성훈,박경수,정의윤,이대형,이병규,,,,99152,98144,73342,73606,99606,73113,75151,73153,97109,,,,,,,,,,,,,,,,,,20110514,WO,LG,키움,LG,목동,박기택,30,2,-1,20110514LGWO0
포크,김광삼,유한준,99152,74339,133,타격,2루타,2루타,유한준 : 좌익수 왼쪽 2루타;,1,1,0,4,말,5,0,0,0,우,,,,,김광삼,조인성,이택근,서동욱,정성훈,박경수,정의윤,이대형,이병규,,,,99152,98144,73342,73606,99606,73113,75151,73153,97109,,,,,,,,,,,,,,,,,,20110514,WO,LG,키움,LG,목동,박기택,30,3,-1,20110514LGWO0
슬라이더,김광삼,강정호,99152,76325,126,파울,,,,0,0,0,4,말,5,0,0,0,우,,,유한준,,김광삼,조인성,이택근,서동욱,정성훈,박경수,정의윤,이대형,이병규,,74339.0,,99152,98144,73342,73606,99606,73113,75151,73153,97109,,,,,,,,,,,,,,,,,,20110514,WO,LG,키움,LG,목동,박기택,31,1,-1,20110514LGWO0
직구,김광삼,강정호,99152,76325,138,볼,,,,0,1,0,4,말,5,0,0,0,우,,,유한준,,김광삼,조인성,이택근,서동욱,정성훈,박경수,정의윤,이대형,이병규,,74339.0,,99152,98144,73342,73606,99606,73113,75151,73153,97109,,,,,,,,,,,,,,,,,,20110514,WO,LG,키움,LG,목동,박기택,31,2,-1,20110514LGWO0
직구,김광삼,강정호,99152,76325,136,볼,,,,1,1,0,4,말,5,0,0,0,우,,,유한준,,김광삼,조인성,이택근,서동욱,정성훈,박경수,정의윤,이대형,이병규,,74339.0,,99152,98144,73342,73606,99606,73113,75151,73153,97109,,,,,,,,,,,,,,,,,,20110514,WO,LG,키움,LG,목동,박기택,31,3,-1,20110514LGWO0
직구,김광삼,강정호,99152,76325,140,스트라이크,,,,2,1,0,4,말,5,0,0,0,우,,,유한준,,김광삼,조인성,이택근,서동욱,정성훈,박경수,정의윤,이대형,이병규,,74339.0,,99152,98144,73342,73606,99606,73113,75151,73153,97109,,,,,,,,,,,,,,,,,,20110514,WO,LG,키움,LG,목동,박기택,31,4,-1,20110514LGWO0
포크,김광삼,강정호,99152,76325,132,타격,포스 아웃,땅볼 아웃,강정호 : 유격수 땅볼 아웃 (유격수->1루수 송구아웃);,2,2,0,4,말,5,0,1,0,우,,,유한준,,김광삼,조인성,이택근,서동욱,정성훈,박경수,정의윤,이대형,이병규,,74339.0,,99152,98144,73342,73606,99606,73113,75151,73153,97109,,,,,,,,,,,,,,,,,,20110514,WO,LG,키움,LG,목동,박기택,31,5,-1,20110514LGWO0
포크,김광삼,알드리지,99152,61332,131,볼,,,,0,0,1,4,말,5,0,0,0,좌,,,유한준,,김광삼,조인성,이택근,서동욱,정성훈,박경수,정의윤,이대형,이병규,,74339.0,,99152,98144,73342,73606,99606,73113,75151,73153,97109,,,,,,,,,,,,,,,,,,20110514,WO,LG,키움,LG,목동,박기택,32,1,-1,20110514LGWO0
직구,김광삼,알드리지,99152,61332,139,파울,,,,1,0,1,4,말,5,0,0,0,좌,,,유한준,,김광삼,조인성,이택근,서동욱,정성훈,박경수,정의윤,이대형,이병규,,74339.0,,99152,98144,73342,73606,99606,73113,75151,73153,97109,,,,,,,,,,,,,,,,,,20110514,WO,LG,키움,LG,목동,박기택,32,2,-1,20110514LGWO0
포크,김광삼,알드리지,99152,61332,130,스트라이크,,,,1,1,1,4,말,5,0,0,0,좌,,,유한준,,김광삼,조인성,이택근,서동욱,정성훈,박경수,정의윤,이대형,이병규,,74339.0,,99152,98144,73342,73606,99606,73113,75151,73153,97109,,,,,,,,,,,,,,,,,,20110514,WO,LG,키움,LG,목동,박기택,32,3,-1,20110514LGWO0
포크,김광삼,알드리지,99152,61332,129,타격,안타,안타,알드리지 : 우익수 왼쪽 1루타; 2루주자 유한준 : 홈인;,1,2,1,4,말,5,0,0,1,좌,,,유한준,,김광삼,조인성,이택근,서동욱,정성훈,박경수,정의윤,이대형,이병규,,74339.0,,99152,98144,73342,73606,99606,73113,75151,73153,97109,,,,,,,,,,,,,,,,,,20110514,WO,LG,키움,LG,목동,박기택,32,4,-1,20110514LGWO0
슬라이더,김광삼,오윤,99152,70312,125,볼,,,,0,0,1,4,말,5,1,0,0,우,,알드리지,,,김광삼,조인성,이택근,서동욱,정성훈,박경수,정의윤,이대형,이병규,61332.0,,,99152,98144,73342,73606,99606,73113,75151,73153,97109,,,,,,,,,,,,,,,,,,20110514,WO,LG,키움,LG,목동,박기택,33,1,-1,20110514LGWO0
포크,김광삼,오윤,99152,70312,133,볼,,,,1,0,1,4,말,5,1,0,0,우,,알드리지,,,김광삼,조인성,이택근,서동욱,정성훈,박경수,정의윤,이대형,이병규,61332.0,,,99152,98144,73342,73606,99606,73113,75151,73153,97109,,,,,,,,,,,,,,,,,,20110514,WO,LG,키움,LG,목동,박기택,33,2,-1,20110514LGWO0
직구,김광삼,오윤,99152,70312,135,파울,,,,2,0,1,4,말,5,1,0,0,우,,알드리지,,,김광삼,조인성,이택근,서동욱,정성훈,박경수,정의윤,이대형,이병규,61332.0,,,99152,98144,73342,73606,99606,73113,75151,73153,97109,,,,,,,,,,,,,,,,,,20110514,WO,LG,키움,LG,목동,박기택,33,3,-1,20110514LGWO0
직구,김광삼,오윤,99152,70312,133,타격,필드 아웃,플라이 아웃,오윤 : 중견수 플라이 아웃;,2,1,1,4,말,5,1,1,0,우,,알드리지,,,김광삼,조인성,이택근,서동욱,정성훈,박경수,정의윤,이대형,이병규,61332.0,,,99152,98144,73342,73606,99606,73113,75151,73153,97109,,,,,,,,,,,,,,,,,,20110514,WO,LG,키움,LG,목동,박기택,33,4,-1,20110514LGWO0
슬라이더,김광삼,이숭용,99152,94310,120,볼,,,,0,0,2,4,말,5,1,0,0,좌,,알드리지,,,김광삼,조인성,이택근,서동욱,정성훈,박경수,정의윤,이대형,이병규,61332.0,,,99152,98144,73342,73606,99606,73113,75151,73153,97109,,,,,,,,,,,,,,,,,,20110514,WO,LG,키움,LG,목동,박기택,34,1,-1,20110514LGWO0
직구,김광삼,이숭용,99152,94310,138,볼,,,,1,0,2,4,말,5,1,0,0,좌,,알드리지,,,김광삼,조인성,이택근,서동욱,정성훈,박경수,정의윤,이대형,이병규,61332.0,,,99152,98144,73342,73606,99606,73113,75151,73153,97109,,,,,,,,,,,,,,,,,,20110514,WO,LG,키움,LG,목동,박기택,34,2,-1,20110514LGWO0
직구,김광삼,이숭용,99152,94310,133,스트라이크,,,,2,0,2,4,말,5,1,0,0,좌,,알드리지,,,김광삼,조인성,이택근,서동욱,정성훈,박경수,정의윤,이대형,이병규,61332.0,,,99152,98144,73342,73606,99606,73113,75151,73153,97109,,,,,,,,,,,,,,,,,,20110514,WO,LG,키움,LG,목동,박기택,34,3,-1,20110514LGWO0
포크,김광삼,이숭용,99152,94310,129,스트라이크,,,,2,1,2,4,말,5,1,0,0,좌,,알드리지,,,김광삼,조인성,이택근,서동욱,정성훈,박경수,정의윤,이대형,이병규,61332.0,,,99152,98144,73342,73606,99606,73113,75151,73153,97109,,,,,,,,,,,,,,,,,,20110514,WO,LG,키움,LG,목동,박기택,34,4,-1,20110514LGWO0
포크,김광삼,이숭용,99152,94310,130,타격,포스 아웃,땅볼 아웃,이숭용 : 1루수 땅볼 아웃;,2,2,2,4,말,5,1,1,0,좌,,알드리지,,,김광삼,조인성,이택근,서동욱,정성훈,박경수,정의윤,이대형,이병규,61332.0,,,99152,98144,73342,73606,99606,73113,75151,73153,97109,,,,,,,,,,,,,,,,,,20110514,WO,LG,키움,LG,목동,박기택,34,5,-1,20110514LGWO0
,김성현,이대형,78353,73153,,,,,투수 김성현 : 투수 윤지웅 (으)로 교체;,0,0,0,5,초,5,1,0,0,좌,,,,,김성현,강귀태,이숭용,김민성,김민우,강정호,알드리지,유한준,오윤,,,,78353,72312,94310,77564,72303,76325,61332,74339,70312,,,,,,,,,,,,,,,,,,20110514,WO,LG,키움,LG,목동,박기택,35,,,20110514LGWO0
직구,윤지웅,이대형,61329,73153,136,스트라이크,,,,0,0,0,5,초,5,1,0,0,좌,,,,,윤지웅,강귀태,이숭용,김민성,김민우,강정호,알드리지,유한준,오윤,,,,61329,72312,94310,77564,72303,76325,61332,74339,70312,,,,,,,,,,,,,,,,,,20110514,WO,LG,키움,LG,목동,박기택,35,1,-1,20110514LGWO0
커브,윤지웅,이대형,61329,73153,117,볼,,,,0,1,0,5,초,5,1,0,0,좌,,,,,윤지웅,강귀태,이숭용,김민성,김민우,강정호,알드리지,유한준,오윤,,,,61329,72312,94310,77564,72303,76325,61332,74339,70312,,,,,,,,,,,,,,,,,,20110514,WO,LG,키움,LG,목동,박기택,35,2,-1,20110514LGWO0
슬라이더,윤지웅,이대형,61329,73153,127,파울,,,,1,1,0,5,초,5,1,0,0,좌,,,,,윤지웅,강귀태,이숭용,김민성,김민우,강정호,알드리지,유한준,오윤,,,,61329,72312,94310,77564,72303,76325,61332,74339,70312,,,,,,,,,,,,,,,,,,20110514,WO,LG,키움,LG,목동,박기택,35,3,-1,20110514LGWO0
직구,윤지웅,이대형,61329,73153,136,파울,,,,1,2,0,5,초,5,1,0,0,좌,,,,,윤지웅,강귀태,이숭용,김민성,김민우,강정호,알드리지,유한준,오윤,,,,61329,72312,94310,77564,72303,76325,61332,74339,70312,,,,,,,,,,,,,,,,,,20110514,WO,LG,키움,LG,목동,박기택,35,4,-1,20110514LGWO0
슬라이더,윤지웅,이대형,61329,73153,127,헛스윙,삼진,낫아웃 삼진,이대형 : 포수 스트라이크 낫 아웃 (포수->1루수 1루 터치아웃);,1,2,0,5,초,5,1,0,0,좌,,,,,윤지웅,강귀태,이숭용,김민성,김민우,강정호,알드리지,유한준,오윤,,,,61329,72312,94310,77564,72303,76325,61332,74339,70312,,,,,,,,,,,,,,,,,,20110514,WO,LG,키움,LG,목동,박기택,35,5,-1,20110514LGWO0
체인지업,윤지웅,박경수,61329,73113,123,볼,,,,0,0,1,5,초,5,1,0,0,우,,,,,윤지웅,강귀태,이숭용,김민성,김민우,강정호,알드리지,유한준,오윤,,,,61329,72312,94310,77564,72303,76325,61332,74339,70312,,,,,,,,,,,,,,,,,,20110514,WO,LG,키움,LG,목동,박기택,36,1,-1,20110514LGWO0
직구,윤지웅,박경수,61329,73113,136,스트라이크,,,,1,0,1,5,초,5,1,0,0,우,,,,,윤지웅,강귀태,이숭용,김민성,김민우,강정호,알드리지,유한준,오윤,,,,61329,72312,94310,77564,72303,76325,61332,74339,70312,,,,,,,,,,,,,,,,,,20110514,WO,LG,키움,LG,목동,박기택,36,2,-1,20110514LGWO0
직구,윤지웅,박경수,61329,73113,138,파울,,,,1,1,1,5,초,5,1,0,0,우,,,,,윤지웅,강귀태,이숭용,김민성,김민우,강정호,알드리지,유한준,오윤,,,,61329,72312,94310,77564,72303,76325,61332,74339,70312,,,,,,,,,,,,,,,,,,20110514,WO,LG,키움,LG,목동,박기택,36,3,-1,20110514LGWO0
슬라이더,윤지웅,박경수,61329,73113,124,볼,,,,1,2,1,5,초,5,1,0,0,우,,,,,윤지웅,강귀태,이숭용,김민성,김민우,강정호,알드리지,유한준,오윤,,,,61329,72312,94310,77564,72303,76325,61332,74339,70312,,,,,,,,,,,,,,,,,,20110514,WO,LG,키움,LG,목동,박기택,36,4,-1,20110514LGWO0
슬라이더,윤지웅,박경수,61329,73113,127,파울,,,,2,2,1,5,초,5,1,0,0,우,,,,,윤지웅,강귀태,이숭용,김민성,김민우,강정호,알드리지,유한준,오윤,,,,61329,72312,94310,77564,72303,76325,61332,74339,70312,,,,,,,,,,,,,,,,,,20110514,WO,LG,키움,LG,목동,박기택,36,5,-1,20110514LGWO0
직구,윤지웅,박경수,61329,73113,139,볼,,,,2,2,1,5,초,5,1,0,0,우,,,,,윤지웅,강귀태,이숭용,김민성,김민우,강정호,알드리지,유한준,오윤,,,,61329,72312,94310,77564,72303,76325,61332,74339,70312,,,,,,,,,,,,,,,,,,20110514,WO,LG,키움,LG,목동,박기택,36,6,-1,20110514LGWO0
슬라이더,윤지웅,박경수,61329,73113,128,볼,볼넷,볼넷,박경수 :  볼넷;,3,2,1,5,초,5,1,0,0,우,,,,,윤지웅,강귀태,이숭용,김민성,김민우,강정호,알드리지,유한준,오윤,,,,61329,72312,94310,77564,72303,76325,61332,74339,70312,,,,,,,,,,,,,,,,,,20110514,WO,LG,키움,LG,목동,박기택,36,7,-1,20110514LGWO0
직구,윤지웅,이병규,61329,97109,136,볼,,,,0,0,1,5,초,5,1,0,0,좌,,박경수,,,윤지웅,강귀태,이숭용,김민성,김민우,강정호,알드리지,유한준,오윤,73113.0,,,61329,72312,94310,77564,72303,76325,61332,74339,70312,,,,,,,,,,,,,,,,,,20110514,WO,LG,키움,LG,목동,박기택,37,1,-1,20110514LGWO0
직구,윤지웅,이병규,61329,97109,137,볼,,,,1,0,1,5,초,5,1,0,0,좌,,박경수,,,윤지웅,강귀태,이숭용,김민성,김민우,강정호,알드리지,유한준,오윤,73113.0,,,61329,72312,94310,77564,72303,76325,61332,74339,70312,,,,,,,,,,,,,,,,,,20110514,WO,LG,키움,LG,목동,박기택,37,2,-1,20110514LGWO0
슬라이더,윤지웅,이병규,61329,97109,125,스트라이크,,,,2,0,1,5,초,5,1,0,0,좌,,박경수,,,윤지웅,강귀태,이숭용,김민성,김민우,강정호,알드리지,유한준,오윤,73113.0,,,61329,72312,94310,77564,72303,76325,61332,74339,70312,,,,,,,,,,,,,,,,,,20110514,WO,LG,키움,LG,목동,박기택,37,3,-1,20110514LGWO0
직구,윤지웅,이병규,61329,97109,134,파울,,,,2,1,1,5,초,5,1,0,0,좌,,박경수,,,윤지웅,강귀태,이숭용,김민성,김민우,강정호,알드리지,유한준,오윤,73113.0,,,61329,72312,94310,77564,72303,76325,61332,74339,70312,,,,,,,,,,,,,,,,,,20110514,WO,LG,키움,LG,목동,박기택,37,4,-1,20110514LGWO0
슬라이더,윤지웅,이병규,61329,97109,124,파울,,,,2,2,1,5,초,5,1,0,0,좌,,박경수,,,윤지웅,강귀태,이숭용,김민성,김민우,강정호,알드리지,유한준,오윤,73113.0,,,61329,72312,94310,77564,72303,76325,61332,74339,70312,,,,,,,,,,,,,,,,,,20110514,WO,LG,키움,LG,목동,박기택,37,5,-1,20110514LGWO0
직구,윤지웅,이병규,61329,97109,137,파울,,,,2,2,1,5,초,5,1,0,0,좌,,박경수,,,윤지웅,강귀태,이숭용,김민성,김민우,강정호,알드리지,유한준,오윤,73113.0,,,61329,72312,94310,77564,72303,76325,61332,74339,70312,,,,,,,,,,,,,,,,,,20110514,WO,LG,키움,LG,목동,박기택,37,6,-1,20110514LGWO0
슬라이더,윤지웅,이병규,61329,97109,127,타격,필드 아웃,플라이 아웃,이병규 : 중견수 플라이 아웃;,2,2,1,5,초,5,1,1,0,좌,,박경수,,,윤지웅,강귀태,이숭용,김민성,김민우,강정호,알드리지,유한준,오윤,73113.0,,,61329,72312,94310,77564,72303,76325,61332,74339,70312,,,,,,,,,,,,,,,,,,20110514,WO,LG,키움,LG,목동,박기택,37,7,-1,20110514LGWO0
직구,윤지웅,박용택,61329,72133,137,타격,필드 아웃,플라이 아웃,박용택 : 우익수 플라이 아웃;,0,0,2,5,초,5,1,1,0,좌,,박경수,,,윤지웅,강귀태,이숭용,김민성,김민우,강정호,알드리지,유한준,오윤,73113.0,,,61329,72312,94310,77564,72303,76325,61332,74339,70312,,,,,,,,,,,,,,,,,,20110514,WO,LG,키움,LG,목동,박기택,38,1,-1,20110514LGWO0
직구,김광삼,강귀태,99152,72312,139,스트라이크,,,,0,0,0,5,말,5,1,0,0,우,,,,,김광삼,조인성,이택근,서동욱,정성훈,박경수,정의윤,이대형,이병규,,,,99152,98144,73342,73606,99606,73113,75151,73153,97109,,,,,,,,,,,,,,,,,,20110514,WO,LG,키움,LG,목동,박기택,39,1,-1,20110514LGWO0
커브,김광삼,강귀태,99152,72312,114,볼,,,,0,1,0,5,말,5,1,0,0,우,,,,,김광삼,조인성,이택근,서동욱,정성훈,박경수,정의윤,이대형,이병규,,,,99152,98144,73342,73606,99606,73113,75151,73153,97109,,,,,,,,,,,,,,,,,,20110514,WO,LG,키움,LG,목동,박기택,39,2,-1,20110514LGWO0
직구,김광삼,강귀태,99152,72312,141,타격,안타,안타,강귀태 : 좌익수 앞 1루타;,1,1,0,5,말,5,1,0,0,우,,,,,김광삼,조인성,이택근,서동욱,정성훈,박경수,정의윤,이대형,이병규,,,,99152,98144,73342,73606,99606,73113,75151,73153,97109,,,,,,,,,,,,,,,,,,20110514,WO,LG,키움,LG,목동,박기택,39,3,-1,20110514LGWO0
슬라이더,김광삼,김민성,99152,77564,124,스트라이크,,,,0,0,0,5,말,5,1,0,0,우,,강귀태,,,김광삼,조인성,이택근,서동욱,정성훈,박경수,정의윤,이대형,이병규,72312.0,,,99152,98144,73342,73606,99606,73113,75151,73153,97109,,,,,,,,,,,,,,,,,,20110514,WO,LG,키움,LG,목동,박기택,40,1,-1,20110514LGWO0
커브,김광삼,김민성,99152,77564,115,타격,포스 아웃,땅볼 아웃,김민성 : 투수 땅볼 아웃 (투수->1루수 송구아웃); 1루주자 강귀태 : 2루까지 진루;,0,1,0,5,말,5,1,1,0,우,,강귀태,,,김광삼,조인성,이택근,서동욱,정성훈,박경수,정의윤,이대형,이병규,72312.0,,,99152,98144,73342,73606,99606,73113,75151,73153,97109,,,,,,,,,,,,,,,,,,20110514,WO,LG,키움,LG,목동,박기택,40,2,-1,20110514LGWO0
슬라이더,김광삼,김민우,99152,72303,129,스트라이크,,,,0,0,1,5,말,5,1,0,0,우,,,강귀태,,김광삼,조인성,이택근,서동욱,정성훈,박경수,정의윤,이대형,이병규,,72312.0,,99152,98144,73342,73606,99606,73113,75151,73153,97109,,,,,,,,,,,,,,,,,,20110514,WO,LG,키움,LG,목동,박기택,41,1,-1,20110514LGWO0
포크,김광삼,김민우,99152,72303,133,볼,,,,0,1,1,5,말,5,1,0,0,우,,,강귀태,,김광삼,조인성,이택근,서동욱,정성훈,박경수,정의윤,이대형,이병규,,72312.0,,99152,98144,73342,73606,99606,73113,75151,73153,97109,,,,,,,,,,,,,,,,,,20110514,WO,LG,키움,LG,목동,박기택,41,2,-1,20110514LGWO0
커브,김광삼,김민우,99152,72303,116,볼,,,,1,1,1,5,말,5,1,0,0,우,,,강귀태,,김광삼,조인성,이택근,서동욱,정성훈,박경수,정의윤,이대형,이병규,,72312.0,,99152,98144,73342,73606,99606,73113,75151,73153,97109,,,,,,,,,,,,,,,,,,20110514,WO,LG,키움,LG,목동,박기택,41,3,-1,20110514LGWO0
슬라이더,김광삼,김민우,99152,72303,135,볼,,,,2,1,1,5,말,5,1,0,0,우,,,강귀태,,김광삼,조인성,이택근,서동욱,정성훈,박경수,정의윤,이대형,이병규,,72312.0,,99152,98144,73342,73606,99606,73113,75151,73153,97109,,,,,,,,,,,,,,,,,,20110514,WO,LG,키움,LG,목동,박기택,41,4,-1,20110514LGWO0
직구,김광삼,김민우,99152,72303,138,파울,,,,3,1,1,5,말,5,1,0,0,우,,,강귀태,,김광삼,조인성,이택근,서동욱,정성훈,박경수,정의윤,이대형,이병규,,72312.0,,99152,98144,73342,73606,99606,73113,75151,73153,97109,,,,,,,,,,,,,,,,,,20110514,WO,LG,키움,LG,목동,박기택,41,5,-1,20110514LGWO0
슬라이더,김광삼,김민우,99152,72303,133,타격,필드 아웃,파울 플라이 아웃,김민우 : 3루수 파울플라이 아웃;,3,2,1,5,말,5,1,1,0,우,,,강귀태,,김광삼,조인성,이택근,서동욱,정성훈,박경수,정의윤,이대형,이병규,,72312.0,,99152,98144,73342,73606,99606,73113,75151,73153,97109,,,,,,,,,,,,,,,,,,20110514,WO,LG,키움,LG,목동,박기택,41,6,-1,20110514LGWO0
포크,김광삼,강병식,99152,72325,128,볼,,,,0,0,2,5,말,5,1,0,0,좌,,,강귀태,,김광삼,조인성,이택근,서동욱,정성훈,박경수,정의윤,이대형,이병규,,72312.0,,99152,98144,73342,73606,99606,73113,75151,73153,97109,,,,,,,,,,,,,,,,,,20110514,WO,LG,키움,LG,목동,박기택,42,1,-1,20110514LGWO0
슬라이더,김광삼,강병식,99152,72325,130,파울,,,,1,0,2,5,말,5,1,0,0,좌,,,강귀태,,김광삼,조인성,이택근,서동욱,정성훈,박경수,정의윤,이대형,이병규,,72312.0,,99152,98144,73342,73606,99606,73113,75151,73153,97109,,,,,,,,,,,,,,,,,,20110514,WO,LG,키움,LG,목동,박기택,42,2,-1,20110514LGWO0
포크,김광삼,강병식,99152,72325,129,헛스윙,,,,1,1,2,5,말,5,1,0,0,좌,,,강귀태,,김광삼,조인성,이택근,서동욱,정성훈,박경수,정의윤,이대형,이병규,,72312.0,,99152,98144,73342,73606,99606,73113,75151,73153,97109,,,,,,,,,,,,,,,,,,20110514,WO,LG,키움,LG,목동,박기택,42,3,-1,20110514LGWO0
커브,김광삼,강병식,99152,72325,118,볼,,,,1,2,2,5,말,5,1,0,0,좌,,,강귀태,,김광삼,조인성,이택근,서동욱,정성훈,박경수,정의윤,이대형,이병규,,72312.0,,99152,98144,73342,73606,99606,73113,75151,73153,97109,,,,,,,,,,,,,,,,,,20110514,WO,LG,키움,LG,목동,박기택,42,4,-1,20110514LGWO0
직구,김광삼,강병식,99152,72325,142,타격,포스 아웃,땅볼 아웃,강병식 : 2루수 땅볼 아웃 (2루수->1루수 송구아웃);,2,2,2,5,말,5,1,1,0,좌,,,강귀태,,김광삼,조인성,이택근,서동욱,정성훈,박경수,정의윤,이대형,이병규,,72312.0,,99152,98144,73342,73606,99606,73113,75151,73153,97109,,,,,,,,,,,,,,,,,,20110514,WO,LG,키움,LG,목동,박기택,42,5,-1,20110514LGWO0
,윤지웅,조인성,61329,98144,,,,,투수 윤지웅 : 투수 이태양 (으)로 교체;,0,0,0,6,초,5,1,0,0,우,,,,,윤지웅,강귀태,이숭용,김민성,김민우,강정호,알드리지,유한준,오윤,,,,61329,72312,94310,77564,72303,76325,61332,74339,70312,,,,,,,,,,,,,,,,,,20110514,WO,LG,키움,LG,목동,박기택,43,,,20110514LGWO0
슬라이더,이태양,조인성,61323,98144,110,볼,,,,0,0,0,6,초,5,1,0,0,우,,,,,이태양,강귀태,이숭용,김민성,김민우,강정호,알드리지,유한준,오윤,,,,61323,72312,94310,77564,72303,76325,61332,74339,70312,,,,,,,,,,,,,,,,,,20110514,WO,LG,키움,LG,목동,박기택,43,1,-1,20110514LGWO0
직구,이태양,조인성,61323,98144,134,볼,,,,1,0,0,6,초,5,1,0,0,우,,,,,이태양,강귀태,이숭용,김민성,김민우,강정호,알드리지,유한준,오윤,,,,61323,72312,94310,77564,72303,76325,61332,74339,70312,,,,,,,,,,,,,,,,,,20110514,WO,LG,키움,LG,목동,박기택,43,2,-1,20110514LGWO0
직구,이태양,조인성,61323,98144,129,볼,,,,2,0,0,6,초,5,1,0,0,우,,,,,이태양,강귀태,이숭용,김민성,김민우,강정호,알드리지,유한준,오윤,,,,61323,72312,94310,77564,72303,76325,61332,74339,70312,,,,,,,,,,,,,,,,,,20110514,WO,LG,키움,LG,목동,박기택,43,3,-1,20110514LGWO0
직구,이태양,조인성,61323,98144,127,스트라이크,,,,3,0,0,6,초,5,1,0,0,우,,,,,이태양,강귀태,이숭용,김민성,김민우,강정호,알드리지,유한준,오윤,,,,61323,72312,94310,77564,72303,76325,61332,74339,70312,,,,,,,,,,,,,,,,,,20110514,WO,LG,키움,LG,목동,박기택,43,4,-1,20110514LGWO0
직구,이태양,조인성,61323,98144,127,타격,포스 아웃,땅볼 아웃,조인성 : 2루수 땅볼 아웃 (2루수->1루수 송구아웃);,3,1,0,6,초,5,1,1,0,우,,,,,이태양,강귀태,이숭용,김민성,김민우,강정호,알드리지,유한준,오윤,,,,61323,72312,94310,77564,72303,76325,61332,74339,70312,,,,,,,,,,,,,,,,,,20110514,WO,LG,키움,LG,목동,박기택,43,5,-1,20110514LGWO0
직구,이태양,이택근,61323,73342,129,스트라이크,,,,0,0,1,6,초,5,1,0,0,우,,,,,이태양,강귀태,이숭용,김민성,김민우,강정호,알드리지,유한준,오윤,,,,61323,72312,94310,77564,72303,76325,61332,74339,70312,,,,,,,,,,,,,,,,,,20110514,WO,LG,키움,LG,목동,박기택,44,1,-1,20110514LGWO0
직구,이태양,이택근,61323,73342,127,볼,,,,0,1,1,6,초,5,1,0,0,우,,,,,이태양,강귀태,이숭용,김민성,김민우,강정호,알드리지,유한준,오윤,,,,61323,72312,94310,77564,72303,76325,61332,74339,70312,,,,,,,,,,,,,,,,,,20110514,WO,LG,키움,LG,목동,박기택,44,2,-1,20110514LGWO0
슬라이더,이태양,이택근,61323,73342,116,파울,,,,1,1,1,6,초,5,1,0,0,우,,,,,이태양,강귀태,이숭용,김민성,김민우,강정호,알드리지,유한준,오윤,,,,61323,72312,94310,77564,72303,76325,61332,74339,70312,,,,,,,,,,,,,,,,,,20110514,WO,LG,키움,LG,목동,박기택,44,3,-1,20110514LGWO0
직구,이태양,이택근,61323,73342,125,타격,포스 아웃,땅볼 아웃,이택근 : 2루수 땅볼 아웃 (2루수->1루수 송구아웃);,1,2,1,6,초,5,1,1,0,우,,,,,이태양,강귀태,이숭용,김민성,김민우,강정호,알드리지,유한준,오윤,,,,61323,72312,94310,77564,72303,76325,61332,74339,70312,,,,,,,,,,,,,,,,,,20110514,WO,LG,키움,LG,목동,박기택,44,4,-1,20110514LGWO0
직구,이태양,정성훈,61323,99606,125,스트라이크,,,,0,0,2,6,초,5,1,0,0,우,,,,,이태양,강귀태,이숭용,김민성,김민우,강정호,알드리지,유한준,오윤,,,,61323,72312,94310,77564,72303,76325,61332,74339,70312,,,,,,,,,,,,,,,,,,20110514,WO,LG,키움,LG,목동,박기택,45,1,-1,20110514LGWO0
직구,이태양,정성훈,61323,99606,128,볼,,,,0,1,2,6,초,5,1,0,0,우,,,,,이태양,강귀태,이숭용,김민성,김민우,강정호,알드리지,유한준,오윤,,,,61323,72312,94310,77564,72303,76325,61332,74339,70312,,,,,,,,,,,,,,,,,,20110514,WO,LG,키움,LG,목동,박기택,45,2,-1,20110514LGWO0
직구,이태양,정성훈,61323,99606,127,스트라이크,,,,1,1,2,6,초,5,1,0,0,우,,,,,이태양,강귀태,이숭용,김민성,김민우,강정호,알드리지,유한준,오윤,,,,61323,72312,94310,77564,72303,76325,61332,74339,70312,,,,,,,,,,,,,,,,,,20110514,WO,LG,키움,LG,목동,박기택,45,3,-1,20110514LGWO0
슬라이더,이태양,정성훈,61323,99606,111,볼,,,,1,2,2,6,초,5,1,0,0,우,,,,,이태양,강귀태,이숭용,김민성,김민우,강정호,알드리지,유한준,오윤,,,,61323,72312,94310,77564,72303,76325,61332,74339,70312,,,,,,,,,,,,,,,,,,20110514,WO,LG,키움,LG,목동,박기택,45,4,-1,20110514LGWO0
직구,이태양,정성훈,61323,99606,124,볼,,,,2,2,2,6,초,5,1,0,0,우,,,,,이태양,강귀태,이숭용,김민성,김민우,강정호,알드리지,유한준,오윤,,,,61323,72312,94310,77564,72303,76325,61332,74339,70312,,,,,,,,,,,,,,,,,,20110514,WO,LG,키움,LG,목동,박기택,45,5,-1,20110514LGWO0
슬라이더,이태양,정성훈,61323,99606,112,볼,볼넷,볼넷,정성훈 :  볼넷;,3,2,2,6,초,5,1,0,0,우,,,,,이태양,강귀태,이숭용,김민성,김민우,강정호,알드리지,유한준,오윤,,,,61323,72312,94310,77564,72303,76325,61332,74339,70312,,,,,,,,,,,,,,,,,,20110514,WO,LG,키움,LG,목동,박기택,45,6,-1,20110514LGWO0
직구,이태양,정의윤,61323,75151,126,볼,,,,0,0,2,6,초,5,1,0,0,우,,정성훈,,,이태양,강귀태,이숭용,김민성,김민우,강정호,알드리지,유한준,오윤,99606.0,,,61323,72312,94310,77564,72303,76325,61332,74339,70312,,,,,,,,,,,,,,,,,,20110514,WO,LG,키움,LG,목동,박기택,46,1,-1,20110514LGWO0
직구,이태양,정의윤,61323,75151,121,볼,몸에 맞는 볼,몸에 맞는 볼,정의윤 : 몸에 맞는 볼; 1루주자 정성훈 : 2루까지 진루;,1,0,2,6,초,5,1,0,0,우,,정성훈,,,이태양,강귀태,이숭용,김민성,김민우,강정호,알드리지,유한준,오윤,99606.0,,,61323,72312,94310,77564,72303,76325,61332,74339,70312,,,,,,,,,,,,,,,,,,20110514,WO,LG,키움,LG,목동,박기택,46,2,-1,20110514LGWO0
직구,이태양,서동욱,61323,73606,127,스트라이크,,,,0,0,2,6,초,5,1,0,0,양,,정의윤,정성훈,,이태양,강귀태,이숭용,김민성,김민우,강정호,알드리지,유한준,오윤,75151.0,99606.0,,61323,72312,94310,77564,72303,76325,61332,74339,70312,,,,,,,,,,,,,,,,,,20110514,WO,LG,키움,LG,목동,박기택,47,1,-1,20110514LGWO0
직구,이태양,서동욱,61323,73606,126,볼,,,,0,1,2,6,초,5,1,0,0,양,,정의윤,정성훈,,이태양,강귀태,이숭용,김민성,김민우,강정호,알드리지,유한준,오윤,75151.0,99606.0,,61323,72312,94310,77564,72303,76325,61332,74339,70312,,,,,,,,,,,,,,,,,,20110514,WO,LG,키움,LG,목동,박기택,47,2,-1,20110514LGWO0
직구,이태양,서동욱,61323,73606,126,볼,,,,1,1,2,6,초,5,1,0,0,양,,정의윤,정성훈,,이태양,강귀태,이숭용,김민성,김민우,강정호,알드리지,유한준,오윤,75151.0,99606.0,,61323,72312,94310,77564,72303,76325,61332,74339,70312,,,,,,,,,,,,,,,,,,20110514,WO,LG,키움,LG,목동,박기택,47,3,-1,20110514LGWO0
직구,이태양,서동욱,61323,73606,124,파울,,,,2,1,2,6,초,5,1,0,0,양,,정의윤,정성훈,,이태양,강귀태,이숭용,김민성,김민우,강정호,알드리지,유한준,오윤,75151.0,99606.0,,61323,72312,94310,77564,72303,76325,61332,74339,70312,,,,,,,,,,,,,,,,,,20110514,WO,LG,키움,LG,목동,박기택,47,4,-1,20110514LGWO0
직구,이태양,서동욱,61323,73606,124,헛스윙,삼진,삼진,서동욱 :  삼진 아웃;,2,2,2,6,초,5,1,0,0,양,,정의윤,정성훈,,이태양,강귀태,이숭용,김민성,김민우,강정호,알드리지,유한준,오윤,75151.0,99606.0,,61323,72312,94310,77564,72303,76325,61332,74339,70312,,,,,,,,,,,,,,,,,,20110514,WO,LG,키움,LG,목동,박기택,47,5,-1,20110514LGWO0
직구,김광삼,유한준,99152,74339,135,볼,,,,0,0,0,6,말,5,1,0,0,우,,,,,김광삼,조인성,이택근,서동욱,정성훈,박경수,정의윤,이대형,이병규,,,,99152,98144,73342,73606,99606,73113,75151,73153,97109,,,,,,,,,,,,,,,,,,20110514,WO,LG,키움,LG,목동,박기택,48,1,-1,20110514LGWO0
직구,김광삼,유한준,99152,74339,138,스트라이크,,,,1,0,0,6,말,5,1,0,0,우,,,,,김광삼,조인성,이택근,서동욱,정성훈,박경수,정의윤,이대형,이병규,,,,99152,98144,73342,73606,99606,73113,75151,73153,97109,,,,,,,,,,,,,,,,,,20110514,WO,LG,키움,LG,목동,박기택,48,2,-1,20110514LGWO0
직구,김광삼,유한준,99152,74339,140,볼,,,,1,1,0,6,말,5,1,0,0,우,,,,,김광삼,조인성,이택근,서동욱,정성훈,박경수,정의윤,이대형,이병규,,,,99152,98144,73342,73606,99606,73113,75151,73153,97109,,,,,,,,,,,,,,,,,,20110514,WO,LG,키움,LG,목동,박기택,48,3,-1,20110514LGWO0
직구,김광삼,유한준,99152,74339,136,타격,내야안타,내야안타,유한준 : 유격수 왼쪽 내야안타;,2,1,0,6,말,5,1,0,0,우,,,,,김광삼,조인성,이택근,서동욱,정성훈,박경수,정의윤,이대형,이병규,,,,99152,98144,73342,73606,99606,73113,75151,73153,97109,,,,,,,,,,,,,,,,,,20110514,WO,LG,키움,LG,목동,박기택,48,4,-1,20110514LGWO0
슬라이더,김광삼,강정호,99152,76325,126,볼,,,,0,0,0,6,말,5,1,0,0,우,,유한준,,,김광삼,조인성,이택근,서동욱,정성훈,박경수,정의윤,이대형,이병규,74339.0,,,99152,98144,73342,73606,99606,73113,75151,73153,97109,,,,,,,,,,,,,,,,,,20110514,WO,LG,키움,LG,목동,박기택,49,1,-1,20110514LGWO0
직구,김광삼,강정호,99152,76325,139,타격,안타,안타,강정호 : 우익수 앞 1루타; 1루주자 유한준 : 2루까지 진루;,1,0,0,6,말,5,1,0,0,우,,유한준,,,김광삼,조인성,이택근,서동욱,정성훈,박경수,정의윤,이대형,이병규,74339.0,,,99152,98144,73342,73606,99606,73113,75151,73153,97109,,,,,,,,,,,,,,,,,,20110514,WO,LG,키움,LG,목동,박기택,49,2,-1,20110514LGWO0
,김광삼,알드리지,99152,61332,,,,,투수 김광삼 : 투수 최성민 (으)로 교체;,0,0,0,6,말,5,1,0,0,좌,,강정호,유한준,,김광삼,조인성,이택근,서동욱,정성훈,박경수,정의윤,이대형,이병규,76325.0,74339.0,,99152,98144,73342,73606,99606,73113,75151,73153,97109,,,,,,,,,,,,,,,,,,20110514,WO,LG,키움,LG,목동,박기택,50,,,20110514LGWO0
직구,최성민,알드리지,79137,61332,140,볼,,,,0,0,0,6,말,5,1,0,0,좌,,강정호,유한준,,최성민,조인성,이택근,서동욱,정성훈,박경수,정의윤,이대형,이병규,76325.0,74339.0,,79137,98144,73342,73606,99606,73113,75151,73153,97109,,,,,,,,,,,,,,,,,,20110514,WO,LG,키움,LG,목동,박기택,50,1,-1,20110514LGWO0
슬라이더,최성민,알드리지,79137,61332,121,타격,필드 아웃,인필드 플라이,알드리지 : 3루수 인필드플라이 아웃;,1,0,0,6,말,5,1,1,0,좌,,강정호,유한준,,최성민,조인성,이택근,서동욱,정성훈,박경수,정의윤,이대형,이병규,76325.0,74339.0,,79137,98144,73342,73606,99606,73113,75151,73153,97109,,,,,,,,,,,,,,,,,,20110514,WO,LG,키움,LG,목동,박기택,50,2,-1,20110514LGWO0
커브,최성민,오윤,79137,70312,109,볼,,,,0,0,1,6,말,5,1,0,0,우,,강정호,유한준,,최성민,조인성,이택근,서동욱,정성훈,박경수,정의윤,이대형,이병규,76325.0,74339.0,,79137,98144,73342,73606,99606,73113,75151,73153,97109,,,,,,,,,,,,,,,,,,20110514,WO,LG,키움,LG,목동,박기택,51,1,-1,20110514LGWO0
직구,최성민,오윤,79137,70312,139,볼,,,,1,0,1,6,말,5,1,0,0,우,,강정호,유한준,,최성민,조인성,이택근,서동욱,정성훈,박경수,정의윤,이대형,이병규,76325.0,74339.0,,79137,98144,73342,73606,99606,73113,75151,73153,97109,,,,,,,,,,,,,,,,,,20110514,WO,LG,키움,LG,목동,박기택,51,2,-1,20110514LGWO0
직구,최성민,오윤,79137,70312,138,볼,,,,2,0,1,6,말,5,1,0,0,우,,강정호,유한준,,최성민,조인성,이택근,서동욱,정성훈,박경수,정의윤,이대형,이병규,76325.0,74339.0,,79137,98144,73342,73606,99606,73113,75151,73153,97109,,,,,,,,,,,,,,,,,,20110514,WO,LG,키움,LG,목동,박기택,51,3,-1,20110514LGWO0
직구,최성민,오윤,79137,70312,140,볼,볼넷,볼넷,오윤 :  볼넷; 1루주자 강정호 : 2루까지 진루; 2루주자 유한준 : 3루까지 진루;,3,0,1,6,말,5,1,0,0,우,,강정호,유한준,,최성민,조인성,이택근,서동욱,정성훈,박경수,정의윤,이대형,이병규,76325.0,74339.0,,79137,98144,73342,73606,99606,73113,75151,73153,97109,,,,,,,,,,,,,,,,,,20110514,WO,LG,키움,LG,목동,박기택,51,4,-1,20110514LGWO0
,최성민,이숭용,79137,94310,,,,,투수 최성민 : 투수 한희 (으)로 교체; 7번타자 이숭용 : 대타 송지만 (으)로 교체;,0,0,1,6,말,5,1,0,0,좌,,오윤,강정호,유한준,최성민,조인성,이택근,서동욱,정성훈,박경수,정의윤,이대형,이병규,70312.0,76325.0,74339.0,79137,98144,73342,73606,99606,73113,75151,73153,97109,,,,,,,,,,,,,,,,,,20110514,WO,LG,키움,LG,목동,박기택,52,,,20110514LGWO0
커브,한희,송지만,79138,96761,119,볼,,,,0,0,1,6,말,5,1,0,0,우,,오윤,강정호,유한준,한희,조인성,이택근,서동욱,정성훈,박경수,정의윤,이대형,이병규,70312.0,76325.0,74339.0,79138,98144,73342,73606,99606,73113,75151,73153,97109,,,,,,,,,,,,,,,,,,20110514,WO,LG,키움,LG,목동,박기택,52,1,-1,20110514LGWO0
직구,한희,송지만,79138,96761,144,스트라이크,,,,1,0,1,6,말,5,1,0,0,우,,오윤,강정호,유한준,한희,조인성,이택근,서동욱,정성훈,박경수,정의윤,이대형,이병규,70312.0,76325.0,74339.0,79138,98144,73342,73606,99606,73113,75151,73153,97109,,,,,,,,,,,,,,,,,,20110514,WO,LG,키움,LG,목동,박기택,52,2,-1,20110514LGWO0
커브,한희,송지만,79138,96761,118,볼,,,,1,1,1,6,말,5,1,0,0,우,,오윤,강정호,유한준,한희,조인성,이택근,서동욱,정성훈,박경수,정의윤,이대형,이병규,70312.0,76325.0,74339.0,79138,98144,73342,73606,99606,73113,75151,73153,97109,,,,,,,,,,,,,,,,,,20110514,WO,LG,키움,LG,목동,박기택,52,3,-1,20110514LGWO0
직구,한희,송지만,79138,96761,143,파울,,,,2,1,1,6,말,5,1,0,0,우,,오윤,강정호,유한준,한희,조인성,이택근,서동욱,정성훈,박경수,정의윤,이대형,이병규,70312.0,76325.0,74339.0,79138,98144,73342,73606,99606,73113,75151,73153,97109,,,,,,,,,,,,,,,,,,20110514,WO,LG,키움,LG,목동,박기택,52,4,-1,20110514LGWO0
포크,한희,송지만,79138,96761,128,볼,,,,2,2,1,6,말,5,1,0,0,우,,오윤,강정호,유한준,한희,조인성,이택근,서동욱,정성훈,박경수,정의윤,이대형,이병규,70312.0,76325.0,74339.0,79138,98144,73342,73606,99606,73113,75151,73153,97109,,,,,,,,,,,,,,,,,,20110514,WO,LG,키움,LG,목동,박기택,52,5,-1,20110514LGWO0
직구,한희,송지만,79138,96761,142,파울,,,,3,2,1,6,말,5,1,0,0,우,,오윤,강정호,유한준,한희,조인성,이택근,서동욱,정성훈,박경수,정의윤,이대형,이병규,70312.0,76325.0,74339.0,79138,98144,73342,73606,99606,73113,75151,73153,97109,,,,,,,,,,,,,,,,,,20110514,WO,LG,키움,LG,목동,박기택,52,6,-1,20110514LGWO0
직구,한희,송지만,79138,96761,144,파울,,,,3,2,1,6,말,5,1,0,0,우,,오윤,강정호,유한준,한희,조인성,이택근,서동욱,정성훈,박경수,정의윤,이대형,이병규,70312.0,76325.0,74339.0,79138,98144,73342,73606,99606,73113,75151,73153,97109,,,,,,,,,,,,,,,,,,20110514,WO,LG,키움,LG,목동,박기택,52,7,-1,20110514LGWO0
슬라이더,한희,송지만,79138,96761,121,파울,,,,3,2,1,6,말,5,1,0,0,우,,오윤,강정호,유한준,한희,조인성,이택근,서동욱,정성훈,박경수,정의윤,이대형,이병규,70312.0,76325.0,74339.0,79138,98144,73342,73606,99606,73113,75151,73153,97109,,,,,,,,,,,,,,,,,,20110514,WO,LG,키움,LG,목동,박기택,52,8,-1,20110514LGWO0
직구,한희,송지만,79138,96761,142,헛스윙,삼진,삼진,송지만 :  삼진 아웃;,3,2,1,6,말,5,1,0,0,우,,오윤,강정호,유한준,한희,조인성,이택근,서동욱,정성훈,박경수,정의윤,이대형,이병규,70312.0,76325.0,74339.0,79138,98144,73342,73606,99606,73113,75151,73153,97109,,,,,,,,,,,,,,,,,,20110514,WO,LG,키움,LG,목동,박기택,52,9,-1,20110514LGWO0
직구,한희,강귀태,79138,72312,143,볼,,,,0,0,2,6,말,5,1,0,0,우,,오윤,강정호,유한준,한희,조인성,이택근,서동욱,정성훈,박경수,정의윤,이대형,이병규,70312.0,76325.0,74339.0,79138,98144,73342,73606,99606,73113,75151,73153,97109,,,,,,,,,,,,,,,,,,20110514,WO,LG,키움,LG,목동,박기택,53,1,-1,20110514LGWO0
직구,한희,강귀태,79138,72312,136,파울,,,,1,0,2,6,말,5,1,0,0,우,,오윤,강정호,유한준,한희,조인성,이택근,서동욱,정성훈,박경수,정의윤,이대형,이병규,70312.0,76325.0,74339.0,79138,98144,73342,73606,99606,73113,75151,73153,97109,,,,,,,,,,,,,,,,,,20110514,WO,LG,키움,LG,목동,박기택,53,2,-1,20110514LGWO0
슬라이더,한희,강귀태,79138,72312,118,파울,,,,1,1,2,6,말,5,1,0,0,우,,오윤,강정호,유한준,한희,조인성,이택근,서동욱,정성훈,박경수,정의윤,이대형,이병규,70312.0,76325.0,74339.0,79138,98144,73342,73606,99606,73113,75151,73153,97109,,,,,,,,,,,,,,,,,,20110514,WO,LG,키움,LG,목동,박기택,53,3,-1,20110514LGWO0
포크,한희,강귀태,79138,72312,128,볼,,,,1,2,2,6,말,5,1,0,0,우,,오윤,강정호,유한준,한희,조인성,이택근,서동욱,정성훈,박경수,정의윤,이대형,이병규,70312.0,76325.0,74339.0,79138,98144,73342,73606,99606,73113,75151,73153,97109,,,,,,,,,,,,,,,,,,20110514,WO,LG,키움,LG,목동,박기택,53,4,-1,20110514LGWO0
직구,한희,강귀태,79138,72312,141,타격,포스 아웃,땅볼 아웃,강귀태 : 유격수 앞 땅볼로 출루; 1루주자 오윤 :  포스아웃 (유격수 2루 터치아웃);,2,2,2,6,말,5,1,1,0,우,,오윤,강정호,유한준,한희,조인성,이택근,서동욱,정성훈,박경수,정의윤,이대형,이병규,70312.0,76325.0,74339.0,79138,98144,73342,73606,99606,73113,75151,73153,97109,,,,,,,,,,,,,,,,,,20110514,WO,LG,키움,LG,목동,박기택,53,5,-1,20110514LGWO0
,이태양,이대형,61323,73153,,,,,중견수 유한준 : 1루수(으)로 수비위치 변경; 대타 송지만 : 중견수(으)로 수비위치 변경;,0,0,0,7,초,5,1,0,0,좌,,,,,이태양,강귀태,이숭용,김민성,김민우,강정호,알드리지,유한준,오윤,,,,61323,72312,94310,77564,72303,76325,61332,74339,70312,,,,,,,,,,,,,,,,,,20110514,WO,LG,키움,LG,목동,박기택,54,,,20110514LGWO0
직구,이태양,이대형,61323,73153,122,파울,,,,0,0,0,7,초,5,1,0,0,좌,,,,,이태양,강귀태,유한준,김민성,김민우,강정호,알드리지,송지만,오윤,,,,61323,72312,74339,77564,72303,76325,61332,96761,70312,,,,,,,,,,,,,,,,,,20110514,WO,LG,키움,LG,목동,박기택,54,1,-1,20110514LGWO0
직구,이태양,이대형,61323,73153,118,타격,포스 아웃,땅볼 아웃,이대형 : 3루수 땅볼 아웃 (3루수->1루수 송구아웃);,0,1,0,7,초,5,1,1,0,좌,,,,,이태양,강귀태,유한준,김민성,김민우,강정호,알드리지,송지만,오윤,,,,61323,72312,74339,77564,72303,76325,61332,96761,70312,,,,,,,,,,,,,,,,,,20110514,WO,LG,키움,LG,목동,박기택,54,2,-1,20110514LGWO0
직구,이태양,박경수,61323,73113,127,볼,,,,0,0,1,7,초,5,1,0,0,우,,,,,이태양,강귀태,유한준,김민성,김민우,강정호,알드리지,송지만,오윤,,,,61323,72312,74339,77564,72303,76325,61332,96761,70312,,,,,,,,,,,,,,,,,,20110514,WO,LG,키움,LG,목동,박기택,55,1,-1,20110514LGWO0
직구,이태양,박경수,61323,73113,126,스트라이크,,,,1,0,1,7,초,5,1,0,0,우,,,,,이태양,강귀태,유한준,김민성,김민우,강정호,알드리지,송지만,오윤,,,,61323,72312,74339,77564,72303,76325,61332,96761,70312,,,,,,,,,,,,,,,,,,20110514,WO,LG,키움,LG,목동,박기택,55,2,-1,20110514LGWO0
직구,이태양,박경수,61323,73113,125,파울,,,,1,1,1,7,초,5,1,0,0,우,,,,,이태양,강귀태,유한준,김민성,김민우,강정호,알드리지,송지만,오윤,,,,61323,72312,74339,77564,72303,76325,61332,96761,70312,,,,,,,,,,,,,,,,,,20110514,WO,LG,키움,LG,목동,박기택,55,3,-1,20110514LGWO0
직구,이태양,박경수,61323,73113,127,볼,,,,1,2,1,7,초,5,1,0,0,우,,,,,이태양,강귀태,유한준,김민성,김민우,강정호,알드리지,송지만,오윤,,,,61323,72312,74339,77564,72303,76325,61332,96761,70312,,,,,,,,,,,,,,,,,,20110514,WO,LG,키움,LG,목동,박기택,55,4,-1,20110514LGWO0
직구,이태양,박경수,61323,73113,126,볼,,,,2,2,1,7,초,5,1,0,0,우,,,,,이태양,강귀태,유한준,김민성,김민우,강정호,알드리지,송지만,오윤,,,,61323,72312,74339,77564,72303,76325,61332,96761,70312,,,,,,,,,,,,,,,,,,20110514,WO,LG,키움,LG,목동,박기택,55,5,-1,20110514LGWO0
직구,이태양,박경수,61323,73113,128,타격,포스 아웃,땅볼 아웃,박경수 : 유격수 땅볼 아웃 (유격수->1루수 송구아웃);,3,2,1,7,초,5,1,1,0,우,,,,,이태양,강귀태,유한준,김민성,김민우,강정호,알드리지,송지만,오윤,,,,61323,72312,74339,77564,72303,76325,61332,96761,70312,,,,,,,,,,,,,,,,,,20110514,WO,LG,키움,LG,목동,박기택,55,6,-1,20110514LGWO0
직구,이태양,이병규,61323,97109,127,볼,,,,0,0,2,7,초,5,1,0,0,좌,,,,,이태양,강귀태,유한준,김민성,김민우,강정호,알드리지,송지만,오윤,,,,61323,72312,74339,77564,72303,76325,61332,96761,70312,,,,,,,,,,,,,,,,,,20110514,WO,LG,키움,LG,목동,박기택,56,1,-1,20110514LGWO0
직구,이태양,이병규,61323,97109,123,볼,,,,1,0,2,7,초,5,1,0,0,좌,,,,,이태양,강귀태,유한준,김민성,김민우,강정호,알드리지,송지만,오윤,,,,61323,72312,74339,77564,72303,76325,61332,96761,70312,,,,,,,,,,,,,,,,,,20110514,WO,LG,키움,LG,목동,박기택,56,2,-1,20110514LGWO0
직구,이태양,이병규,61323,97109,124,헛스윙,,,,2,0,2,7,초,5,1,0,0,좌,,,,,이태양,강귀태,유한준,김민성,김민우,강정호,알드리지,송지만,오윤,,,,61323,72312,74339,77564,72303,76325,61332,96761,70312,,,,,,,,,,,,,,,,,,20110514,WO,LG,키움,LG,목동,박기택,56,3,-1,20110514LGWO0
직구,이태양,이병규,61323,97109,128,스트라이크,,,,2,1,2,7,초,5,1,0,0,좌,,,,,이태양,강귀태,유한준,김민성,김민우,강정호,알드리지,송지만,오윤,,,,61323,72312,74339,77564,72303,76325,61332,96761,70312,,,,,,,,,,,,,,,,,,20110514,WO,LG,키움,LG,목동,박기택,56,4,-1,20110514LGWO0
직구,이태양,이병규,61323,97109,123,타격,실책,실책,이병규 : 3루수 실책으로 출루 (3루수 실책);,2,2,2,7,초,5,1,0,0,좌,,,,,이태양,강귀태,유한준,김민성,김민우,강정호,알드리지,송지만,오윤,,,,61323,72312,74339,77564,72303,76325,61332,96761,70312,,,,,,,,,,,,,,,,,,20110514,WO,LG,키움,LG,목동,박기택,56,5,-1,20110514LGWO0
직구,이태양,박용택,61323,72133,127,헛스윙,,,,0,0,2,7,초,5,1,0,0,좌,,이병규,,,이태양,강귀태,유한준,김민성,김민우,강정호,알드리지,송지만,오윤,97109.0,,,61323,72312,74339,77564,72303,76325,61332,96761,70312,,,,,,,,,,,,,,,,,,20110514,WO,LG,키움,LG,목동,박기택,57,1,-1,20110514LGWO0
직구,이태양,박용택,61323,72133,125,파울,,,,0,1,2,7,초,5,1,0,0,좌,,이병규,,,이태양,강귀태,유한준,김민성,김민우,강정호,알드리지,송지만,오윤,97109.0,,,61323,72312,74339,77564,72303,76325,61332,96761,70312,,,,,,,,,,,,,,,,,,20110514,WO,LG,키움,LG,목동,박기택,57,2,-1,20110514LGWO0
직구,이태양,박용택,61323,72133,127,볼,,,,0,2,2,7,초,5,1,0,0,좌,,이병규,,,이태양,강귀태,유한준,김민성,김민우,강정호,알드리지,송지만,오윤,97109.0,,,61323,72312,74339,77564,72303,76325,61332,96761,70312,,,,,,,,,,,,,,,,,,20110514,WO,LG,키움,LG,목동,박기택,57,3,-1,20110514LGWO0
싱커,이태양,박용택,61323,72133,120,볼,,,,1,2,2,7,초,5,1,0,0,좌,,이병규,,,이태양,강귀태,유한준,김민성,김민우,강정호,알드리지,송지만,오윤,97109.0,,,61323,72312,74339,77564,72303,76325,61332,96761,70312,,,,,,,,,,,,,,,,,,20110514,WO,LG,키움,LG,목동,박기택,57,4,-1,20110514LGWO0
직구,이태양,박용택,61323,72133,127,헛스윙,삼진,삼진,박용택 :  삼진 아웃;,2,2,2,7,초,5,1,0,0,좌,,이병규,,,이태양,강귀태,유한준,김민성,김민우,강정호,알드리지,송지만,오윤,97109.0,,,61323,72312,74339,77564,72303,76325,61332,96761,70312,,,,,,,,,,,,,,,,,,20110514,WO,LG,키움,LG,목동,박기택,57,5,-1,20110514LGWO0
직구,한희,김민성,79138,77564,142,볼,,,,0,0,0,7,말,5,1,0,0,우,,,,,한희,조인성,이택근,서동욱,정성훈,박경수,정의윤,이대형,이병규,,,,79138,98144,73342,73606,99606,73113,75151,73153,97109,,,,,,,,,,,,,,,,,,20110514,WO,LG,키움,LG,목동,박기택,58,1,-1,20110514LGWO0
직구,한희,김민성,79138,77564,136,볼,,,,1,0,0,7,말,5,1,0,0,우,,,,,한희,조인성,이택근,서동욱,정성훈,박경수,정의윤,이대형,이병규,,,,79138,98144,73342,73606,99606,73113,75151,73153,97109,,,,,,,,,,,,,,,,,,20110514,WO,LG,키움,LG,목동,박기택,58,2,-1,20110514LGWO0
직구,한희,김민성,79138,77564,140,스트라이크,,,,2,0,0,7,말,5,1,0,0,우,,,,,한희,조인성,이택근,서동욱,정성훈,박경수,정의윤,이대형,이병규,,,,79138,98144,73342,73606,99606,73113,75151,73153,97109,,,,,,,,,,,,,,,,,,20110514,WO,LG,키움,LG,목동,박기택,58,3,-1,20110514LGWO0
직구,한희,김민성,79138,77564,140,볼,,,,2,1,0,7,말,5,1,0,0,우,,,,,한희,조인성,이택근,서동욱,정성훈,박경수,정의윤,이대형,이병규,,,,79138,98144,73342,73606,99606,73113,75151,73153,97109,,,,,,,,,,,,,,,,,,20110514,WO,LG,키움,LG,목동,박기택,58,4,-1,20110514LGWO0
직구,한희,김민성,79138,77564,141,볼,볼넷,볼넷,김민성 :  볼넷;,3,1,0,7,말,5,1,0,0,우,,,,,한희,조인성,이택근,서동욱,정성훈,박경수,정의윤,이대형,이병규,,,,79138,98144,73342,73606,99606,73113,75151,73153,97109,,,,,,,,,,,,,,,,,,20110514,WO,LG,키움,LG,목동,박기택,58,5,-1,20110514LGWO0
직구,한희,김민우,79138,72303,141,볼,,,,0,0,0,7,말,5,1,0,0,우,,김민성,,,한희,조인성,이택근,서동욱,정성훈,박경수,정의윤,이대형,이병규,77564.0,,,79138,98144,73342,73606,99606,73113,75151,73153,97109,,,,,,,,,,,,,,,,,,20110514,WO,LG,키움,LG,목동,박기택,59,1,-1,20110514LGWO0
슬라이더,한희,김민우,79138,72303,125,스트라이크,,,,1,0,0,7,말,5,1,0,0,우,,김민성,,,한희,조인성,이택근,서동욱,정성훈,박경수,정의윤,이대형,이병규,77564.0,,,79138,98144,73342,73606,99606,73113,75151,73153,97109,,,,,,,,,,,,,,,,,,20110514,WO,LG,키움,LG,목동,박기택,59,2,-1,20110514LGWO0
커브,한희,김민우,79138,72303,113,볼,,,,1,1,0,7,말,5,1,0,0,우,,김민성,,,한희,조인성,이택근,서동욱,정성훈,박경수,정의윤,이대형,이병규,77564.0,,,79138,98144,73342,73606,99606,73113,75151,73153,97109,,,,,,,,,,,,,,,,,,20110514,WO,LG,키움,LG,목동,박기택,59,3,-1,20110514LGWO0
직구,한희,김민우,79138,72303,142,볼,,,,2,1,0,7,말,5,1,0,0,우,,김민성,,,한희,조인성,이택근,서동욱,정성훈,박경수,정의윤,이대형,이병규,77564.0,,,79138,98144,73342,73606,99606,73113,75151,73153,97109,,,,,,,,,,,,,,,,,,20110514,WO,LG,키움,LG,목동,박기택,59,4,-1,20110514LGWO0
직구,한희,김민우,79138,72303,143,타격,안타,안타,김민우 : 좌익수 앞 1루타; 1루주자 김민성 : 2루까지 진루;,3,1,0,7,말,5,1,0,0,우,,김민성,,,한희,조인성,이택근,서동욱,정성훈,박경수,정의윤,이대형,이병규,77564.0,,,79138,98144,73342,73606,99606,73113,75151,73153,97109,,,,,,,,,,,,,,,,,,20110514,WO,LG,키움,LG,목동,박기택,59,5,-1,20110514LGWO0
슬라이더,한희,강병식,79138,72325,121,스트라이크,,,,0,0,0,7,말,5,1,0,0,좌,,김민우,김민성,,한희,조인성,이택근,서동욱,정성훈,박경수,정의윤,이대형,이병규,72303.0,77564.0,,79138,98144,73342,73606,99606,73113,75151,73153,97109,,,,,,,,,,,,,,,,,,20110514,WO,LG,키움,LG,목동,박기택,60,1,-1,20110514LGWO0
커브,한희,강병식,79138,72325,112,헛스윙,,,,0,1,0,7,말,5,1,0,0,좌,,김민우,김민성,,한희,조인성,이택근,서동욱,정성훈,박경수,정의윤,이대형,이병규,72303.0,77564.0,,79138,98144,73342,73606,99606,73113,75151,73153,97109,,,,,,,,,,,,,,,,,,20110514,WO,LG,키움,LG,목동,박기택,60,2,-1,20110514LGWO0
직구,한희,강병식,79138,72325,143,파울,,,,0,2,0,7,말,5,1,0,0,좌,,김민우,김민성,,한희,조인성,이택근,서동욱,정성훈,박경수,정의윤,이대형,이병규,72303.0,77564.0,,79138,98144,73342,73606,99606,73113,75151,73153,97109,,,,,,,,,,,,,,,,,,20110514,WO,LG,키움,LG,목동,박기택,60,3,-1,20110514LGWO0
직구,한희,강병식,79138,72325,142,스트라이크,삼진,삼진,강병식 :  삼진 아웃;,0,2,0,7,말,5,1,0,0,좌,,김민우,김민성,,한희,조인성,이택근,서동욱,정성훈,박경수,정의윤,이대형,이병규,72303.0,77564.0,,79138,98144,73342,73606,99606,73113,75151,73153,97109,,,,,,,,,,,,,,,,,,20110514,WO,LG,키움,LG,목동,박기택,60,4,-1,20110514LGWO0
커브,한희,유한준,79138,74339,108,스트라이크,,,,0,0,1,7,말,5,1,0,0,우,,김민우,김민성,,한희,조인성,이택근,서동욱,정성훈,박경수,정의윤,이대형,이병규,72303.0,77564.0,,79138,98144,73342,73606,99606,73113,75151,73153,97109,,,,,,,,,,,,,,,,,,20110514,WO,LG,키움,LG,목동,박기택,61,1,-1,20110514LGWO0
직구,한희,유한준,79138,74339,141,파울,,,,0,1,1,7,말,5,1,0,0,우,,김민우,김민성,,한희,조인성,이택근,서동욱,정성훈,박경수,정의윤,이대형,이병규,72303.0,77564.0,,79138,98144,73342,73606,99606,73113,75151,73153,97109,,,,,,,,,,,,,,,,,,20110514,WO,LG,키움,LG,목동,박기택,61,2,-1,20110514LGWO0
포크,한희,유한준,79138,74339,123,볼,,,,0,2,1,7,말,5,1,0,0,우,,김민우,김민성,,한희,조인성,이택근,서동욱,정성훈,박경수,정의윤,이대형,이병규,72303.0,77564.0,,79138,98144,73342,73606,99606,73113,75151,73153,97109,,,,,,,,,,,,,,,,,,20110514,WO,LG,키움,LG,목동,박기택,61,3,-1,20110514LGWO0
직구,한희,유한준,79138,74339,141,타격,필드 아웃,파울 플라이 아웃,유한준 : 포수 파울플라이 아웃;,1,2,1,7,말,5,1,1,0,우,,김민우,김민성,,한희,조인성,이택근,서동욱,정성훈,박경수,정의윤,이대형,이병규,72303.0,77564.0,,79138,98144,73342,73606,99606,73113,75151,73153,97109,,,,,,,,,,,,,,,,,,20110514,WO,LG,키움,LG,목동,박기택,61,4,-1,20110514LGWO0
직구,한희,강정호,79138,76325,142,볼,,,,0,0,2,7,말,5,1,0,0,우,,김민우,김민성,,한희,조인성,이택근,서동욱,정성훈,박경수,정의윤,이대형,이병규,72303.0,77564.0,,79138,98144,73342,73606,99606,73113,75151,73153,97109,,,,,,,,,,,,,,,,,,20110514,WO,LG,키움,LG,목동,박기택,62,1,-1,20110514LGWO0
커브,한희,강정호,79138,76325,108,스트라이크,,,,1,0,2,7,말,5,1,0,0,우,,김민우,김민성,,한희,조인성,이택근,서동욱,정성훈,박경수,정의윤,이대형,이병규,72303.0,77564.0,,79138,98144,73342,73606,99606,73113,75151,73153,97109,,,,,,,,,,,,,,,,,,20110514,WO,LG,키움,LG,목동,박기택,62,2,-1,20110514LGWO0
포크,한희,강정호,79138,76325,123,볼,,,,1,1,2,7,말,5,1,0,0,우,,김민우,김민성,,한희,조인성,이택근,서동욱,정성훈,박경수,정의윤,이대형,이병규,72303.0,77564.0,,79138,98144,73342,73606,99606,73113,75151,73153,97109,,,,,,,,,,,,,,,,,,20110514,WO,LG,키움,LG,목동,박기택,62,3,-1,20110514LGWO0
슬라이더,한희,강정호,79138,76325,123,스트라이크,,,,2,1,2,7,말,5,1,0,0,우,,김민우,김민성,,한희,조인성,이택근,서동욱,정성훈,박경수,정의윤,이대형,이병규,72303.0,77564.0,,79138,98144,73342,73606,99606,73113,75151,73153,97109,,,,,,,,,,,,,,,,,,20110514,WO,LG,키움,LG,목동,박기택,62,4,-1,20110514LGWO0
직구,한희,강정호,79138,76325,133,볼,,,,2,2,2,7,말,5,1,0,0,우,,김민우,김민성,,한희,조인성,이택근,서동욱,정성훈,박경수,정의윤,이대형,이병규,72303.0,77564.0,,79138,98144,73342,73606,99606,73113,75151,73153,97109,,,,,,,,,,,,,,,,,,20110514,WO,LG,키움,LG,목동,박기택,62,5,-1,20110514LGWO0
커브,한희,강정호,79138,76325,110,타격,내야안타,내야안타,강정호 : 3루수 오른쪽 내야안타; 1루주자 강정호 : 3루수 실책으로 2루까지 진루(3루수 실책->1루수); 1루주자 김민우 : 2루까지 진루; 2루주자 김민우 :  실책으로 3루까지 진루; 2루주자 김민성 : 3루까지 진루; 3루주자 김민성 : 실책으로홈인;,3,2,2,7,말,5,1,0,1,우,,김민우,김민성,,한희,조인성,이택근,서동욱,정성훈,박경수,정의윤,이대형,이병규,72303.0,77564.0,,79138,98144,73342,73606,99606,73113,75151,73153,97109,,,,,,,,,,,,,,,,,,20110514,WO,LG,키움,LG,목동,박기택,62,6,-1,20110514LGWO0
,한희,알드리지,79138,61332,,,,,투수 한희 : 투수 이상열 (으)로 교체;,0,0,2,7,말,5,2,0,0,좌,,,강정호,김민우,한희,조인성,이택근,서동욱,정성훈,박경수,정의윤,이대형,이병규,,76325.0,72303.0,79138,98144,73342,73606,99606,73113,75151,73153,97109,,,,,,,,,,,,,,,,,,20110514,WO,LG,키움,LG,목동,박기택,63,,,20110514LGWO0
슬라이더,이상열,알드리지,96720,61332,103,스트라이크,,,,0,0,2,7,말,5,2,0,0,좌,,,강정호,김민우,이상열,조인성,이택근,서동욱,정성훈,박경수,정의윤,이대형,이병규,,76325.0,72303.0,96720,98144,73342,73606,99606,73113,75151,73153,97109,,,,,,,,,,,,,,,,,,20110514,WO,LG,키움,LG,목동,박기택,63,1,-1,20110514LGWO0
직구,이상열,알드리지,96720,61332,132,파울,,,,0,1,2,7,말,5,2,0,0,좌,,,강정호,김민우,이상열,조인성,이택근,서동욱,정성훈,박경수,정의윤,이대형,이병규,,76325.0,72303.0,96720,98144,73342,73606,99606,73113,75151,73153,97109,,,,,,,,,,,,,,,,,,20110514,WO,LG,키움,LG,목동,박기택,63,2,-1,20110514LGWO0
슬라이더,이상열,알드리지,96720,61332,132,파울,,,,0,2,2,7,말,5,2,0,0,좌,,,강정호,김민우,이상열,조인성,이택근,서동욱,정성훈,박경수,정의윤,이대형,이병규,,76325.0,72303.0,96720,98144,73342,73606,99606,73113,75151,73153,97109,,,,,,,,,,,,,,,,,,20110514,WO,LG,키움,LG,목동,박기택,63,3,-1,20110514LGWO0
커브,이상열,알드리지,96720,61332,120,파울,,,,0,2,2,7,말,5,2,0,0,좌,,,강정호,김민우,이상열,조인성,이택근,서동욱,정성훈,박경수,정의윤,이대형,이병규,,76325.0,72303.0,96720,98144,73342,73606,99606,73113,75151,73153,97109,,,,,,,,,,,,,,,,,,20110514,WO,LG,키움,LG,목동,박기택,63,4,-1,20110514LGWO0
직구,이상열,알드리지,96720,61332,134,볼,,,,0,2,2,7,말,5,2,0,0,좌,,,강정호,김민우,이상열,조인성,이택근,서동욱,정성훈,박경수,정의윤,이대형,이병규,,76325.0,72303.0,96720,98144,73342,73606,99606,73113,75151,73153,97109,,,,,,,,,,,,,,,,,,20110514,WO,LG,키움,LG,목동,박기택,63,5,-1,20110514LGWO0
직구,이상열,알드리지,96720,61332,138,볼,,,,1,2,2,7,말,5,2,0,0,좌,,,강정호,김민우,이상열,조인성,이택근,서동욱,정성훈,박경수,정의윤,이대형,이병규,,76325.0,72303.0,96720,98144,73342,73606,99606,73113,75151,73153,97109,,,,,,,,,,,,,,,,,,20110514,WO,LG,키움,LG,목동,박기택,63,6,-1,20110514LGWO0
직구,이상열,알드리지,96720,61332,139,볼,,,,2,2,2,7,말,5,2,0,0,좌,,,강정호,김민우,이상열,조인성,이택근,서동욱,정성훈,박경수,정의윤,이대형,이병규,,76325.0,72303.0,96720,98144,73342,73606,99606,73113,75151,73153,97109,,,,,,,,,,,,,,,,,,20110514,WO,LG,키움,LG,목동,박기택,63,7,-1,20110514LGWO0
슬라이더,이상열,알드리지,96720,61332,130,볼,볼넷,볼넷,알드리지 :  볼넷;,3,2,2,7,말,5,2,0,0,좌,,,강정호,김민우,이상열,조인성,이택근,서동욱,정성훈,박경수,정의윤,이대형,이병규,,76325.0,72303.0,96720,98144,73342,73606,99606,73113,75151,73153,97109,,,,,,,,,,,,,,,,,,20110514,WO,LG,키움,LG,목동,박기택,63,8,-1,20110514LGWO0
,이상열,오윤,96720,70312,,,,,투수 이상열 : 투수 이동현 (으)로 교체;,0,0,2,7,말,5,2,0,0,우,,알드리지,강정호,김민우,이상열,조인성,이택근,서동욱,정성훈,박경수,정의윤,이대형,이병규,61332.0,76325.0,72303.0,96720,98144,73342,73606,99606,73113,75151,73153,97109,,,,,,,,,,,,,,,,,,20110514,WO,LG,키움,LG,목동,박기택,64,,,20110514LGWO0
슬라이더,이동현,오윤,71118,70312,133,스트라이크,,,,0,0,2,7,말,5,2,0,0,우,,알드리지,강정호,김민우,이동현,조인성,이택근,서동욱,정성훈,박경수,정의윤,이대형,이병규,61332.0,76325.0,72303.0,71118,98144,73342,73606,99606,73113,75151,73153,97109,,,,,,,,,,,,,,,,,,20110514,WO,LG,키움,LG,목동,박기택,64,1,-1,20110514LGWO0
직구,이동현,오윤,71118,70312,146,파울,,,,0,1,2,7,말,5,2,0,0,우,,알드리지,강정호,김민우,이동현,조인성,이택근,서동욱,정성훈,박경수,정의윤,이대형,이병규,61332.0,76325.0,72303.0,71118,98144,73342,73606,99606,73113,75151,73153,97109,,,,,,,,,,,,,,,,,,20110514,WO,LG,키움,LG,목동,박기택,64,2,-1,20110514LGWO0
직구,이동현,오윤,71118,70312,148,파울,,,,0,2,2,7,말,5,2,0,0,우,,알드리지,강정호,김민우,이동현,조인성,이택근,서동욱,정성훈,박경수,정의윤,이대형,이병규,61332.0,76325.0,72303.0,71118,98144,73342,73606,99606,73113,75151,73153,97109,,,,,,,,,,,,,,,,,,20110514,WO,LG,키움,LG,목동,박기택,64,3,-1,20110514LGWO0
직구,이동현,오윤,71118,70312,136,볼,,,,0,2,2,7,말,5,2,0,0,우,,알드리지,강정호,김민우,이동현,조인성,이택근,서동욱,정성훈,박경수,정의윤,이대형,이병규,61332.0,76325.0,72303.0,71118,98144,73342,73606,99606,73113,75151,73153,97109,,,,,,,,,,,,,,,,,,20110514,WO,LG,키움,LG,목동,박기택,64,4,-1,20110514LGWO0
포크,이동현,오윤,71118,70312,133,타격,필드 아웃,플라이 아웃,오윤 : 우익수 플라이 아웃;,1,2,2,7,말,5,2,1,0,우,,알드리지,강정호,김민우,이동현,조인성,이택근,서동욱,정성훈,박경수,정의윤,이대형,이병규,61332.0,76325.0,72303.0,71118,98144,73342,73606,99606,73113,75151,73153,97109,,,,,,,,,,,,,,,,,,20110514,WO,LG,키움,LG,목동,박기택,64,5,-1,20110514LGWO0
직구,이태양,조인성,61323,98144,126,헛스윙,,,,0,0,0,8,초,5,2,0,0,우,,,,,이태양,강귀태,유한준,김민성,김민우,강정호,알드리지,송지만,오윤,,,,61323,72312,74339,77564,72303,76325,61332,96761,70312,,,,,,,,,,,,,,,,,,20110514,WO,LG,키움,LG,목동,박기택,65,1,-1,20110514LGWO0
직구,이태양,조인성,61323,98144,124,볼,,,,0,1,0,8,초,5,2,0,0,우,,,,,이태양,강귀태,유한준,김민성,김민우,강정호,알드리지,송지만,오윤,,,,61323,72312,74339,77564,72303,76325,61332,96761,70312,,,,,,,,,,,,,,,,,,20110514,WO,LG,키움,LG,목동,박기택,65,2,-1,20110514LGWO0
직구,이태양,조인성,61323,98144,123,파울,,,,1,1,0,8,초,5,2,0,0,우,,,,,이태양,강귀태,유한준,김민성,김민우,강정호,알드리지,송지만,오윤,,,,61323,72312,74339,77564,72303,76325,61332,96761,70312,,,,,,,,,,,,,,,,,,20110514,WO,LG,키움,LG,목동,박기택,65,3,-1,20110514LGWO0
슬라이더,이태양,조인성,61323,98144,113,타격,포스 아웃,땅볼 아웃,조인성 : 투수 땅볼 아웃 (투수->1루수 송구아웃);,1,2,0,8,초,5,2,1,0,우,,,,,이태양,강귀태,유한준,김민성,김민우,강정호,알드리지,송지만,오윤,,,,61323,72312,74339,77564,72303,76325,61332,96761,70312,,,,,,,,,,,,,,,,,,20110514,WO,LG,키움,LG,목동,박기택,65,4,-1,20110514LGWO0
직구,이태양,이택근,61323,73342,125,파울,,,,0,0,1,8,초,5,2,0,0,우,,,,,이태양,강귀태,유한준,김민성,김민우,강정호,알드리지,송지만,오윤,,,,61323,72312,74339,77564,72303,76325,61332,96761,70312,,,,,,,,,,,,,,,,,,20110514,WO,LG,키움,LG,목동,박기택,66,1,-1,20110514LGWO0
싱커,이태양,이택근,61323,73342,119,타격,포스 아웃,땅볼 아웃,이택근 : 유격수 땅볼 아웃 (유격수->1루수 송구아웃);,0,1,1,8,초,5,2,1,0,우,,,,,이태양,강귀태,유한준,김민성,김민우,강정호,알드리지,송지만,오윤,,,,61323,72312,74339,77564,72303,76325,61332,96761,70312,,,,,,,,,,,,,,,,,,20110514,WO,LG,키움,LG,목동,박기택,66,2,-1,20110514LGWO0
,이태양,정성훈,61323,99606,,,,,7번타자 정성훈 : 대타 윤진호 (으)로 교체;,0,0,2,8,초,5,2,0,0,우,,,,,이태양,강귀태,유한준,김민성,김민우,강정호,알드리지,송지만,오윤,,,,61323,72312,74339,77564,72303,76325,61332,96761,70312,,,,,,,,,,,,,,,,,,20110514,WO,LG,키움,LG,목동,박기택,67,,,20110514LGWO0
직구,이태양,윤진호,61323,79198,128,타격,필드 아웃,라인드라이브 아웃,윤진호 : 2루수 라인드라이브 아웃;,0,0,2,8,초,5,2,1,0,우,,,,,이태양,강귀태,유한준,김민성,김민우,강정호,알드리지,송지만,오윤,,,,61323,72312,74339,77564,72303,76325,61332,96761,70312,,,,,,,,,,,,,,,,,,20110514,WO,LG,키움,LG,목동,박기택,67,1,-1,20110514LGWO0
,이동현,송지만,71118,96761,,,,,유격수 박경수 : 2루수(으)로 수비위치 변경; 대타 윤진호 : 유격수(으)로 수비위치 변경; 2루수 서동욱 : 3루수(으)로 수비위치 변경;,0,0,0,8,말,5,2,0,0,우,,,,,이동현,조인성,이택근,서동욱,정성훈,박경수,정의윤,이대형,이병규,,,,71118,98144,73342,73606,99606,73113,75151,73153,97109,,,,,,,,,,,,,,,,,,20110514,WO,LG,키움,LG,목동,박기택,68,,,20110514LGWO0
슬라이더,이동현,송지만,71118,96761,126,볼,,,,0,0,0,8,말,5,2,0,0,우,,,,,이동현,조인성,이택근,박경수,서동욱,윤진호,정의윤,이대형,이병규,,,,71118,98144,73342,73113,73606,79198,75151,73153,97109,,,,,,,,,,,,,,,,,,20110514,WO,LG,키움,LG,목동,박기택,68,1,-1,20110514LGWO0
슬라이더,이동현,송지만,71118,96761,122,볼,,,,1,0,0,8,말,5,2,0,0,우,,,,,이동현,조인성,이택근,박경수,서동욱,윤진호,정의윤,이대형,이병규,,,,71118,98144,73342,73113,73606,79198,75151,73153,97109,,,,,,,,,,,,,,,,,,20110514,WO,LG,키움,LG,목동,박기택,68,2,-1,20110514LGWO0
직구,이동현,송지만,71118,96761,140,스트라이크,,,,2,0,0,8,말,5,2,0,0,우,,,,,이동현,조인성,이택근,박경수,서동욱,윤진호,정의윤,이대형,이병규,,,,71118,98144,73342,73113,73606,79198,75151,73153,97109,,,,,,,,,,,,,,,,,,20110514,WO,LG,키움,LG,목동,박기택,68,3,-1,20110514LGWO0
포크,이동현,송지만,71118,96761,132,볼,,,,2,1,0,8,말,5,2,0,0,우,,,,,이동현,조인성,이택근,박경수,서동욱,윤진호,정의윤,이대형,이병규,,,,71118,98144,73342,73113,73606,79198,75151,73153,97109,,,,,,,,,,,,,,,,,,20110514,WO,LG,키움,LG,목동,박기택,68,4,-1,20110514LGWO0
포크,이동현,송지만,71118,96761,131,파울,,,,3,1,0,8,말,5,2,0,0,우,,,,,이동현,조인성,이택근,박경수,서동욱,윤진호,정의윤,이대형,이병규,,,,71118,98144,73342,73113,73606,79198,75151,73153,97109,,,,,,,,,,,,,,,,,,20110514,WO,LG,키움,LG,목동,박기택,68,5,-1,20110514LGWO0
직구,이동현,송지만,71118,96761,144,타격,2루타,2루타,송지만 : 우익수 오른쪽 2루타;,3,2,0,8,말,5,2,0,0,우,,,,,이동현,조인성,이택근,박경수,서동욱,윤진호,정의윤,이대형,이병규,,,,71118,98144,73342,73113,73606,79198,75151,73153,97109,,,,,,,,,,,,,,,,,,20110514,WO,LG,키움,LG,목동,박기택,68,6,-1,20110514LGWO0
슬라이더,이동현,강귀태,71118,72312,126,스트라이크,,,,0,0,0,8,말,5,2,0,0,우,,,송지만,,이동현,조인성,이택근,박경수,서동욱,윤진호,정의윤,이대형,이병규,,96761.0,,71118,98144,73342,73113,73606,79198,75151,73153,97109,,,,,,,,,,,,,,,,,,20110514,WO,LG,키움,LG,목동,박기택,69,1,-1,20110514LGWO0
슬라이더,이동현,강귀태,71118,72312,125,타격,필드 아웃,라인드라이브 아웃,강귀태 : 2루수 라인드라이브 아웃;,0,1,0,8,말,5,2,1,0,우,,,송지만,,이동현,조인성,이택근,박경수,서동욱,윤진호,정의윤,이대형,이병규,,96761.0,,71118,98144,73342,73113,73606,79198,75151,73153,97109,,,,,,,,,,,,,,,,,,20110514,WO,LG,키움,LG,목동,박기택,69,2,-1,20110514LGWO0
직구,이동현,김민성,71118,77564,135,파울,,,,0,0,1,8,말,5,2,0,0,우,,,송지만,,이동현,조인성,이택근,박경수,서동욱,윤진호,정의윤,이대형,이병규,,96761.0,,71118,98144,73342,73113,73606,79198,75151,73153,97109,,,,,,,,,,,,,,,,,,20110514,WO,LG,키움,LG,목동,박기택,70,1,-1,20110514LGWO0
슬라이더,이동현,김민성,71118,77564,125,타격,내야안타,내야안타,김민성 : 2루수 왼쪽 내야안타; 1루주자 김민성 : 2루수 실책으로 2루까지 진루(2루수 실책->1루수); 2루주자 송지만 : 3루까지 진루; 3루주자 송지만 : 실책으로홈인;,0,1,1,8,말,5,2,0,1,우,,,송지만,,이동현,조인성,이택근,박경수,서동욱,윤진호,정의윤,이대형,이병규,,96761.0,,71118,98144,73342,73113,73606,79198,75151,73153,97109,,,,,,,,,,,,,,,,,,20110514,WO,LG,키움,LG,목동,박기택,70,2,-1,20110514LGWO0
직구,이동현,김민우,71118,72303,129,볼,,,,0,0,1,8,말,5,3,0,0,우,,,김민성,,이동현,조인성,이택근,박경수,서동욱,윤진호,정의윤,이대형,이병규,,77564.0,,71118,98144,73342,73113,73606,79198,75151,73153,97109,,,,,,,,,,,,,,,,,,20110514,WO,LG,키움,LG,목동,박기택,71,1,-1,20110514LGWO0
직구,이동현,김민우,71118,72303,143,헛스윙,,,,1,0,1,8,말,5,3,0,0,우,,,김민성,,이동현,조인성,이택근,박경수,서동욱,윤진호,정의윤,이대형,이병규,,77564.0,,71118,98144,73342,73113,73606,79198,75151,73153,97109,,,,,,,,,,,,,,,,,,20110514,WO,LG,키움,LG,목동,박기택,71,2,-1,20110514LGWO0
직구,이동현,김민우,71118,72303,133,타격,번트 안타,번트 안타,김민우 : 3루수 앞 번트안타; 1루주자 김민우 : 3루수 실책으로 2루까지 진루(3루수 실책->1루수); 2루주자 김민성 : 3루까지 진루; 3루주자 김민성 : 실책으로홈인;,1,1,1,8,말,5,3,0,1,우,,,김민성,,이동현,조인성,이택근,박경수,서동욱,윤진호,정의윤,이대형,이병규,,77564.0,,71118,98144,73342,73113,73606,79198,75151,73153,97109,,,,,,,,,,,,,,,,,,20110514,WO,LG,키움,LG,목동,박기택,71,3,-1,20110514LGWO0
직구,이동현,강병식,71118,72325,143,볼,,,,0,0,1,8,말,5,4,0,0,좌,,,김민우,,이동현,조인성,이택근,박경수,서동욱,윤진호,정의윤,이대형,이병규,,72303.0,,71118,98144,73342,73113,73606,79198,75151,73153,97109,,,,,,,,,,,,,,,,,,20110514,WO,LG,키움,LG,목동,박기택,72,1,-1,20110514LGWO0
포크,이동현,강병식,71118,72325,130,볼,,,,1,0,1,8,말,5,4,0,0,좌,,,김민우,,이동현,조인성,이택근,박경수,서동욱,윤진호,정의윤,이대형,이병규,,72303.0,,71118,98144,73342,73113,73606,79198,75151,73153,97109,,,,,,,,,,,,,,,,,,20110514,WO,LG,키움,LG,목동,박기택,72,2,-1,20110514LGWO0
포크,이동현,강병식,71118,72325,128,볼,,,,2,0,1,8,말,5,4,0,0,좌,,,김민우,,이동현,조인성,이택근,박경수,서동욱,윤진호,정의윤,이대형,이병규,,72303.0,,71118,98144,73342,73113,73606,79198,75151,73153,97109,,,,,,,,,,,,,,,,,,20110514,WO,LG,키움,LG,목동,박기택,72,3,-1,20110514LGWO0
직구,이동현,강병식,71118,72325,143,스트라이크,,,,3,0,1,8,말,5,4,0,0,좌,,,김민우,,이동현,조인성,이택근,박경수,서동욱,윤진호,정의윤,이대형,이병규,,72303.0,,71118,98144,73342,73113,73606,79198,75151,73153,97109,,,,,,,,,,,,,,,,,,20110514,WO,LG,키움,LG,목동,박기택,72,4,-1,20110514LGWO0
포크,이동현,강병식,71118,72325,126,스트라이크,,,,3,1,1,8,말,5,4,0,0,좌,,,김민우,,이동현,조인성,이택근,박경수,서동욱,윤진호,정의윤,이대형,이병규,,72303.0,,71118,98144,73342,73113,73606,79198,75151,73153,97109,,,,,,,,,,,,,,,,,,20110514,WO,LG,키움,LG,목동,박기택,72,5,-1,20110514LGWO0
직구,이동현,강병식,71118,72325,138,타격,필드 아웃,플라이 아웃,강병식 : 좌익수 플라이 아웃;,3,2,1,8,말,5,4,1,0,좌,,,김민우,,이동현,조인성,이택근,박경수,서동욱,윤진호,정의윤,이대형,이병규,,72303.0,,71118,98144,73342,73113,73606,79198,75151,73153,97109,,,,,,,,,,,,,,,,,,20110514,WO,LG,키움,LG,목동,박기택,72,6,-1,20110514LGWO0
,이동현,유한준,71118,74339,,,,,투수 이동현 : 투수 김선규 (으)로 교체;,0,0,2,8,말,5,4,0,0,우,,,김민우,,이동현,조인성,이택근,박경수,서동욱,윤진호,정의윤,이대형,이병규,,72303.0,,71118,98144,73342,73113,73606,79198,75151,73153,97109,,,,,,,,,,,,,,,,,,20110514,WO,LG,키움,LG,목동,박기택,73,,,20110514LGWO0
직구,김선규,유한준,75852,74339,136,볼,,,,0,0,2,8,말,5,4,0,0,우,,,김민우,,김선규,조인성,이택근,박경수,서동욱,윤진호,정의윤,이대형,이병규,,72303.0,,75852,98144,73342,73113,73606,79198,75151,73153,97109,,,,,,,,,,,,,,,,,,20110514,WO,LG,키움,LG,목동,박기택,73,1,-1,20110514LGWO0
커브,김선규,유한준,75852,74339,114,파울,,,,1,0,2,8,말,5,4,0,0,우,,,김민우,,김선규,조인성,이택근,박경수,서동욱,윤진호,정의윤,이대형,이병규,,72303.0,,75852,98144,73342,73113,73606,79198,75151,73153,97109,,,,,,,,,,,,,,,,,,20110514,WO,LG,키움,LG,목동,박기택,73,2,-1,20110514LGWO0
직구,김선규,유한준,75852,74339,136,볼,,,,1,1,2,8,말,5,4,0,0,우,,,김민우,,김선규,조인성,이택근,박경수,서동욱,윤진호,정의윤,이대형,이병규,,72303.0,,75852,98144,73342,73113,73606,79198,75151,73153,97109,,,,,,,,,,,,,,,,,,20110514,WO,LG,키움,LG,목동,박기택,73,3,-1,20110514LGWO0
직구,김선규,유한준,75852,74339,136,스트라이크,,,,2,1,2,8,말,5,4,0,0,우,,,김민우,,김선규,조인성,이택근,박경수,서동욱,윤진호,정의윤,이대형,이병규,,72303.0,,75852,98144,73342,73113,73606,79198,75151,73153,97109,,,,,,,,,,,,,,,,,,20110514,WO,LG,키움,LG,목동,박기택,73,4,-1,20110514LGWO0
직구,김선규,유한준,75852,74339,135,타격,필드 아웃,플라이 아웃,유한준 : 우익수 플라이 아웃;,2,2,2,8,말,5,4,1,0,우,,,김민우,,김선규,조인성,이택근,박경수,서동욱,윤진호,정의윤,이대형,이병규,,72303.0,,75852,98144,73342,73113,73606,79198,75151,73153,97109,,,,,,,,,,,,,,,,,,20110514,WO,LG,키움,LG,목동,박기택,73,5,-1,20110514LGWO0
,이태양,정의윤,61323,75151,,,,,투수 이태양 : 투수 송신영 (으)로 교체;,0,0,0,9,초,5,4,0,0,우,,,,,이태양,강귀태,유한준,김민성,김민우,강정호,알드리지,송지만,오윤,,,,61323,72312,74339,77564,72303,76325,61332,96761,70312,,,,,,,,,,,,,,,,,,20110514,WO,LG,키움,LG,목동,박기택,74,,,20110514LGWO0
직구,송신영,정의윤,99314,75151,140,스트라이크,,,,0,0,0,9,초,5,4,0,0,우,,,,,송신영,강귀태,유한준,김민성,김민우,강정호,알드리지,송지만,오윤,,,,99314,72312,74339,77564,72303,76325,61332,96761,70312,,,,,,,,,,,,,,,,,,20110514,WO,LG,키움,LG,목동,박기택,74,1,-1,20110514LGWO0
직구,송신영,정의윤,99314,75151,138,볼,,,,0,1,0,9,초,5,4,0,0,우,,,,,송신영,강귀태,유한준,김민성,김민우,강정호,알드리지,송지만,오윤,,,,99314,72312,74339,77564,72303,76325,61332,96761,70312,,,,,,,,,,,,,,,,,,20110514,WO,LG,키움,LG,목동,박기택,74,2,-1,20110514LGWO0
직구,송신영,정의윤,99314,75151,140,파울,,,,1,1,0,9,초,5,4,0,0,우,,,,,송신영,강귀태,유한준,김민성,김민우,강정호,알드리지,송지만,오윤,,,,99314,72312,74339,77564,72303,76325,61332,96761,70312,,,,,,,,,,,,,,,,,,20110514,WO,LG,키움,LG,목동,박기택,74,3,-1,20110514LGWO0
슬라이더,송신영,정의윤,99314,75151,122,타격,포스 아웃,땅볼 아웃,정의윤 : 유격수 땅볼 아웃 (유격수->1루수 송구아웃);,1,2,0,9,초,5,4,1,0,우,,,,,송신영,강귀태,유한준,김민성,김민우,강정호,알드리지,송지만,오윤,,,,99314,72312,74339,77564,72303,76325,61332,96761,70312,,,,,,,,,,,,,,,,,,20110514,WO,LG,키움,LG,목동,박기택,74,4,-1,20110514LGWO0
커브,송신영,서동욱,99314,73606,114,볼,,,,0,0,1,9,초,5,4,0,0,양,,,,,송신영,강귀태,유한준,김민성,김민우,강정호,알드리지,송지만,오윤,,,,99314,72312,74339,77564,72303,76325,61332,96761,70312,,,,,,,,,,,,,,,,,,20110514,WO,LG,키움,LG,목동,박기택,75,1,-1,20110514LGWO0
커브,송신영,서동욱,99314,73606,117,스트라이크,,,,1,0,1,9,초,5,4,0,0,양,,,,,송신영,강귀태,유한준,김민성,김민우,강정호,알드리지,송지만,오윤,,,,99314,72312,74339,77564,72303,76325,61332,96761,70312,,,,,,,,,,,,,,,,,,20110514,WO,LG,키움,LG,목동,박기택,75,2,-1,20110514LGWO0
커브,송신영,서동욱,99314,73606,112,볼,,,,1,1,1,9,초,5,4,0,0,양,,,,,송신영,강귀태,유한준,김민성,김민우,강정호,알드리지,송지만,오윤,,,,99314,72312,74339,77564,72303,76325,61332,96761,70312,,,,,,,,,,,,,,,,,,20110514,WO,LG,키움,LG,목동,박기택,75,3,-1,20110514LGWO0
슬라이더,송신영,서동욱,99314,73606,122,볼,,,,2,1,1,9,초,5,4,0,0,양,,,,,송신영,강귀태,유한준,김민성,김민우,강정호,알드리지,송지만,오윤,,,,99314,72312,74339,77564,72303,76325,61332,96761,70312,,,,,,,,,,,,,,,,,,20110514,WO,LG,키움,LG,목동,박기택,75,4,-1,20110514LGWO0
슬라이더,송신영,서동욱,99314,73606,121,헛스윙,,,,3,1,1,9,초,5,4,0,0,양,,,,,송신영,강귀태,유한준,김민성,김민우,강정호,알드리지,송지만,오윤,,,,99314,72312,74339,77564,72303,76325,61332,96761,70312,,,,,,,,,,,,,,,,,,20110514,WO,LG,키움,LG,목동,박기택,75,5,-1,20110514LGWO0
슬라이더,송신영,서동욱,99314,73606,125,헛스윙,삼진,삼진,서동욱 :  삼진 아웃;,3,2,1,9,초,5,4,0,0,양,,,,,송신영,강귀태,유한준,김민성,김민우,강정호,알드리지,송지만,오윤,,,,99314,72312,74339,77564,72303,76325,61332,96761,70312,,,,,,,,,,,,,,,,,,20110514,WO,LG,키움,LG,목동,박기택,75,6,-1,20110514LGWO0
직구,송신영,이대형,99314,73153,142,볼,,,,0,0,2,9,초,5,4,0,0,좌,,,,,송신영,강귀태,유한준,김민성,김민우,강정호,알드리지,송지만,오윤,,,,99314,72312,74339,77564,72303,76325,61332,96761,70312,,,,,,,,,,,,,,,,,,20110514,WO,LG,키움,LG,목동,박기택,76,1,-1,20110514LGWO0
직구,송신영,이대형,99314,73153,137,스트라이크,,,,1,0,2,9,초,5,4,0,0,좌,,,,,송신영,강귀태,유한준,김민성,김민우,강정호,알드리지,송지만,오윤,,,,99314,72312,74339,77564,72303,76325,61332,96761,70312,,,,,,,,,,,,,,,,,,20110514,WO,LG,키움,LG,목동,박기택,76,2,-1,20110514LGWO0
직구,송신영,이대형,99314,73153,136,타격,필드 아웃,플라이 아웃,이대형 : 중견수 플라이 아웃;,1,1,2,9,초,5,4,1,0,좌,,,,,송신영,강귀태,유한준,김민성,김민우,강정호,알드리지,송지만,오윤,,,,99314,72312,74339,77564,72303,76325,61332,96761,70312,,,,,,,,,,,,,,,,,,20110514,WO,LG,키움,LG,목동,박기택,76,3,-1,20110514LGWO0
커브,김선규,강정호,75852,76325,114,볼,,,,0,0,0,9,말,5,4,0,0,우,,,,,김선규,조인성,이택근,박경수,서동욱,윤진호,정의윤,이대형,이병규,,,,75852,98144,73342,73113,73606,79198,75151,73153,97109,,,,,,,,,,,,,,,,,,20110514,WO,LG,키움,LG,목동,박기택,77,1,-1,20110514LGWO0
커브,김선규,강정호,75852,76325,112,볼,,,,1,0,0,9,말,5,4,0,0,우,,,,,김선규,조인성,이택근,박경수,서동욱,윤진호,정의윤,이대형,이병규,,,,75852,98144,73342,73113,73606,79198,75151,73153,97109,,,,,,,,,,,,,,,,,,20110514,WO,LG,키움,LG,목동,박기택,77,2,-1,20110514LGWO0
직구,김선규,강정호,75852,76325,136,스트라이크,,,,2,0,0,9,말,5,4,0,0,우,,,,,김선규,조인성,이택근,박경수,서동욱,윤진호,정의윤,이대형,이병규,,,,75852,98144,73342,73113,73606,79198,75151,73153,97109,,,,,,,,,,,,,,,,,,20110514,WO,LG,키움,LG,목동,박기택,77,3,-1,20110514LGWO0
직구,김선규,강정호,75852,76325,140,파울,,,,2,1,0,9,말,5,4,0,0,우,,,,,김선규,조인성,이택근,박경수,서동욱,윤진호,정의윤,이대형,이병규,,,,75852,98144,73342,73113,73606,79198,75151,73153,97109,,,,,,,,,,,,,,,,,,20110514,WO,LG,키움,LG,목동,박기택,77,4,-1,20110514LGWO0
직구,김선규,강정호,75852,76325,136,파울,,,,2,2,0,9,말,5,4,0,0,우,,,,,김선규,조인성,이택근,박경수,서동욱,윤진호,정의윤,이대형,이병규,,,,75852,98144,73342,73113,73606,79198,75151,73153,97109,,,,,,,,,,,,,,,,,,20110514,WO,LG,키움,LG,목동,박기택,77,5,-1,20110514LGWO0
직구,김선규,강정호,75852,76325,138,타격,내야안타,내야안타,강정호 : 2루수 앞 내야안타; 1루주자 강정호 : 2루수 실책으로 2루까지 진루(2루수 실책->1루수);,2,2,0,9,말,5,4,0,0,우,,,,,김선규,조인성,이택근,박경수,서동욱,윤진호,정의윤,이대형,이병규,,,,75852,98144,73342,73113,73606,79198,75151,73153,97109,,,,,,,,,,,,,,,,,,20110514,WO,LG,키움,LG,목동,박기택,77,6,-1,20110514LGWO0
직구,김선규,알드리지,75852,61332,137,볼,,,,0,0,0,9,말,5,4,0,0,좌,,,강정호,,김선규,조인성,이택근,박경수,서동욱,윤진호,정의윤,이대형,이병규,,76325.0,,75852,98144,73342,73113,73606,79198,75151,73153,97109,,,,,,,,,,,,,,,,,,20110514,WO,LG,키움,LG,목동,박기택,78,1,-1,20110514LGWO0
커브,김선규,알드리지,75852,61332,114,헛스윙,,,,1,0,0,9,말,5,4,0,0,좌,,,강정호,,김선규,조인성,이택근,박경수,서동욱,윤진호,정의윤,이대형,이병규,,76325.0,,75852,98144,73342,73113,73606,79198,75151,73153,97109,,,,,,,,,,,,,,,,,,20110514,WO,LG,키움,LG,목동,박기택,78,2,-1,20110514LGWO0
직구,김선규,알드리지,75852,61332,139,헛스윙,,,,1,1,0,9,말,5,4,0,0,좌,,,강정호,,김선규,조인성,이택근,박경수,서동욱,윤진호,정의윤,이대형,이병규,,76325.0,,75852,98144,73342,73113,73606,79198,75151,73153,97109,,,,,,,,,,,,,,,,,,20110514,WO,LG,키움,LG,목동,박기택,78,3,-1,20110514LGWO0
커브,김선규,알드리지,75852,61332,119,볼,,,,1,2,0,9,말,5,4,0,0,좌,,,강정호,,김선규,조인성,이택근,박경수,서동욱,윤진호,정의윤,이대형,이병규,,76325.0,,75852,98144,73342,73113,73606,79198,75151,73153,97109,,,,,,,,,,,,,,,,,,20110514,WO,LG,키움,LG,목동,박기택,78,4,-1,20110514LGWO0
커브,김선규,알드리지,75852,61332,118,파울,,,,2,2,0,9,말,5,4,0,0,좌,,,강정호,,김선규,조인성,이택근,박경수,서동욱,윤진호,정의윤,이대형,이병규,,76325.0,,75852,98144,73342,73113,73606,79198,75151,73153,97109,,,,,,,,,,,,,,,,,,20110514,WO,LG,키움,LG,목동,박기택,78,5,-1,20110514LGWO0
커브,김선규,알드리지,75852,61332,120,볼,,,,2,2,0,9,말,5,4,0,0,좌,,,강정호,,김선규,조인성,이택근,박경수,서동욱,윤진호,정의윤,이대형,이병규,,76325.0,,75852,98144,73342,73113,73606,79198,75151,73153,97109,,,,,,,,,,,,,,,,,,20110514,WO,LG,키움,LG,목동,박기택,78,6,-1,20110514LGWO0
직구,김선규,알드리지,75852,61332,140,스트라이크,삼진,삼진,알드리지 :  삼진 아웃;,3,2,0,9,말,5,4,0,0,좌,,,강정호,,김선규,조인성,이택근,박경수,서동욱,윤진호,정의윤,이대형,이병규,,76325.0,,75852,98144,73342,73113,73606,79198,75151,73153,97109,,,,,,,,,,,,,,,,,,20110514,WO,LG,키움,LG,목동,박기택,78,7,-1,20110514LGWO0
직구,김선규,오윤,75852,70312,134,스트라이크,,,,0,0,1,9,말,5,4,0,0,우,,,강정호,,김선규,조인성,이택근,박경수,서동욱,윤진호,정의윤,이대형,이병규,,76325.0,,75852,98144,73342,73113,73606,79198,75151,73153,97109,,,,,,,,,,,,,,,,,,20110514,WO,LG,키움,LG,목동,박기택,79,1,-1,20110514LGWO0
직구,김선규,오윤,75852,70312,137,타격,포스 아웃,땅볼 아웃,오윤 : 3루수 땅볼 아웃 (3루수->1루수 송구아웃); 2루주자 강정호 : 3루까지 진루;,0,1,1,9,말,5,4,1,0,우,,,강정호,,김선규,조인성,이택근,박경수,서동욱,윤진호,정의윤,이대형,이병규,,76325.0,,75852,98144,73342,73113,73606,79198,75151,73153,97109,,,,,,,,,,,,,,,,,,20110514,WO,LG,키움,LG,목동,박기택,79,2,-1,20110514LGWO0
커브,김선규,송지만,75852,96761,118,스트라이크,,,,0,0,2,9,말,5,4,0,0,우,,,,강정호,김선규,조인성,이택근,박경수,서동욱,윤진호,정의윤,이대형,이병규,,,76325.0,75852,98144,73342,73113,73606,79198,75151,73153,97109,,,,,,,,,,,,,,,,,,20110514,WO,LG,키움,LG,목동,박기택,80,1,-1,20110514LGWO0
직구,김선규,송지만,75852,96761,138,볼,,,,0,1,2,9,말,5,4,0,0,우,,,,강정호,김선규,조인성,이택근,박경수,서동욱,윤진호,정의윤,이대형,이병규,,,76325.0,75852,98144,73342,73113,73606,79198,75151,73153,97109,,,,,,,,,,,,,,,,,,20110514,WO,LG,키움,LG,목동,박기택,80,2,-1,20110514LGWO0
직구,김선규,송지만,75852,96761,141,볼,,,,1,1,2,9,말,5,4,0,0,우,,,,강정호,김선규,조인성,이택근,박경수,서동욱,윤진호,정의윤,이대형,이병규,,,76325.0,75852,98144,73342,73113,73606,79198,75151,73153,97109,,,,,,,,,,,,,,,,,,20110514,WO,LG,키움,LG,목동,박기택,80,3,-1,20110514LGWO0
직구,김선규,송지만,75852,96761,139,스트라이크,,,,2,1,2,9,말,5,4,0,0,우,,,,강정호,김선규,조인성,이택근,박경수,서동욱,윤진호,정의윤,이대형,이병규,,,76325.0,75852,98144,73342,73113,73606,79198,75151,73153,97109,,,,,,,,,,,,,,,,,,20110514,WO,LG,키움,LG,목동,박기택,80,4,-1,20110514LGWO0
커브,김선규,송지만,75852,96761,123,파울,,,,2,2,2,9,말,5,4,0,0,우,,,,강정호,김선규,조인성,이택근,박경수,서동욱,윤진호,정의윤,이대형,이병규,,,76325.0,75852,98144,73342,73113,73606,79198,75151,73153,97109,,,,,,,,,,,,,,,,,,20110514,WO,LG,키움,LG,목동,박기택,80,5,-1,20110514LGWO0
직구,김선규,송지만,75852,96761,136,볼,,,,2,2,2,9,말,5,4,0,0,우,,,,강정호,김선규,조인성,이택근,박경수,서동욱,윤진호,정의윤,이대형,이병규,,,76325.0,75852,98144,73342,73113,73606,79198,75151,73153,97109,,,,,,,,,,,,,,,,,,20110514,WO,LG,키움,LG,목동,박기택,80,6,-1,20110514LGWO0
,김선규,송지만,75852,96761,,,,,3루주자 강정호 :  포일로 홈인;,3,2,2,9,말,5,4,0,1,우,,,,강정호,김선규,조인성,이택근,박경수,서동욱,윤진호,정의윤,이대형,이병규,,,76325.0,75852,98144,73342,73113,73606,79198,75151,73153,97109,,,,,,,,,,,,,,,,,,20110514,WO,LG,키움,LG,목동,박기택,80,,,20110514LGWO0
직구,김선규,송지만,75852,96761,137,스트라이크,삼진,삼진,송지만 :  삼진 아웃;,3,2,2,9,말,5,5,0,0,우,,,,,김선규,조인성,이택근,박경수,서동욱,윤진호,정의윤,이대형,이병규,,,,75852,98144,73342,73113,73606,79198,75151,73153,97109,,,,,,,,,,,,,,,,,,20110514,WO,LG,키움,LG,목동,박기택,80,7,-1,20110514LGWO0
커브,송신영,박경수,99314,73113,117,스트라이크,,,,0,0,0,10,초,5,5,0,0,우,,,,,송신영,강귀태,유한준,김민성,김민우,강정호,알드리지,송지만,오윤,,,,99314,72312,74339,77564,72303,76325,61332,96761,70312,,,,,,,,,,,,,,,,,,20110514,WO,LG,키움,LG,목동,박기택,81,1,-1,20110514LGWO0
직구,송신영,박경수,99314,73113,136,볼,,,,0,1,0,10,초,5,5,0,0,우,,,,,송신영,강귀태,유한준,김민성,김민우,강정호,알드리지,송지만,오윤,,,,99314,72312,74339,77564,72303,76325,61332,96761,70312,,,,,,,,,,,,,,,,,,20110514,WO,LG,키움,LG,목동,박기택,81,2,-1,20110514LGWO0
직구,송신영,박경수,99314,73113,138,파울,,,,1,1,0,10,초,5,5,0,0,우,,,,,송신영,강귀태,유한준,김민성,김민우,강정호,알드리지,송지만,오윤,,,,99314,72312,74339,77564,72303,76325,61332,96761,70312,,,,,,,,,,,,,,,,,,20110514,WO,LG,키움,LG,목동,박기택,81,3,-1,20110514LGWO0
직구,송신영,박경수,99314,73113,139,헛스윙,삼진,삼진,박경수 :  삼진 아웃;,1,2,0,10,초,5,5,0,0,우,,,,,송신영,강귀태,유한준,김민성,김민우,강정호,알드리지,송지만,오윤,,,,99314,72312,74339,77564,72303,76325,61332,96761,70312,,,,,,,,,,,,,,,,,,20110514,WO,LG,키움,LG,목동,박기택,81,4,-1,20110514LGWO0
포크,송신영,이병규,99314,97109,131,볼,,,,0,0,1,10,초,5,5,0,0,좌,,,,,송신영,강귀태,유한준,김민성,김민우,강정호,알드리지,송지만,오윤,,,,99314,72312,74339,77564,72303,76325,61332,96761,70312,,,,,,,,,,,,,,,,,,20110514,WO,LG,키움,LG,목동,박기택,82,1,-1,20110514LGWO0
포크,송신영,이병규,99314,97109,129,볼,,,,1,0,1,10,초,5,5,0,0,좌,,,,,송신영,강귀태,유한준,김민성,김민우,강정호,알드리지,송지만,오윤,,,,99314,72312,74339,77564,72303,76325,61332,96761,70312,,,,,,,,,,,,,,,,,,20110514,WO,LG,키움,LG,목동,박기택,82,2,-1,20110514LGWO0
직구,송신영,이병규,99314,97109,139,파울,,,,2,0,1,10,초,5,5,0,0,좌,,,,,송신영,강귀태,유한준,김민성,김민우,강정호,알드리지,송지만,오윤,,,,99314,72312,74339,77564,72303,76325,61332,96761,70312,,,,,,,,,,,,,,,,,,20110514,WO,LG,키움,LG,목동,박기택,82,3,-1,20110514LGWO0
포크,송신영,이병규,99314,97109,128,볼,,,,2,1,1,10,초,5,5,0,0,좌,,,,,송신영,강귀태,유한준,김민성,김민우,강정호,알드리지,송지만,오윤,,,,99314,72312,74339,77564,72303,76325,61332,96761,70312,,,,,,,,,,,,,,,,,,20110514,WO,LG,키움,LG,목동,박기택,82,4,-1,20110514LGWO0
슬라이더,송신영,이병규,99314,97109,125,스트라이크,,,,3,1,1,10,초,5,5,0,0,좌,,,,,송신영,강귀태,유한준,김민성,김민우,강정호,알드리지,송지만,오윤,,,,99314,72312,74339,77564,72303,76325,61332,96761,70312,,,,,,,,,,,,,,,,,,20110514,WO,LG,키움,LG,목동,박기택,82,5,-1,20110514LGWO0
직구,송신영,이병규,99314,97109,137,타격,포스 아웃,땅볼 아웃,이병규 : 1루수 땅볼 아웃 (1루수 1루 터치아웃);,3,2,1,10,초,5,5,1,0,좌,,,,,송신영,강귀태,유한준,김민성,김민우,강정호,알드리지,송지만,오윤,,,,99314,72312,74339,77564,72303,76325,61332,96761,70312,,,,,,,,,,,,,,,,,,20110514,WO,LG,키움,LG,목동,박기택,82,6,-1,20110514LGWO0
체인지업,송신영,박용택,99314,72133,115,파울,,,,0,0,2,10,초,5,5,0,0,좌,,,,,송신영,강귀태,유한준,김민성,김민우,강정호,알드리지,송지만,오윤,,,,99314,72312,74339,77564,72303,76325,61332,96761,70312,,,,,,,,,,,,,,,,,,20110514,WO,LG,키움,LG,목동,박기택,83,1,-1,20110514LGWO0
체인지업,송신영,박용택,99314,72133,114,볼,,,,0,1,2,10,초,5,5,0,0,좌,,,,,송신영,강귀태,유한준,김민성,김민우,강정호,알드리지,송지만,오윤,,,,99314,72312,74339,77564,72303,76325,61332,96761,70312,,,,,,,,,,,,,,,,,,20110514,WO,LG,키움,LG,목동,박기택,83,2,-1,20110514LGWO0
포크,송신영,박용택,99314,72133,126,볼,,,,1,1,2,10,초,5,5,0,0,좌,,,,,송신영,강귀태,유한준,김민성,김민우,강정호,알드리지,송지만,오윤,,,,99314,72312,74339,77564,72303,76325,61332,96761,70312,,,,,,,,,,,,,,,,,,20110514,WO,LG,키움,LG,목동,박기택,83,3,-1,20110514LGWO0
직구,송신영,박용택,99314,72133,140,스트라이크,,,,2,1,2,10,초,5,5,0,0,좌,,,,,송신영,강귀태,유한준,김민성,김민우,강정호,알드리지,송지만,오윤,,,,99314,72312,74339,77564,72303,76325,61332,96761,70312,,,,,,,,,,,,,,,,,,20110514,WO,LG,키움,LG,목동,박기택,83,4,-1,20110514LGWO0
포크,송신영,박용택,99314,72133,127,볼,,,,2,2,2,10,초,5,5,0,0,좌,,,,,송신영,강귀태,유한준,김민성,김민우,강정호,알드리지,송지만,오윤,,,,99314,72312,74339,77564,72303,76325,61332,96761,70312,,,,,,,,,,,,,,,,,,20110514,WO,LG,키움,LG,목동,박기택,83,5,-1,20110514LGWO0
직구,송신영,박용택,99314,72133,138,볼,볼넷,볼넷,박용택 :  볼넷;,3,2,2,10,초,5,5,0,0,좌,,,,,송신영,강귀태,유한준,김민성,김민우,강정호,알드리지,송지만,오윤,,,,99314,72312,74339,77564,72303,76325,61332,96761,70312,,,,,,,,,,,,,,,,,,20110514,WO,LG,키움,LG,목동,박기택,83,6,-1,20110514LGWO0
직구,송신영,조인성,99314,98144,136,스트라이크,,,,0,0,2,10,초,5,5,0,0,우,,박용택,,,송신영,강귀태,유한준,김민성,김민우,강정호,알드리지,송지만,오윤,72133.0,,,99314,72312,74339,77564,72303,76325,61332,96761,70312,,,,,,,,,,,,,,,,,,20110514,WO,LG,키움,LG,목동,박기택,84,1,-1,20110514LGWO0
직구,송신영,조인성,99314,98144,138,파울,,,,0,1,2,10,초,5,5,0,0,우,,박용택,,,송신영,강귀태,유한준,김민성,김민우,강정호,알드리지,송지만,오윤,72133.0,,,99314,72312,74339,77564,72303,76325,61332,96761,70312,,,,,,,,,,,,,,,,,,20110514,WO,LG,키움,LG,목동,박기택,84,2,-1,20110514LGWO0
직구,송신영,조인성,99314,98144,139,볼,,,,0,2,2,10,초,5,5,0,0,우,,박용택,,,송신영,강귀태,유한준,김민성,김민우,강정호,알드리지,송지만,오윤,72133.0,,,99314,72312,74339,77564,72303,76325,61332,96761,70312,,,,,,,,,,,,,,,,,,20110514,WO,LG,키움,LG,목동,박기택,84,3,-1,20110514LGWO0
커브,송신영,조인성,99314,98144,110,볼,,,,1,2,2,10,초,5,5,0,0,우,,박용택,,,송신영,강귀태,유한준,김민성,김민우,강정호,알드리지,송지만,오윤,72133.0,,,99314,72312,74339,77564,72303,76325,61332,96761,70312,,,,,,,,,,,,,,,,,,20110514,WO,LG,키움,LG,목동,박기택,84,4,-1,20110514LGWO0
,송신영,조인성,99314,98144,,,,,1루주자 박용택 :  도루로 2루까지 진루;,2,2,2,10,초,5,5,0,0,우,,박용택,,,송신영,강귀태,유한준,김민성,김민우,강정호,알드리지,송지만,오윤,72133.0,,,99314,72312,74339,77564,72303,76325,61332,96761,70312,,,,,,,,,,,,,,,,,,20110514,WO,LG,키움,LG,목동,박기택,84,,,20110514LGWO0
슬라이더,송신영,조인성,99314,98144,120,헛스윙,삼진,낫아웃 삼진,조인성 : 포수 스트라이크 낫 아웃;,2,2,2,10,초,5,5,0,0,우,,,박용택,,송신영,강귀태,유한준,김민성,김민우,강정호,알드리지,송지만,오윤,,72133.0,,99314,72312,74339,77564,72303,76325,61332,96761,70312,,,,,,,,,,,,,,,,,,20110514,WO,LG,키움,LG,목동,박기택,84,5,-1,20110514LGWO0
,김선규,강귀태,75852,72312,,,,,투수 김선규 : 투수 임찬규 (으)로 교체;,0,0,0,10,말,5,5,0,0,우,,,,,김선규,조인성,이택근,박경수,서동욱,윤진호,정의윤,이대형,이병규,,,,75852,98144,73342,73113,73606,79198,75151,73153,97109,,,,,,,,,,,,,,,,,,20110514,WO,LG,키움,LG,목동,박기택,85,,,20110514LGWO0
슬라이더,임찬규,강귀태,61101,72312,129,볼,,,,0,0,0,10,말,5,5,0,0,우,,,,,임찬규,조인성,이택근,박경수,서동욱,윤진호,정의윤,이대형,이병규,,,,61101,98144,73342,73113,73606,79198,75151,73153,97109,,,,,,,,,,,,,,,,,,20110514,WO,LG,키움,LG,목동,박기택,85,1,-1,20110514LGWO0
직구,임찬규,강귀태,61101,72312,143,스트라이크,,,,1,0,0,10,말,5,5,0,0,우,,,,,임찬규,조인성,이택근,박경수,서동욱,윤진호,정의윤,이대형,이병규,,,,61101,98144,73342,73113,73606,79198,75151,73153,97109,,,,,,,,,,,,,,,,,,20110514,WO,LG,키움,LG,목동,박기택,85,2,-1,20110514LGWO0
직구,임찬규,강귀태,61101,72312,138,타격,포스 아웃,땅볼 아웃,강귀태 : 투수 땅볼 아웃 (투수->1루수 송구아웃);,1,1,0,10,말,5,5,1,0,우,,,,,임찬규,조인성,이택근,박경수,서동욱,윤진호,정의윤,이대형,이병규,,,,61101,98144,73342,73113,73606,79198,75151,73153,97109,,,,,,,,,,,,,,,,,,20110514,WO,LG,키움,LG,목동,박기택,85,3,-1,20110514LGWO0
직구,임찬규,김민성,61101,77564,145,볼,,,,0,0,1,10,말,5,5,0,0,우,,,,,임찬규,조인성,이택근,박경수,서동욱,윤진호,정의윤,이대형,이병규,,,,61101,98144,73342,73113,73606,79198,75151,73153,97109,,,,,,,,,,,,,,,,,,20110514,WO,LG,키움,LG,목동,박기택,86,1,-1,20110514LGWO0
슬라이더,임찬규,김민성,61101,77564,133,볼,,,,1,0,1,10,말,5,5,0,0,우,,,,,임찬규,조인성,이택근,박경수,서동욱,윤진호,정의윤,이대형,이병규,,,,61101,98144,73342,73113,73606,79198,75151,73153,97109,,,,,,,,,,,,,,,,,,20110514,WO,LG,키움,LG,목동,박기택,86,2,-1,20110514LGWO0
직구,임찬규,김민성,61101,77564,134,스트라이크,,,,2,0,1,10,말,5,5,0,0,우,,,,,임찬규,조인성,이택근,박경수,서동욱,윤진호,정의윤,이대형,이병규,,,,61101,98144,73342,73113,73606,79198,75151,73153,97109,,,,,,,,,,,,,,,,,,20110514,WO,LG,키움,LG,목동,박기택,86,3,-1,20110514LGWO0
직구,임찬규,김민성,61101,77564,136,파울,,,,2,1,1,10,말,5,5,0,0,우,,,,,임찬규,조인성,이택근,박경수,서동욱,윤진호,정의윤,이대형,이병규,,,,61101,98144,73342,73113,73606,79198,75151,73153,97109,,,,,,,,,,,,,,,,,,20110514,WO,LG,키움,LG,목동,박기택,86,4,-1,20110514LGWO0
슬라이더,임찬규,김민성,61101,77564,126,파울,,,,2,2,1,10,말,5,5,0,0,우,,,,,임찬규,조인성,이택근,박경수,서동욱,윤진호,정의윤,이대형,이병규,,,,61101,98144,73342,73113,73606,79198,75151,73153,97109,,,,,,,,,,,,,,,,,,20110514,WO,LG,키움,LG,목동,박기택,86,5,-1,20110514LGWO0
커브,임찬규,김민성,61101,77564,121,볼,,,,2,2,1,10,말,5,5,0,0,우,,,,,임찬규,조인성,이택근,박경수,서동욱,윤진호,정의윤,이대형,이병규,,,,61101,98144,73342,73113,73606,79198,75151,73153,97109,,,,,,,,,,,,,,,,,,20110514,WO,LG,키움,LG,목동,박기택,86,6,-1,20110514LGWO0
직구,임찬규,김민성,61101,77564,143,볼,볼넷,볼넷,김민성 :  볼넷;,3,2,1,10,말,5,5,0,0,우,,,,,임찬규,조인성,이택근,박경수,서동욱,윤진호,정의윤,이대형,이병규,,,,61101,98144,73342,73113,73606,79198,75151,73153,97109,,,,,,,,,,,,,,,,,,20110514,WO,LG,키움,LG,목동,박기택,86,7,-1,20110514LGWO0
,임찬규,김민우,61101,72303,,,,,1루주자 김민성 : 대주자 김일경 (으)로 교체;,0,0,1,10,말,5,5,0,0,우,,김민성,,,임찬규,조인성,이택근,박경수,서동욱,윤진호,정의윤,이대형,이병규,77564.0,,,61101,98144,73342,73113,73606,79198,75151,73153,97109,,,,,,,,,,,,,,,,,,20110514,WO,LG,키움,LG,목동,박기택,87,,,20110514LGWO0
직구,임찬규,김민우,61101,72303,140,볼,,,,0,0,1,10,말,5,5,0,0,우,,김일경,,,임찬규,조인성,이택근,박경수,서동욱,윤진호,정의윤,이대형,이병규,97300.0,,,61101,98144,73342,73113,73606,79198,75151,73153,97109,,,,,,,,,,,,,,,,,,20110514,WO,LG,키움,LG,목동,박기택,87,1,-1,20110514LGWO0
직구,임찬규,김민우,61101,72303,141,볼,,,,1,0,1,10,말,5,5,0,0,우,,김일경,,,임찬규,조인성,이택근,박경수,서동욱,윤진호,정의윤,이대형,이병규,97300.0,,,61101,98144,73342,73113,73606,79198,75151,73153,97109,,,,,,,,,,,,,,,,,,20110514,WO,LG,키움,LG,목동,박기택,87,2,-1,20110514LGWO0
,임찬규,김민우,61101,72303,,,,,1루주자 김일경 :  도루실패아웃 (포수->2루수 태그아웃);,2,0,1,10,말,5,5,1,0,우,,김일경,,,임찬규,조인성,이택근,박경수,서동욱,윤진호,정의윤,이대형,이병규,97300.0,,,61101,98144,73342,73113,73606,79198,75151,73153,97109,,,,,,,,,,,,,,,,,,20110514,WO,LG,키움,LG,목동,박기택,87,,,20110514LGWO0
직구,임찬규,김민우,61101,72303,141,스트라이크,,,,2,0,2,10,말,5,5,0,0,우,,,,,임찬규,조인성,이택근,박경수,서동욱,윤진호,정의윤,이대형,이병규,,,,61101,98144,73342,73113,73606,79198,75151,73153,97109,,,,,,,,,,,,,,,,,,20110514,WO,LG,키움,LG,목동,박기택,87,3,-1,20110514LGWO0
직구,임찬규,김민우,61101,72303,144,파울,,,,2,1,2,10,말,5,5,0,0,우,,,,,임찬규,조인성,이택근,박경수,서동욱,윤진호,정의윤,이대형,이병규,,,,61101,98144,73342,73113,73606,79198,75151,73153,97109,,,,,,,,,,,,,,,,,,20110514,WO,LG,키움,LG,목동,박기택,87,4,-1,20110514LGWO0
커브,임찬규,김민우,61101,72303,119,볼,,,,2,2,2,10,말,5,5,0,0,우,,,,,임찬규,조인성,이택근,박경수,서동욱,윤진호,정의윤,이대형,이병규,,,,61101,98144,73342,73113,73606,79198,75151,73153,97109,,,,,,,,,,,,,,,,,,20110514,WO,LG,키움,LG,목동,박기택,87,5,-1,20110514LGWO0
직구,임찬규,김민우,61101,72303,135,타격,필드 아웃,플라이 아웃,김민우 : 우익수 플라이 아웃;,3,2,2,10,말,5,5,1,0,우,,,,,임찬규,조인성,이택근,박경수,서동욱,윤진호,정의윤,이대형,이병규,,,,61101,98144,73342,73113,73606,79198,75151,73153,97109,,,,,,,,,,,,,,,,,,20110514,WO,LG,키움,LG,목동,박기택,87,6,-1,20110514LGWO0
,송신영,이택근,99314,73342,,,,,투수 송신영 : 투수 손승락 (으)로 교체; 대주자 김일경 : 2루수(으)로 수비위치 변경;,0,0,0,11,초,5,5,0,0,우,,,,,송신영,강귀태,유한준,김민성,김민우,강정호,알드리지,송지만,오윤,,,,99314,72312,74339,77564,72303,76325,61332,96761,70312,,,,,,,,,,,,,,,,,,20110514,WO,LG,키움,LG,목동,박기택,88,,,20110514LGWO0
직구,손승락,이택근,75321,73342,144,볼,,,,0,0,0,11,초,5,5,0,0,우,,,,,손승락,강귀태,유한준,김일경,김민우,강정호,알드리지,송지만,오윤,,,,75321,72312,74339,97300,72303,76325,61332,96761,70312,,,,,,,,,,,,,,,,,,20110514,WO,LG,키움,LG,목동,박기택,88,1,-1,20110514LGWO0
직구,손승락,이택근,75321,73342,144,스트라이크,,,,1,0,0,11,초,5,5,0,0,우,,,,,손승락,강귀태,유한준,김일경,김민우,강정호,알드리지,송지만,오윤,,,,75321,72312,74339,97300,72303,76325,61332,96761,70312,,,,,,,,,,,,,,,,,,20110514,WO,LG,키움,LG,목동,박기택,88,2,-1,20110514LGWO0
직구,손승락,이택근,75321,73342,142,볼,,,,1,1,0,11,초,5,5,0,0,우,,,,,손승락,강귀태,유한준,김일경,김민우,강정호,알드리지,송지만,오윤,,,,75321,72312,74339,97300,72303,76325,61332,96761,70312,,,,,,,,,,,,,,,,,,20110514,WO,LG,키움,LG,목동,박기택,88,3,-1,20110514LGWO0
직구,손승락,이택근,75321,73342,142,타격,포스 아웃,땅볼 아웃,이택근 : 2루수 땅볼 아웃 (2루수->1루수 송구아웃);,2,1,0,11,초,5,5,1,0,우,,,,,손승락,강귀태,유한준,김일경,김민우,강정호,알드리지,송지만,오윤,,,,75321,72312,74339,97300,72303,76325,61332,96761,70312,,,,,,,,,,,,,,,,,,20110514,WO,LG,키움,LG,목동,박기택,88,4,-1,20110514LGWO0
슬라이더,손승락,윤진호,75321,79198,134,파울,,,,0,0,1,11,초,5,5,0,0,우,,,,,손승락,강귀태,유한준,김일경,김민우,강정호,알드리지,송지만,오윤,,,,75321,72312,74339,97300,72303,76325,61332,96761,70312,,,,,,,,,,,,,,,,,,20110514,WO,LG,키움,LG,목동,박기택,89,1,-1,20110514LGWO0
직구,손승락,윤진호,75321,79198,143,파울,,,,0,1,1,11,초,5,5,0,0,우,,,,,손승락,강귀태,유한준,김일경,김민우,강정호,알드리지,송지만,오윤,,,,75321,72312,74339,97300,72303,76325,61332,96761,70312,,,,,,,,,,,,,,,,,,20110514,WO,LG,키움,LG,목동,박기택,89,2,-1,20110514LGWO0
포크,손승락,윤진호,75321,79198,133,볼,,,,0,2,1,11,초,5,5,0,0,우,,,,,손승락,강귀태,유한준,김일경,김민우,강정호,알드리지,송지만,오윤,,,,75321,72312,74339,97300,72303,76325,61332,96761,70312,,,,,,,,,,,,,,,,,,20110514,WO,LG,키움,LG,목동,박기택,89,3,-1,20110514LGWO0
포크,손승락,윤진호,75321,79198,135,타격,포스 아웃,땅볼 아웃,윤진호 : 2루수 땅볼 아웃 (2루수->1루수 송구아웃);,1,2,1,11,초,5,5,1,0,우,,,,,손승락,강귀태,유한준,김일경,김민우,강정호,알드리지,송지만,오윤,,,,75321,72312,74339,97300,72303,76325,61332,96761,70312,,,,,,,,,,,,,,,,,,20110514,WO,LG,키움,LG,목동,박기택,89,4,-1,20110514LGWO0
직구,손승락,정의윤,75321,75151,134,스트라이크,,,,0,0,2,11,초,5,5,0,0,우,,,,,손승락,강귀태,유한준,김일경,김민우,강정호,알드리지,송지만,오윤,,,,75321,72312,74339,97300,72303,76325,61332,96761,70312,,,,,,,,,,,,,,,,,,20110514,WO,LG,키움,LG,목동,박기택,90,1,-1,20110514LGWO0
직구,손승락,정의윤,75321,75151,143,헛스윙,,,,0,1,2,11,초,5,5,0,0,우,,,,,손승락,강귀태,유한준,김일경,김민우,강정호,알드리지,송지만,오윤,,,,75321,72312,74339,97300,72303,76325,61332,96761,70312,,,,,,,,,,,,,,,,,,20110514,WO,LG,키움,LG,목동,박기택,90,2,-1,20110514LGWO0
슬라이더,손승락,정의윤,75321,75151,126,볼,,,,0,2,2,11,초,5,5,0,0,우,,,,,손승락,강귀태,유한준,김일경,김민우,강정호,알드리지,송지만,오윤,,,,75321,72312,74339,97300,72303,76325,61332,96761,70312,,,,,,,,,,,,,,,,,,20110514,WO,LG,키움,LG,목동,박기택,90,3,-1,20110514LGWO0
직구,손승락,정의윤,75321,75151,143,파울,,,,1,2,2,11,초,5,5,0,0,우,,,,,손승락,강귀태,유한준,김일경,김민우,강정호,알드리지,송지만,오윤,,,,75321,72312,74339,97300,72303,76325,61332,96761,70312,,,,,,,,,,,,,,,,,,20110514,WO,LG,키움,LG,목동,박기택,90,4,-1,20110514LGWO0
직구,손승락,정의윤,75321,75151,138,타격,필드 아웃,라인드라이브 아웃,정의윤 : 2루수 라인드라이브 아웃;,1,2,2,11,초,5,5,1,0,우,,,,,손승락,강귀태,유한준,김일경,김민우,강정호,알드리지,송지만,오윤,,,,75321,72312,74339,97300,72303,76325,61332,96761,70312,,,,,,,,,,,,,,,,,,20110514,WO,LG,키움,LG,목동,박기택,90,5,-1,20110514LGWO0
체인지업,임찬규,강병식,61101,72325,123,볼,,,,0,0,0,11,말,5,5,0,0,좌,,,,,임찬규,조인성,이택근,박경수,서동욱,윤진호,정의윤,이대형,이병규,,,,61101,98144,73342,73113,73606,79198,75151,73153,97109,,,,,,,,,,,,,,,,,,20110514,WO,LG,키움,LG,목동,박기택,91,1,-1,20110514LGWO0
직구,임찬규,강병식,61101,72325,142,스트라이크,,,,1,0,0,11,말,5,5,0,0,좌,,,,,임찬규,조인성,이택근,박경수,서동욱,윤진호,정의윤,이대형,이병규,,,,61101,98144,73342,73113,73606,79198,75151,73153,97109,,,,,,,,,,,,,,,,,,20110514,WO,LG,키움,LG,목동,박기택,91,2,-1,20110514LGWO0
직구,임찬규,강병식,61101,72325,142,볼,,,,1,1,0,11,말,5,5,0,0,좌,,,,,임찬규,조인성,이택근,박경수,서동욱,윤진호,정의윤,이대형,이병규,,,,61101,98144,73342,73113,73606,79198,75151,73153,97109,,,,,,,,,,,,,,,,,,20110514,WO,LG,키움,LG,목동,박기택,91,3,-1,20110514LGWO0
직구,임찬규,강병식,61101,72325,142,파울,,,,2,1,0,11,말,5,5,0,0,좌,,,,,임찬규,조인성,이택근,박경수,서동욱,윤진호,정의윤,이대형,이병규,,,,61101,98144,73342,73113,73606,79198,75151,73153,97109,,,,,,,,,,,,,,,,,,20110514,WO,LG,키움,LG,목동,박기택,91,4,-1,20110514LGWO0
직구,임찬규,강병식,61101,72325,130,볼,,,,2,2,0,11,말,5,5,0,0,좌,,,,,임찬규,조인성,이택근,박경수,서동욱,윤진호,정의윤,이대형,이병규,,,,61101,98144,73342,73113,73606,79198,75151,73153,97109,,,,,,,,,,,,,,,,,,20110514,WO,LG,키움,LG,목동,박기택,91,5,-1,20110514LGWO0
체인지업,임찬규,강병식,61101,72325,122,볼,볼넷,볼넷,강병식 :  볼넷;,3,2,0,11,말,5,5,0,0,좌,,,,,임찬규,조인성,이택근,박경수,서동욱,윤진호,정의윤,이대형,이병규,,,,61101,98144,73342,73113,73606,79198,75151,73153,97109,,,,,,,,,,,,,,,,,,20110514,WO,LG,키움,LG,목동,박기택,91,6,-1,20110514LGWO0
,임찬규,유한준,61101,74339,,,,,1루주자 강병식 : 대주자 장기영 (으)로 교체;,0,0,0,11,말,5,5,0,0,우,,강병식,,,임찬규,조인성,이택근,박경수,서동욱,윤진호,정의윤,이대형,이병규,72325.0,,,61101,98144,73342,73113,73606,79198,75151,73153,97109,,,,,,,,,,,,,,,,,,20110514,WO,LG,키움,LG,목동,박기택,92,,,20110514LGWO0
직구,임찬규,유한준,61101,74339,137,타격,희생번트,희생번트,유한준 : 투수 희생번트 아웃 (투수->2루수 1루 터치아웃); 1루주자 장기영 : 2루까지 진루;,0,0,0,11,말,5,5,1,0,우,,장기영,,,임찬규,조인성,이택근,박경수,서동욱,윤진호,정의윤,이대형,이병규,71347.0,,,61101,98144,73342,73113,73606,79198,75151,73153,97109,,,,,,,,,,,,,,,,,,20110514,WO,LG,키움,LG,목동,박기택,92,1,-1,20110514LGWO0
직구,임찬규,강정호,61101,76325,140,볼,,,,0,0,1,11,말,5,5,0,0,우,,,장기영,,임찬규,조인성,이택근,박경수,서동욱,윤진호,정의윤,이대형,이병규,,71347.0,,61101,98144,73342,73113,73606,79198,75151,73153,97109,,,,,,,,,,,,,,,,,,20110514,WO,LG,키움,LG,목동,박기택,93,1,-1,20110514LGWO0
직구,임찬규,강정호,61101,76325,141,파울,,,,1,0,1,11,말,5,5,0,0,우,,,장기영,,임찬규,조인성,이택근,박경수,서동욱,윤진호,정의윤,이대형,이병규,,71347.0,,61101,98144,73342,73113,73606,79198,75151,73153,97109,,,,,,,,,,,,,,,,,,20110514,WO,LG,키움,LG,목동,박기택,93,2,-1,20110514LGWO0
직구,임찬규,강정호,61101,76325,141,타격,필드 아웃,플라이 아웃,강정호 : 좌익수 플라이 아웃;,1,1,1,11,말,5,5,1,0,우,,,장기영,,임찬규,조인성,이택근,박경수,서동욱,윤진호,정의윤,이대형,이병규,,71347.0,,61101,98144,73342,73113,73606,79198,75151,73153,97109,,,,,,,,,,,,,,,,,,20110514,WO,LG,키움,LG,목동,박기택,93,3,-1,20110514LGWO0
직구,임찬규,알드리지,61101,61332,138,볼,,,,0,0,2,11,말,5,5,0,0,좌,,,장기영,,임찬규,조인성,이택근,박경수,서동욱,윤진호,정의윤,이대형,이병규,,71347.0,,61101,98144,73342,73113,73606,79198,75151,73153,97109,,,,,,,,,,,,,,,,,,20110514,WO,LG,키움,LG,목동,박기택,94,1,-1,20110514LGWO0
직구,임찬규,알드리지,61101,61332,138,볼,,,,1,0,2,11,말,5,5,0,0,좌,,,장기영,,임찬규,조인성,이택근,박경수,서동욱,윤진호,정의윤,이대형,이병규,,71347.0,,61101,98144,73342,73113,73606,79198,75151,73153,97109,,,,,,,,,,,,,,,,,,20110514,WO,LG,키움,LG,목동,박기택,94,2,-1,20110514LGWO0
직구,임찬규,알드리지,61101,61332,135,볼,,,,2,0,2,11,말,5,5,0,0,좌,,,장기영,,임찬규,조인성,이택근,박경수,서동욱,윤진호,정의윤,이대형,이병규,,71347.0,,61101,98144,73342,73113,73606,79198,75151,73153,97109,,,,,,,,,,,,,,,,,,20110514,WO,LG,키움,LG,목동,박기택,94,3,-1,20110514LGWO0
직구,임찬규,알드리지,61101,61332,135,볼,고의4구,고의4구,알드리지 :  고의4구;,3,0,2,11,말,5,5,0,0,좌,,,장기영,,임찬규,조인성,이택근,박경수,서동욱,윤진호,정의윤,이대형,이병규,,71347.0,,61101,98144,73342,73113,73606,79198,75151,73153,97109,,,,,,,,,,,,,,,,,,20110514,WO,LG,키움,LG,목동,박기택,94,4,-1,20110514LGWO0
슬라이더,임찬규,오윤,61101,70312,123,볼,,,,0,0,2,11,말,5,5,0,0,우,,알드리지,장기영,,임찬규,조인성,이택근,박경수,서동욱,윤진호,정의윤,이대형,이병규,61332.0,71347.0,,61101,98144,73342,73113,73606,79198,75151,73153,97109,,,,,,,,,,,,,,,,,,20110514,WO,LG,키움,LG,목동,박기택,95,1,-1,20110514LGWO0
직구,임찬규,오윤,61101,70312,135,스트라이크,,,,1,0,2,11,말,5,5,0,0,우,,알드리지,장기영,,임찬규,조인성,이택근,박경수,서동욱,윤진호,정의윤,이대형,이병규,61332.0,71347.0,,61101,98144,73342,73113,73606,79198,75151,73153,97109,,,,,,,,,,,,,,,,,,20110514,WO,LG,키움,LG,목동,박기택,95,2,-1,20110514LGWO0
직구,임찬규,오윤,61101,70312,135,볼,,,,1,1,2,11,말,5,5,0,0,우,,알드리지,장기영,,임찬규,조인성,이택근,박경수,서동욱,윤진호,정의윤,이대형,이병규,61332.0,71347.0,,61101,98144,73342,73113,73606,79198,75151,73153,97109,,,,,,,,,,,,,,,,,,20110514,WO,LG,키움,LG,목동,박기택,95,3,-1,20110514LGWO0
직구,임찬규,오윤,61101,70312,136,타격,2루타,2루타,오윤 : 우중간 2루타; 1루주자 알드리지 : 3루까지 진루; 2루주자 장기영 : 홈인;,2,1,2,11,말,5,5,0,1,우,,알드리지,장기영,,임찬규,조인성,이택근,박경수,서동욱,윤진호,정의윤,이대형,이병규,61332.0,71347.0,,61101,98144,73342,73113,73606,79198,75151,73153,97109,,,,,,,,,,,,,,,,,,20110514,WO,LG,키움,LG,목동,박기택,95,4,-1,20110514LGWO0
