pitch_type,pitcher,batter,pitcher_ID,batter_ID,speed,pitch_result,pa_result,pa_result_detail,description,balls,strikes,outs,inning,inning_topbot,score_away,score_home,outs_on_play,runs_scored,stands,throws,on_1b,on_2b,on_3b,pos_1,pos_2,pos_3,pos_4,pos_5,pos_6,pos_7,pos_8,pos_9,on_1b_id,on_2b_id,on_3b_id,pos_1_id,pos_2_id,pos_3_id,pos_4_id,pos_5_id,pos_6_id,pos_7_id,pos_8_id,pos_9_id,px,pz,pfx_x,pfx_z,pfx_x_raw,pfx_z_raw,x0,z0,sz_top,sz_bot,y0,vx0,vy0,vz0,ax,ay,az,game_date,home,away,home_alias,away_alias,stadium,referee,pa_number,pitch_number,pitchID,gameID
직구,이우선,고영민,79442,72214,139,볼,,,,0,0,0,1,초,0,0,0,0,우,우,,,,이우선,현재윤,채태인,신명철,조동찬,손주인,최형우,박한이,강봉규,,,,79442,72427,77463,71504,72466,72456,72443,71432,70224,,,,,,,,,,,,,,,,,,20090716,SS,OB,삼성,두산,시민,박기택,1,1,-1,20090716OBSS0
직구,이우선,고영민,79442,72214,137,볼,,,,1,0,0,1,초,0,0,0,0,우,우,,,,이우선,현재윤,채태인,신명철,조동찬,손주인,최형우,박한이,강봉규,,,,79442,72427,77463,71504,72466,72456,72443,71432,70224,,,,,,,,,,,,,,,,,,20090716,SS,OB,삼성,두산,시민,박기택,1,2,-1,20090716OBSS0
직구,이우선,고영민,79442,72214,137,볼,,,,2,0,0,1,초,0,0,0,0,우,우,,,,이우선,현재윤,채태인,신명철,조동찬,손주인,최형우,박한이,강봉규,,,,79442,72427,77463,71504,72466,72456,72443,71432,70224,,,,,,,,,,,,,,,,,,20090716,SS,OB,삼성,두산,시민,박기택,1,3,-1,20090716OBSS0
직구,이우선,고영민,79442,72214,138,스트라이크,,,,3,0,0,1,초,0,0,0,0,우,우,,,,이우선,현재윤,채태인,신명철,조동찬,손주인,최형우,박한이,강봉규,,,,79442,72427,77463,71504,72466,72456,72443,71432,70224,,,,,,,,,,,,,,,,,,20090716,SS,OB,삼성,두산,시민,박기택,1,4,-1,20090716OBSS0
직구,이우선,고영민,79442,72214,138,헛스윙,,,,3,1,0,1,초,0,0,0,0,우,우,,,,이우선,현재윤,채태인,신명철,조동찬,손주인,최형우,박한이,강봉규,,,,79442,72427,77463,71504,72466,72456,72443,71432,70224,,,,,,,,,,,,,,,,,,20090716,SS,OB,삼성,두산,시민,박기택,1,5,-1,20090716OBSS0
직구,이우선,고영민,79442,72214,138,볼,볼넷,볼넷,고영민 :  볼넷;,3,2,0,1,초,0,0,0,0,우,우,,,,이우선,현재윤,채태인,신명철,조동찬,손주인,최형우,박한이,강봉규,,,,79442,72427,77463,71504,72466,72456,72443,71432,70224,,,,,,,,,,,,,,,,,,20090716,SS,OB,삼성,두산,시민,박기택,1,6,-1,20090716OBSS0
체인지업,이우선,임재철,79442,99507,127,볼,,,,0,0,0,1,초,0,0,0,0,우,우,고영민,,,이우선,현재윤,채태인,신명철,조동찬,손주인,최형우,박한이,강봉규,72214.0,,,79442,72427,77463,71504,72466,72456,72443,71432,70224,,,,,,,,,,,,,,,,,,20090716,SS,OB,삼성,두산,시민,박기택,2,1,-1,20090716OBSS0
체인지업,이우선,임재철,79442,99507,126,볼,,,,1,0,0,1,초,0,0,0,0,우,우,고영민,,,이우선,현재윤,채태인,신명철,조동찬,손주인,최형우,박한이,강봉규,72214.0,,,79442,72427,77463,71504,72466,72456,72443,71432,70224,,,,,,,,,,,,,,,,,,20090716,SS,OB,삼성,두산,시민,박기택,2,2,-1,20090716OBSS0
체인지업,이우선,임재철,79442,99507,125,스트라이크,,,,2,0,0,1,초,0,0,0,0,우,우,고영민,,,이우선,현재윤,채태인,신명철,조동찬,손주인,최형우,박한이,강봉규,72214.0,,,79442,72427,77463,71504,72466,72456,72443,71432,70224,,,,,,,,,,,,,,,,,,20090716,SS,OB,삼성,두산,시민,박기택,2,3,-1,20090716OBSS0
슬라이더,이우선,임재철,79442,99507,126,볼,,,,2,1,0,1,초,0,0,0,0,우,우,고영민,,,이우선,현재윤,채태인,신명철,조동찬,손주인,최형우,박한이,강봉규,72214.0,,,79442,72427,77463,71504,72466,72456,72443,71432,70224,,,,,,,,,,,,,,,,,,20090716,SS,OB,삼성,두산,시민,박기택,2,4,-1,20090716OBSS0
체인지업,이우선,임재철,79442,99507,127,볼,볼넷,볼넷,임재철 :  볼넷; 1루주자 고영민 :   2루까지 진루;,3,1,0,1,초,0,0,0,0,우,우,고영민,,,이우선,현재윤,채태인,신명철,조동찬,손주인,최형우,박한이,강봉규,72214.0,,,79442,72427,77463,71504,72466,72456,72443,71432,70224,,,,,,,,,,,,,,,,,,20090716,SS,OB,삼성,두산,시민,박기택,2,5,-1,20090716OBSS0
체인지업,이우선,김현수,79442,76290,126,파울,,,,0,0,0,1,초,0,0,0,0,좌,우,임재철,고영민,,이우선,현재윤,채태인,신명철,조동찬,손주인,최형우,박한이,강봉규,99507.0,72214.0,,79442,72427,77463,71504,72466,72456,72443,71432,70224,,,,,,,,,,,,,,,,,,20090716,SS,OB,삼성,두산,시민,박기택,3,1,-1,20090716OBSS0
체인지업,이우선,김현수,79442,76290,129,스트라이크,,,,0,1,0,1,초,0,0,0,0,좌,우,임재철,고영민,,이우선,현재윤,채태인,신명철,조동찬,손주인,최형우,박한이,강봉규,99507.0,72214.0,,79442,72427,77463,71504,72466,72456,72443,71432,70224,,,,,,,,,,,,,,,,,,20090716,SS,OB,삼성,두산,시민,박기택,3,2,-1,20090716OBSS0
직구,이우선,김현수,79442,76290,136,볼,,,,0,2,0,1,초,0,0,0,0,좌,우,임재철,고영민,,이우선,현재윤,채태인,신명철,조동찬,손주인,최형우,박한이,강봉규,99507.0,72214.0,,79442,72427,77463,71504,72466,72456,72443,71432,70224,,,,,,,,,,,,,,,,,,20090716,SS,OB,삼성,두산,시민,박기택,3,3,-1,20090716OBSS0
체인지업,이우선,김현수,79442,76290,126,타격,포스 아웃,땅볼 아웃,김현수 : 투수 앞 땅볼로 출루; 1루주자 임재철 :  포스아웃 (투수->유격수 2루 터치아웃); 2루주자 고영민 :   3루까지 진루;,1,2,0,1,초,0,0,1,0,좌,우,임재철,고영민,,이우선,현재윤,채태인,신명철,조동찬,손주인,최형우,박한이,강봉규,99507.0,72214.0,,79442,72427,77463,71504,72466,72456,72443,71432,70224,,,,,,,,,,,,,,,,,,20090716,SS,OB,삼성,두산,시민,박기택,3,4,-1,20090716OBSS0
직구,이우선,김동주,79442,98218,134,볼,,,,0,0,1,1,초,0,0,0,0,우,우,김현수,,고영민,이우선,현재윤,채태인,신명철,조동찬,손주인,최형우,박한이,강봉규,76290.0,,72214.0,79442,72427,77463,71504,72466,72456,72443,71432,70224,,,,,,,,,,,,,,,,,,20090716,SS,OB,삼성,두산,시민,박기택,4,1,-1,20090716OBSS0
체인지업,이우선,김동주,79442,98218,125,볼,,,,1,0,1,1,초,0,0,0,0,우,우,김현수,,고영민,이우선,현재윤,채태인,신명철,조동찬,손주인,최형우,박한이,강봉규,76290.0,,72214.0,79442,72427,77463,71504,72466,72456,72443,71432,70224,,,,,,,,,,,,,,,,,,20090716,SS,OB,삼성,두산,시민,박기택,4,2,-1,20090716OBSS0
체인지업,이우선,김동주,79442,98218,126,볼,,,,2,0,1,1,초,0,0,0,0,우,우,김현수,,고영민,이우선,현재윤,채태인,신명철,조동찬,손주인,최형우,박한이,강봉규,76290.0,,72214.0,79442,72427,77463,71504,72466,72456,72443,71432,70224,,,,,,,,,,,,,,,,,,20090716,SS,OB,삼성,두산,시민,박기택,4,3,-1,20090716OBSS0
체인지업,이우선,김동주,79442,98218,126,볼,볼넷,볼넷,김동주 :  볼넷; 1루주자 김현수 :   2루까지 진루;,3,0,1,1,초,0,0,0,0,우,우,김현수,,고영민,이우선,현재윤,채태인,신명철,조동찬,손주인,최형우,박한이,강봉규,76290.0,,72214.0,79442,72427,77463,71504,72466,72456,72443,71432,70224,,,,,,,,,,,,,,,,,,20090716,SS,OB,삼성,두산,시민,박기택,4,4,-1,20090716OBSS0
체인지업,이우선,최준석,79442,71552,126,볼,,,,0,0,1,1,초,0,0,0,0,우,우,김동주,김현수,고영민,이우선,현재윤,채태인,신명철,조동찬,손주인,최형우,박한이,강봉규,98218.0,76290.0,72214.0,79442,72427,77463,71504,72466,72456,72443,71432,70224,,,,,,,,,,,,,,,,,,20090716,SS,OB,삼성,두산,시민,박기택,5,1,-1,20090716OBSS0
체인지업,이우선,최준석,79442,71552,128,헛스윙,,,,1,0,1,1,초,0,0,0,0,우,우,김동주,김현수,고영민,이우선,현재윤,채태인,신명철,조동찬,손주인,최형우,박한이,강봉규,98218.0,76290.0,72214.0,79442,72427,77463,71504,72466,72456,72443,71432,70224,,,,,,,,,,,,,,,,,,20090716,SS,OB,삼성,두산,시민,박기택,5,2,-1,20090716OBSS0
직구,이우선,최준석,79442,71552,136,볼,,,,1,1,1,1,초,0,0,0,0,우,우,김동주,김현수,고영민,이우선,현재윤,채태인,신명철,조동찬,손주인,최형우,박한이,강봉규,98218.0,76290.0,72214.0,79442,72427,77463,71504,72466,72456,72443,71432,70224,,,,,,,,,,,,,,,,,,20090716,SS,OB,삼성,두산,시민,박기택,5,3,-1,20090716OBSS0
체인지업,이우선,최준석,79442,71552,128,헛스윙,,,,2,1,1,1,초,0,0,0,0,우,우,김동주,김현수,고영민,이우선,현재윤,채태인,신명철,조동찬,손주인,최형우,박한이,강봉규,98218.0,76290.0,72214.0,79442,72427,77463,71504,72466,72456,72443,71432,70224,,,,,,,,,,,,,,,,,,20090716,SS,OB,삼성,두산,시민,박기택,5,4,-1,20090716OBSS0
체인지업,이우선,최준석,79442,71552,127,타격,2루타,2루타,최준석 : 좌중간 2루타; 1루주자 김동주 :   3루까지 진루; 2루주자 김현수 :  홈인; 3루주자 고영민 :  홈인;,2,2,1,1,초,0,0,0,2,우,우,김동주,김현수,고영민,이우선,현재윤,채태인,신명철,조동찬,손주인,최형우,박한이,강봉규,98218.0,76290.0,72214.0,79442,72427,77463,71504,72466,72456,72443,71432,70224,,,,,,,,,,,,,,,,,,20090716,SS,OB,삼성,두산,시민,박기택,5,5,-1,20090716OBSS0
체인지업,이우선,손시헌,79442,73213,128,볼,,,,0,0,1,1,초,2,0,0,0,우,우,,최준석,김동주,이우선,현재윤,채태인,신명철,조동찬,손주인,최형우,박한이,강봉규,,71552.0,98218.0,79442,72427,77463,71504,72466,72456,72443,71432,70224,,,,,,,,,,,,,,,,,,20090716,SS,OB,삼성,두산,시민,박기택,6,1,-1,20090716OBSS0
체인지업,이우선,손시헌,79442,73213,127,볼,,,,1,0,1,1,초,2,0,0,0,우,우,,최준석,김동주,이우선,현재윤,채태인,신명철,조동찬,손주인,최형우,박한이,강봉규,,71552.0,98218.0,79442,72427,77463,71504,72466,72456,72443,71432,70224,,,,,,,,,,,,,,,,,,20090716,SS,OB,삼성,두산,시민,박기택,6,2,-1,20090716OBSS0
체인지업,이우선,손시헌,79442,73213,126,파울,,,,2,0,1,1,초,2,0,0,0,우,우,,최준석,김동주,이우선,현재윤,채태인,신명철,조동찬,손주인,최형우,박한이,강봉규,,71552.0,98218.0,79442,72427,77463,71504,72466,72456,72443,71432,70224,,,,,,,,,,,,,,,,,,20090716,SS,OB,삼성,두산,시민,박기택,6,3,-1,20090716OBSS0
직구,이우선,손시헌,79442,73213,136,타격,필드 아웃,플라이 아웃,손시헌 : 유격수 플라이 아웃;,2,1,1,1,초,2,0,1,0,우,우,,최준석,김동주,이우선,현재윤,채태인,신명철,조동찬,손주인,최형우,박한이,강봉규,,71552.0,98218.0,79442,72427,77463,71504,72466,72456,72443,71432,70224,,,,,,,,,,,,,,,,,,20090716,SS,OB,삼성,두산,시민,박기택,6,4,-1,20090716OBSS0
체인지업,이우선,이원석,79442,75566,124,볼,,,,0,0,2,1,초,2,0,0,0,우,우,,최준석,김동주,이우선,현재윤,채태인,신명철,조동찬,손주인,최형우,박한이,강봉규,,71552.0,98218.0,79442,72427,77463,71504,72466,72456,72443,71432,70224,,,,,,,,,,,,,,,,,,20090716,SS,OB,삼성,두산,시민,박기택,7,1,-1,20090716OBSS0
체인지업,이우선,이원석,79442,75566,126,스트라이크,,,,1,0,2,1,초,2,0,0,0,우,우,,최준석,김동주,이우선,현재윤,채태인,신명철,조동찬,손주인,최형우,박한이,강봉규,,71552.0,98218.0,79442,72427,77463,71504,72466,72456,72443,71432,70224,,,,,,,,,,,,,,,,,,20090716,SS,OB,삼성,두산,시민,박기택,7,2,-1,20090716OBSS0
직구,이우선,이원석,79442,75566,137,파울,,,,1,1,2,1,초,2,0,0,0,우,우,,최준석,김동주,이우선,현재윤,채태인,신명철,조동찬,손주인,최형우,박한이,강봉규,,71552.0,98218.0,79442,72427,77463,71504,72466,72456,72443,71432,70224,,,,,,,,,,,,,,,,,,20090716,SS,OB,삼성,두산,시민,박기택,7,3,-1,20090716OBSS0
직구,이우선,이원석,79442,75566,137,볼,,,,1,2,2,1,초,2,0,0,0,우,우,,최준석,김동주,이우선,현재윤,채태인,신명철,조동찬,손주인,최형우,박한이,강봉규,,71552.0,98218.0,79442,72427,77463,71504,72466,72456,72443,71432,70224,,,,,,,,,,,,,,,,,,20090716,SS,OB,삼성,두산,시민,박기택,7,4,-1,20090716OBSS0
직구,이우선,이원석,79442,75566,136,볼,,,,2,2,2,1,초,2,0,0,0,우,우,,최준석,김동주,이우선,현재윤,채태인,신명철,조동찬,손주인,최형우,박한이,강봉규,,71552.0,98218.0,79442,72427,77463,71504,72466,72456,72443,71432,70224,,,,,,,,,,,,,,,,,,20090716,SS,OB,삼성,두산,시민,박기택,7,5,-1,20090716OBSS0
체인지업,이우선,이원석,79442,75566,127,타격,필드 아웃,플라이 아웃,이원석 : 좌익수 플라이 아웃;,3,2,2,1,초,2,0,1,0,우,우,,최준석,김동주,이우선,현재윤,채태인,신명철,조동찬,손주인,최형우,박한이,강봉규,,71552.0,98218.0,79442,72427,77463,71504,72466,72456,72443,71432,70224,,,,,,,,,,,,,,,,,,20090716,SS,OB,삼성,두산,시민,박기택,7,6,-1,20090716OBSS0
직구,홍상삼,조동찬,78247,72466,143,볼,,,,0,0,0,1,말,2,0,0,0,우,우,,,,홍상삼,최승환,이원석,고영민,김동주,손시헌,김현수,민병헌,임재철,,,,78247,70122,75566,72214,98218,73213,76290,76249,99507,,,,,,,,,,,,,,,,,,20090716,SS,OB,삼성,두산,시민,박기택,8,1,-1,20090716OBSS0
직구,홍상삼,조동찬,78247,72466,141,스트라이크,,,,1,0,0,1,말,2,0,0,0,우,우,,,,홍상삼,최승환,이원석,고영민,김동주,손시헌,김현수,민병헌,임재철,,,,78247,70122,75566,72214,98218,73213,76290,76249,99507,,,,,,,,,,,,,,,,,,20090716,SS,OB,삼성,두산,시민,박기택,8,2,-1,20090716OBSS0
슬라이더,홍상삼,조동찬,78247,72466,125,스트라이크,,,,1,1,0,1,말,2,0,0,0,우,우,,,,홍상삼,최승환,이원석,고영민,김동주,손시헌,김현수,민병헌,임재철,,,,78247,70122,75566,72214,98218,73213,76290,76249,99507,,,,,,,,,,,,,,,,,,20090716,SS,OB,삼성,두산,시민,박기택,8,3,-1,20090716OBSS0
포크,홍상삼,조동찬,78247,72466,130,볼,,,,1,2,0,1,말,2,0,0,0,우,우,,,,홍상삼,최승환,이원석,고영민,김동주,손시헌,김현수,민병헌,임재철,,,,78247,70122,75566,72214,98218,73213,76290,76249,99507,,,,,,,,,,,,,,,,,,20090716,SS,OB,삼성,두산,시민,박기택,8,4,-1,20090716OBSS0
직구,홍상삼,조동찬,78247,72466,142,타격,필드 아웃,플라이 아웃,조동찬 : 중견수 플라이 아웃;,2,2,0,1,말,2,0,1,0,우,우,,,,홍상삼,최승환,이원석,고영민,김동주,손시헌,김현수,민병헌,임재철,,,,78247,70122,75566,72214,98218,73213,76290,76249,99507,,,,,,,,,,,,,,,,,,20090716,SS,OB,삼성,두산,시민,박기택,8,5,-1,20090716OBSS0
직구,홍상삼,박한이,78247,71432,143,볼,,,,0,0,1,1,말,2,0,0,0,좌,우,,,,홍상삼,최승환,이원석,고영민,김동주,손시헌,김현수,민병헌,임재철,,,,78247,70122,75566,72214,98218,73213,76290,76249,99507,,,,,,,,,,,,,,,,,,20090716,SS,OB,삼성,두산,시민,박기택,9,1,-1,20090716OBSS0
직구,홍상삼,박한이,78247,71432,142,볼,,,,1,0,1,1,말,2,0,0,0,좌,우,,,,홍상삼,최승환,이원석,고영민,김동주,손시헌,김현수,민병헌,임재철,,,,78247,70122,75566,72214,98218,73213,76290,76249,99507,,,,,,,,,,,,,,,,,,20090716,SS,OB,삼성,두산,시민,박기택,9,2,-1,20090716OBSS0
직구,홍상삼,박한이,78247,71432,144,스트라이크,,,,2,0,1,1,말,2,0,0,0,좌,우,,,,홍상삼,최승환,이원석,고영민,김동주,손시헌,김현수,민병헌,임재철,,,,78247,70122,75566,72214,98218,73213,76290,76249,99507,,,,,,,,,,,,,,,,,,20090716,SS,OB,삼성,두산,시민,박기택,9,3,-1,20090716OBSS0
직구,홍상삼,박한이,78247,71432,142,타격,2루타,2루타,박한이 : 좌중간 2루타;,2,1,1,1,말,2,0,0,0,좌,우,,,,홍상삼,최승환,이원석,고영민,김동주,손시헌,김현수,민병헌,임재철,,,,78247,70122,75566,72214,98218,73213,76290,76249,99507,,,,,,,,,,,,,,,,,,20090716,SS,OB,삼성,두산,시민,박기택,9,4,-1,20090716OBSS0
포크,홍상삼,강봉규,78247,70224,124,볼,,,,0,0,1,1,말,2,0,0,0,우,우,,박한이,,홍상삼,최승환,이원석,고영민,김동주,손시헌,김현수,민병헌,임재철,,71432.0,,78247,70122,75566,72214,98218,73213,76290,76249,99507,,,,,,,,,,,,,,,,,,20090716,SS,OB,삼성,두산,시민,박기택,10,1,-1,20090716OBSS0
직구,홍상삼,강봉규,78247,70224,143,파울,,,,1,0,1,1,말,2,0,0,0,우,우,,박한이,,홍상삼,최승환,이원석,고영민,김동주,손시헌,김현수,민병헌,임재철,,71432.0,,78247,70122,75566,72214,98218,73213,76290,76249,99507,,,,,,,,,,,,,,,,,,20090716,SS,OB,삼성,두산,시민,박기택,10,2,-1,20090716OBSS0
직구,홍상삼,강봉규,78247,70224,142,파울,,,,1,1,1,1,말,2,0,0,0,우,우,,박한이,,홍상삼,최승환,이원석,고영민,김동주,손시헌,김현수,민병헌,임재철,,71432.0,,78247,70122,75566,72214,98218,73213,76290,76249,99507,,,,,,,,,,,,,,,,,,20090716,SS,OB,삼성,두산,시민,박기택,10,3,-1,20090716OBSS0
직구,홍상삼,강봉규,78247,70224,142,타격,포스 아웃,땅볼 아웃,강봉규 : 유격수 땅볼 아웃 (유격수->1루수 송구아웃);,1,2,1,1,말,2,0,1,0,우,우,,박한이,,홍상삼,최승환,이원석,고영민,김동주,손시헌,김현수,민병헌,임재철,,71432.0,,78247,70122,75566,72214,98218,73213,76290,76249,99507,,,,,,,,,,,,,,,,,,20090716,SS,OB,삼성,두산,시민,박기택,10,4,-1,20090716OBSS0
포크,홍상삼,양준혁,78247,93410,128,볼,,,,0,0,2,1,말,2,0,0,0,좌,우,,박한이,,홍상삼,최승환,이원석,고영민,김동주,손시헌,김현수,민병헌,임재철,,71432.0,,78247,70122,75566,72214,98218,73213,76290,76249,99507,,,,,,,,,,,,,,,,,,20090716,SS,OB,삼성,두산,시민,박기택,11,1,-1,20090716OBSS0
포크,홍상삼,양준혁,78247,93410,126,볼,,,,1,0,2,1,말,2,0,0,0,좌,우,,박한이,,홍상삼,최승환,이원석,고영민,김동주,손시헌,김현수,민병헌,임재철,,71432.0,,78247,70122,75566,72214,98218,73213,76290,76249,99507,,,,,,,,,,,,,,,,,,20090716,SS,OB,삼성,두산,시민,박기택,11,2,-1,20090716OBSS0
직구,홍상삼,양준혁,78247,93410,143,볼,,,,2,0,2,1,말,2,0,0,0,좌,우,,박한이,,홍상삼,최승환,이원석,고영민,김동주,손시헌,김현수,민병헌,임재철,,71432.0,,78247,70122,75566,72214,98218,73213,76290,76249,99507,,,,,,,,,,,,,,,,,,20090716,SS,OB,삼성,두산,시민,박기택,11,3,-1,20090716OBSS0
직구,홍상삼,양준혁,78247,93410,142,볼,볼넷,볼넷,양준혁 :  볼넷;,3,0,2,1,말,2,0,0,0,좌,우,,박한이,,홍상삼,최승환,이원석,고영민,김동주,손시헌,김현수,민병헌,임재철,,71432.0,,78247,70122,75566,72214,98218,73213,76290,76249,99507,,,,,,,,,,,,,,,,,,20090716,SS,OB,삼성,두산,시민,박기택,11,4,-1,20090716OBSS0
포크,홍상삼,최형우,78247,72443,128,볼,,,,0,0,2,1,말,2,0,0,0,좌,우,양준혁,박한이,,홍상삼,최승환,이원석,고영민,김동주,손시헌,김현수,민병헌,임재철,93410.0,71432.0,,78247,70122,75566,72214,98218,73213,76290,76249,99507,,,,,,,,,,,,,,,,,,20090716,SS,OB,삼성,두산,시민,박기택,12,1,-1,20090716OBSS0
직구,홍상삼,최형우,78247,72443,142,타격,홈런,홈런,최형우 : 우중간 홈런(홈런거리:125M); 1루주자 양준혁 :  홈인; 2루주자 박한이 :  홈인;,1,0,2,1,말,2,0,0,3,좌,우,양준혁,박한이,,홍상삼,최승환,이원석,고영민,김동주,손시헌,김현수,민병헌,임재철,93410.0,71432.0,,78247,70122,75566,72214,98218,73213,76290,76249,99507,,,,,,,,,,,,,,,,,,20090716,SS,OB,삼성,두산,시민,박기택,12,2,-1,20090716OBSS0
직구,홍상삼,신명철,78247,71504,142,파울,,,,0,0,2,1,말,2,3,0,0,우,우,,,,홍상삼,최승환,이원석,고영민,김동주,손시헌,김현수,민병헌,임재철,,,,78247,70122,75566,72214,98218,73213,76290,76249,99507,,,,,,,,,,,,,,,,,,20090716,SS,OB,삼성,두산,시민,박기택,13,1,-1,20090716OBSS0
슬라이더,홍상삼,신명철,78247,71504,126,볼,,,,0,1,2,1,말,2,3,0,0,우,우,,,,홍상삼,최승환,이원석,고영민,김동주,손시헌,김현수,민병헌,임재철,,,,78247,70122,75566,72214,98218,73213,76290,76249,99507,,,,,,,,,,,,,,,,,,20090716,SS,OB,삼성,두산,시민,박기택,13,2,-1,20090716OBSS0
슬라이더,홍상삼,신명철,78247,71504,124,헛스윙,,,,1,1,2,1,말,2,3,0,0,우,우,,,,홍상삼,최승환,이원석,고영민,김동주,손시헌,김현수,민병헌,임재철,,,,78247,70122,75566,72214,98218,73213,76290,76249,99507,,,,,,,,,,,,,,,,,,20090716,SS,OB,삼성,두산,시민,박기택,13,3,-1,20090716OBSS0
직구,홍상삼,신명철,78247,71504,142,헛스윙,삼진,삼진,신명철 :  삼진 아웃;,1,2,2,1,말,2,3,0,0,우,우,,,,홍상삼,최승환,이원석,고영민,김동주,손시헌,김현수,민병헌,임재철,,,,78247,70122,75566,72214,98218,73213,76290,76249,99507,,,,,,,,,,,,,,,,,,20090716,SS,OB,삼성,두산,시민,박기택,13,4,-1,20090716OBSS0
직구,이우선,최승환,79442,70122,136,스트라이크,,,,0,0,0,2,초,2,3,0,0,우,우,,,,이우선,현재윤,채태인,신명철,조동찬,손주인,최형우,박한이,강봉규,,,,79442,72427,77463,71504,72466,72456,72443,71432,70224,,,,,,,,,,,,,,,,,,20090716,SS,OB,삼성,두산,시민,박기택,14,1,-1,20090716OBSS0
체인지업,이우선,최승환,79442,70122,128,스트라이크,,,,0,1,0,2,초,2,3,0,0,우,우,,,,이우선,현재윤,채태인,신명철,조동찬,손주인,최형우,박한이,강봉규,,,,79442,72427,77463,71504,72466,72456,72443,71432,70224,,,,,,,,,,,,,,,,,,20090716,SS,OB,삼성,두산,시민,박기택,14,2,-1,20090716OBSS0
체인지업,이우선,최승환,79442,70122,128,파울,,,,0,2,0,2,초,2,3,0,0,우,우,,,,이우선,현재윤,채태인,신명철,조동찬,손주인,최형우,박한이,강봉규,,,,79442,72427,77463,71504,72466,72456,72443,71432,70224,,,,,,,,,,,,,,,,,,20090716,SS,OB,삼성,두산,시민,박기택,14,3,-1,20090716OBSS0
직구,이우선,최승환,79442,70122,137,파울,,,,0,2,0,2,초,2,3,0,0,우,우,,,,이우선,현재윤,채태인,신명철,조동찬,손주인,최형우,박한이,강봉규,,,,79442,72427,77463,71504,72466,72456,72443,71432,70224,,,,,,,,,,,,,,,,,,20090716,SS,OB,삼성,두산,시민,박기택,14,4,-1,20090716OBSS0
체인지업,이우선,최승환,79442,70122,127,타격,필드 아웃,플라이 아웃,최승환 : 1루수 플라이 아웃;,0,2,0,2,초,2,3,1,0,우,우,,,,이우선,현재윤,채태인,신명철,조동찬,손주인,최형우,박한이,강봉규,,,,79442,72427,77463,71504,72466,72456,72443,71432,70224,,,,,,,,,,,,,,,,,,20090716,SS,OB,삼성,두산,시민,박기택,14,5,-1,20090716OBSS0
체인지업,이우선,민병헌,79442,76249,126,스트라이크,,,,0,0,1,2,초,2,3,0,0,우,우,,,,이우선,현재윤,채태인,신명철,조동찬,손주인,최형우,박한이,강봉규,,,,79442,72427,77463,71504,72466,72456,72443,71432,70224,,,,,,,,,,,,,,,,,,20090716,SS,OB,삼성,두산,시민,박기택,15,1,-1,20090716OBSS0
슬라이더,이우선,민병헌,79442,76249,129,볼,,,,0,1,1,2,초,2,3,0,0,우,우,,,,이우선,현재윤,채태인,신명철,조동찬,손주인,최형우,박한이,강봉규,,,,79442,72427,77463,71504,72466,72456,72443,71432,70224,,,,,,,,,,,,,,,,,,20090716,SS,OB,삼성,두산,시민,박기택,15,2,-1,20090716OBSS0
체인지업,이우선,민병헌,79442,76249,128,파울,,,,1,1,1,2,초,2,3,0,0,우,우,,,,이우선,현재윤,채태인,신명철,조동찬,손주인,최형우,박한이,강봉규,,,,79442,72427,77463,71504,72466,72456,72443,71432,70224,,,,,,,,,,,,,,,,,,20090716,SS,OB,삼성,두산,시민,박기택,15,3,-1,20090716OBSS0
직구,이우선,민병헌,79442,76249,138,볼,,,,1,2,1,2,초,2,3,0,0,우,우,,,,이우선,현재윤,채태인,신명철,조동찬,손주인,최형우,박한이,강봉규,,,,79442,72427,77463,71504,72466,72456,72443,71432,70224,,,,,,,,,,,,,,,,,,20090716,SS,OB,삼성,두산,시민,박기택,15,4,-1,20090716OBSS0
체인지업,이우선,민병헌,79442,76249,135,헛스윙,삼진,삼진,민병헌 :  삼진 아웃;,2,2,1,2,초,2,3,0,0,우,우,,,,이우선,현재윤,채태인,신명철,조동찬,손주인,최형우,박한이,강봉규,,,,79442,72427,77463,71504,72466,72456,72443,71432,70224,,,,,,,,,,,,,,,,,,20090716,SS,OB,삼성,두산,시민,박기택,15,5,-1,20090716OBSS0
슬라이더,이우선,고영민,79442,72214,125,볼,,,,0,0,2,2,초,2,3,0,0,우,우,,,,이우선,현재윤,채태인,신명철,조동찬,손주인,최형우,박한이,강봉규,,,,79442,72427,77463,71504,72466,72456,72443,71432,70224,,,,,,,,,,,,,,,,,,20090716,SS,OB,삼성,두산,시민,박기택,16,1,-1,20090716OBSS0
슬라이더,이우선,고영민,79442,72214,128,헛스윙,,,,1,0,2,2,초,2,3,0,0,우,우,,,,이우선,현재윤,채태인,신명철,조동찬,손주인,최형우,박한이,강봉규,,,,79442,72427,77463,71504,72466,72456,72443,71432,70224,,,,,,,,,,,,,,,,,,20090716,SS,OB,삼성,두산,시민,박기택,16,2,-1,20090716OBSS0
체인지업,이우선,고영민,79442,72214,130,볼,,,,1,1,2,2,초,2,3,0,0,우,우,,,,이우선,현재윤,채태인,신명철,조동찬,손주인,최형우,박한이,강봉규,,,,79442,72427,77463,71504,72466,72456,72443,71432,70224,,,,,,,,,,,,,,,,,,20090716,SS,OB,삼성,두산,시민,박기택,16,3,-1,20090716OBSS0
직구,이우선,고영민,79442,72214,138,파울,,,,2,1,2,2,초,2,3,0,0,우,우,,,,이우선,현재윤,채태인,신명철,조동찬,손주인,최형우,박한이,강봉규,,,,79442,72427,77463,71504,72466,72456,72443,71432,70224,,,,,,,,,,,,,,,,,,20090716,SS,OB,삼성,두산,시민,박기택,16,4,-1,20090716OBSS0
직구,이우선,고영민,79442,72214,139,파울,,,,2,2,2,2,초,2,3,0,0,우,우,,,,이우선,현재윤,채태인,신명철,조동찬,손주인,최형우,박한이,강봉규,,,,79442,72427,77463,71504,72466,72456,72443,71432,70224,,,,,,,,,,,,,,,,,,20090716,SS,OB,삼성,두산,시민,박기택,16,5,-1,20090716OBSS0
슬라이더,이우선,고영민,79442,72214,129,볼,,,,2,2,2,2,초,2,3,0,0,우,우,,,,이우선,현재윤,채태인,신명철,조동찬,손주인,최형우,박한이,강봉규,,,,79442,72427,77463,71504,72466,72456,72443,71432,70224,,,,,,,,,,,,,,,,,,20090716,SS,OB,삼성,두산,시민,박기택,16,6,-1,20090716OBSS0
체인지업,이우선,고영민,79442,72214,128,볼,볼넷,볼넷,고영민 :  볼넷;,3,2,2,2,초,2,3,0,0,우,우,,,,이우선,현재윤,채태인,신명철,조동찬,손주인,최형우,박한이,강봉규,,,,79442,72427,77463,71504,72466,72456,72443,71432,70224,,,,,,,,,,,,,,,,,,20090716,SS,OB,삼성,두산,시민,박기택,16,7,-1,20090716OBSS0
체인지업,이우선,임재철,79442,99507,127,스트라이크,,,,0,0,2,2,초,2,3,0,0,우,우,고영민,,,이우선,현재윤,채태인,신명철,조동찬,손주인,최형우,박한이,강봉규,72214.0,,,79442,72427,77463,71504,72466,72456,72443,71432,70224,,,,,,,,,,,,,,,,,,20090716,SS,OB,삼성,두산,시민,박기택,17,1,-1,20090716OBSS0
슬라이더,이우선,임재철,79442,99507,128,타격,안타,안타,임재철 : 우중간 1루타; 1루주자 고영민 :   3루까지 진루;,0,1,2,2,초,2,3,0,0,우,우,고영민,,,이우선,현재윤,채태인,신명철,조동찬,손주인,최형우,박한이,강봉규,72214.0,,,79442,72427,77463,71504,72466,72456,72443,71432,70224,,,,,,,,,,,,,,,,,,20090716,SS,OB,삼성,두산,시민,박기택,17,2,-1,20090716OBSS0
체인지업,이우선,김현수,79442,76290,128,볼,,,,0,0,2,2,초,2,3,0,0,좌,우,임재철,,고영민,이우선,현재윤,채태인,신명철,조동찬,손주인,최형우,박한이,강봉규,99507.0,,72214.0,79442,72427,77463,71504,72466,72456,72443,71432,70224,,,,,,,,,,,,,,,,,,20090716,SS,OB,삼성,두산,시민,박기택,18,1,-1,20090716OBSS0
체인지업,이우선,김현수,79442,76290,127,볼,,,,1,0,2,2,초,2,3,0,0,좌,우,임재철,,고영민,이우선,현재윤,채태인,신명철,조동찬,손주인,최형우,박한이,강봉규,99507.0,,72214.0,79442,72427,77463,71504,72466,72456,72443,71432,70224,,,,,,,,,,,,,,,,,,20090716,SS,OB,삼성,두산,시민,박기택,18,2,-1,20090716OBSS0
체인지업,이우선,김현수,79442,76290,125,헛스윙,,,,2,0,2,2,초,2,3,0,0,좌,우,임재철,,고영민,이우선,현재윤,채태인,신명철,조동찬,손주인,최형우,박한이,강봉규,99507.0,,72214.0,79442,72427,77463,71504,72466,72456,72443,71432,70224,,,,,,,,,,,,,,,,,,20090716,SS,OB,삼성,두산,시민,박기택,18,3,-1,20090716OBSS0
체인지업,이우선,김현수,79442,76290,128,볼,,,,2,1,2,2,초,2,3,0,0,좌,우,임재철,,고영민,이우선,현재윤,채태인,신명철,조동찬,손주인,최형우,박한이,강봉규,99507.0,,72214.0,79442,72427,77463,71504,72466,72456,72443,71432,70224,,,,,,,,,,,,,,,,,,20090716,SS,OB,삼성,두산,시민,박기택,18,4,-1,20090716OBSS0
체인지업,이우선,김현수,79442,76290,127,타격,필드 아웃,라인드라이브 아웃,김현수 : 유격수 라인드라이브 아웃;,3,1,2,2,초,2,3,1,0,좌,우,임재철,,고영민,이우선,현재윤,채태인,신명철,조동찬,손주인,최형우,박한이,강봉규,99507.0,,72214.0,79442,72427,77463,71504,72466,72456,72443,71432,70224,,,,,,,,,,,,,,,,,,20090716,SS,OB,삼성,두산,시민,박기택,18,5,-1,20090716OBSS0
커브,홍상삼,채태인,78247,77463,108,스트라이크,,,,0,0,0,2,말,2,3,0,0,좌,우,,,,홍상삼,최승환,이원석,고영민,김동주,손시헌,김현수,민병헌,임재철,,,,78247,70122,75566,72214,98218,73213,76290,76249,99507,,,,,,,,,,,,,,,,,,20090716,SS,OB,삼성,두산,시민,박기택,19,1,-1,20090716OBSS0
직구,홍상삼,채태인,78247,77463,140,볼,,,,0,1,0,2,말,2,3,0,0,좌,우,,,,홍상삼,최승환,이원석,고영민,김동주,손시헌,김현수,민병헌,임재철,,,,78247,70122,75566,72214,98218,73213,76290,76249,99507,,,,,,,,,,,,,,,,,,20090716,SS,OB,삼성,두산,시민,박기택,19,2,-1,20090716OBSS0
슬라이더,홍상삼,채태인,78247,77463,121,헛스윙,,,,1,1,0,2,말,2,3,0,0,좌,우,,,,홍상삼,최승환,이원석,고영민,김동주,손시헌,김현수,민병헌,임재철,,,,78247,70122,75566,72214,98218,73213,76290,76249,99507,,,,,,,,,,,,,,,,,,20090716,SS,OB,삼성,두산,시민,박기택,19,3,-1,20090716OBSS0
포크,홍상삼,채태인,78247,77463,128,헛스윙,삼진,삼진,채태인 :  삼진 아웃;,1,2,0,2,말,2,3,0,0,좌,우,,,,홍상삼,최승환,이원석,고영민,김동주,손시헌,김현수,민병헌,임재철,,,,78247,70122,75566,72214,98218,73213,76290,76249,99507,,,,,,,,,,,,,,,,,,20090716,SS,OB,삼성,두산,시민,박기택,19,4,-1,20090716OBSS0
슬라이더,홍상삼,손주인,78247,72456,126,볼,,,,0,0,1,2,말,2,3,0,0,우,우,,,,홍상삼,최승환,이원석,고영민,김동주,손시헌,김현수,민병헌,임재철,,,,78247,70122,75566,72214,98218,73213,76290,76249,99507,,,,,,,,,,,,,,,,,,20090716,SS,OB,삼성,두산,시민,박기택,20,1,-1,20090716OBSS0
직구,홍상삼,손주인,78247,72456,143,타격,필드 아웃,플라이 아웃,손주인 : 유격수 플라이 아웃;,1,0,1,2,말,2,3,1,0,우,우,,,,홍상삼,최승환,이원석,고영민,김동주,손시헌,김현수,민병헌,임재철,,,,78247,70122,75566,72214,98218,73213,76290,76249,99507,,,,,,,,,,,,,,,,,,20090716,SS,OB,삼성,두산,시민,박기택,20,2,-1,20090716OBSS0
포크,홍상삼,현재윤,78247,72427,136,볼,,,,0,0,2,2,말,2,3,0,0,우,우,,,,홍상삼,최승환,이원석,고영민,김동주,손시헌,김현수,민병헌,임재철,,,,78247,70122,75566,72214,98218,73213,76290,76249,99507,,,,,,,,,,,,,,,,,,20090716,SS,OB,삼성,두산,시민,박기택,21,1,-1,20090716OBSS0
직구,홍상삼,현재윤,78247,72427,142,파울,,,,1,0,2,2,말,2,3,0,0,우,우,,,,홍상삼,최승환,이원석,고영민,김동주,손시헌,김현수,민병헌,임재철,,,,78247,70122,75566,72214,98218,73213,76290,76249,99507,,,,,,,,,,,,,,,,,,20090716,SS,OB,삼성,두산,시민,박기택,21,2,-1,20090716OBSS0
직구,홍상삼,현재윤,78247,72427,143,볼,,,,1,1,2,2,말,2,3,0,0,우,우,,,,홍상삼,최승환,이원석,고영민,김동주,손시헌,김현수,민병헌,임재철,,,,78247,70122,75566,72214,98218,73213,76290,76249,99507,,,,,,,,,,,,,,,,,,20090716,SS,OB,삼성,두산,시민,박기택,21,3,-1,20090716OBSS0
커브,홍상삼,현재윤,78247,72427,112,스트라이크,,,,2,1,2,2,말,2,3,0,0,우,우,,,,홍상삼,최승환,이원석,고영민,김동주,손시헌,김현수,민병헌,임재철,,,,78247,70122,75566,72214,98218,73213,76290,76249,99507,,,,,,,,,,,,,,,,,,20090716,SS,OB,삼성,두산,시민,박기택,21,4,-1,20090716OBSS0
직구,홍상삼,현재윤,78247,72427,144,헛스윙,삼진,삼진,현재윤 :  삼진 아웃;,2,2,2,2,말,2,3,0,0,우,우,,,,홍상삼,최승환,이원석,고영민,김동주,손시헌,김현수,민병헌,임재철,,,,78247,70122,75566,72214,98218,73213,76290,76249,99507,,,,,,,,,,,,,,,,,,20090716,SS,OB,삼성,두산,시민,박기택,21,5,-1,20090716OBSS0
체인지업,이우선,김동주,79442,98218,128,스트라이크,,,,0,0,0,3,초,2,3,0,0,우,우,,,,이우선,현재윤,채태인,신명철,조동찬,손주인,최형우,박한이,강봉규,,,,79442,72427,77463,71504,72466,72456,72443,71432,70224,,,,,,,,,,,,,,,,,,20090716,SS,OB,삼성,두산,시민,박기택,22,1,-1,20090716OBSS0
체인지업,이우선,김동주,79442,98218,129,볼,,,,0,1,0,3,초,2,3,0,0,우,우,,,,이우선,현재윤,채태인,신명철,조동찬,손주인,최형우,박한이,강봉규,,,,79442,72427,77463,71504,72466,72456,72443,71432,70224,,,,,,,,,,,,,,,,,,20090716,SS,OB,삼성,두산,시민,박기택,22,2,-1,20090716OBSS0
체인지업,이우선,김동주,79442,98218,126,볼,,,,1,1,0,3,초,2,3,0,0,우,우,,,,이우선,현재윤,채태인,신명철,조동찬,손주인,최형우,박한이,강봉규,,,,79442,72427,77463,71504,72466,72456,72443,71432,70224,,,,,,,,,,,,,,,,,,20090716,SS,OB,삼성,두산,시민,박기택,22,3,-1,20090716OBSS0
슬라이더,이우선,김동주,79442,98218,128,타격,2루타,2루타,김동주 : 좌중간 2루타;,2,1,0,3,초,2,3,0,0,우,우,,,,이우선,현재윤,채태인,신명철,조동찬,손주인,최형우,박한이,강봉규,,,,79442,72427,77463,71504,72466,72456,72443,71432,70224,,,,,,,,,,,,,,,,,,20090716,SS,OB,삼성,두산,시민,박기택,22,4,-1,20090716OBSS0
직구,이우선,최준석,79442,71552,136,볼,,,,0,0,0,3,초,2,3,0,0,우,우,,김동주,,이우선,현재윤,채태인,신명철,조동찬,손주인,최형우,박한이,강봉규,,98218.0,,79442,72427,77463,71504,72466,72456,72443,71432,70224,,,,,,,,,,,,,,,,,,20090716,SS,OB,삼성,두산,시민,박기택,23,1,-1,20090716OBSS0
체인지업,이우선,최준석,79442,71552,126,볼,,,,1,0,0,3,초,2,3,0,0,우,우,,김동주,,이우선,현재윤,채태인,신명철,조동찬,손주인,최형우,박한이,강봉규,,98218.0,,79442,72427,77463,71504,72466,72456,72443,71432,70224,,,,,,,,,,,,,,,,,,20090716,SS,OB,삼성,두산,시민,박기택,23,2,-1,20090716OBSS0
체인지업,이우선,최준석,79442,71552,125,볼,,,,2,0,0,3,초,2,3,0,0,우,우,,김동주,,이우선,현재윤,채태인,신명철,조동찬,손주인,최형우,박한이,강봉규,,98218.0,,79442,72427,77463,71504,72466,72456,72443,71432,70224,,,,,,,,,,,,,,,,,,20090716,SS,OB,삼성,두산,시민,박기택,23,3,-1,20090716OBSS0
체인지업,이우선,최준석,79442,71552,127,볼,볼넷,볼넷,최준석 :  볼넷;,3,0,0,3,초,2,3,0,0,우,우,,김동주,,이우선,현재윤,채태인,신명철,조동찬,손주인,최형우,박한이,강봉규,,98218.0,,79442,72427,77463,71504,72466,72456,72443,71432,70224,,,,,,,,,,,,,,,,,,20090716,SS,OB,삼성,두산,시민,박기택,23,4,-1,20090716OBSS0
직구,이우선,손시헌,79442,73213,133,헛스윙,,,,0,0,0,3,초,2,3,0,0,우,우,최준석,김동주,,이우선,현재윤,채태인,신명철,조동찬,손주인,최형우,박한이,강봉규,71552.0,98218.0,,79442,72427,77463,71504,72466,72456,72443,71432,70224,,,,,,,,,,,,,,,,,,20090716,SS,OB,삼성,두산,시민,박기택,24,1,-1,20090716OBSS0
체인지업,이우선,손시헌,79442,73213,127,파울,,,,0,1,0,3,초,2,3,0,0,우,우,최준석,김동주,,이우선,현재윤,채태인,신명철,조동찬,손주인,최형우,박한이,강봉규,71552.0,98218.0,,79442,72427,77463,71504,72466,72456,72443,71432,70224,,,,,,,,,,,,,,,,,,20090716,SS,OB,삼성,두산,시민,박기택,24,2,-1,20090716OBSS0
직구,이우선,손시헌,79442,73213,138,볼,,,,0,2,0,3,초,2,3,0,0,우,우,최준석,김동주,,이우선,현재윤,채태인,신명철,조동찬,손주인,최형우,박한이,강봉규,71552.0,98218.0,,79442,72427,77463,71504,72466,72456,72443,71432,70224,,,,,,,,,,,,,,,,,,20090716,SS,OB,삼성,두산,시민,박기택,24,3,-1,20090716OBSS0
체인지업,이우선,손시헌,79442,73213,127,볼,,,,1,2,0,3,초,2,3,0,0,우,우,최준석,김동주,,이우선,현재윤,채태인,신명철,조동찬,손주인,최형우,박한이,강봉규,71552.0,98218.0,,79442,72427,77463,71504,72466,72456,72443,71432,70224,,,,,,,,,,,,,,,,,,20090716,SS,OB,삼성,두산,시민,박기택,24,4,-1,20090716OBSS0
체인지업,이우선,손시헌,79442,73213,126,타격,필드 아웃,파울 플라이 아웃,손시헌 : 포수 파울플라이 아웃;,2,2,0,3,초,2,3,1,0,우,우,최준석,김동주,,이우선,현재윤,채태인,신명철,조동찬,손주인,최형우,박한이,강봉규,71552.0,98218.0,,79442,72427,77463,71504,72466,72456,72443,71432,70224,,,,,,,,,,,,,,,,,,20090716,SS,OB,삼성,두산,시민,박기택,24,5,-1,20090716OBSS0
슬라이더,이우선,이원석,79442,75566,129,볼,,,,0,0,1,3,초,2,3,0,0,우,우,최준석,김동주,,이우선,현재윤,채태인,신명철,조동찬,손주인,최형우,박한이,강봉규,71552.0,98218.0,,79442,72427,77463,71504,72466,72456,72443,71432,70224,,,,,,,,,,,,,,,,,,20090716,SS,OB,삼성,두산,시민,박기택,25,1,-1,20090716OBSS0
직구,이우선,이원석,79442,75566,136,파울,,,,1,0,1,3,초,2,3,0,0,우,우,최준석,김동주,,이우선,현재윤,채태인,신명철,조동찬,손주인,최형우,박한이,강봉규,71552.0,98218.0,,79442,72427,77463,71504,72466,72456,72443,71432,70224,,,,,,,,,,,,,,,,,,20090716,SS,OB,삼성,두산,시민,박기택,25,2,-1,20090716OBSS0
직구,이우선,이원석,79442,75566,137,타격,필드 아웃,인필드 플라이,이원석 : 유격수 인필드플라이 아웃;,1,1,1,3,초,2,3,1,0,우,우,최준석,김동주,,이우선,현재윤,채태인,신명철,조동찬,손주인,최형우,박한이,강봉규,71552.0,98218.0,,79442,72427,77463,71504,72466,72456,72443,71432,70224,,,,,,,,,,,,,,,,,,20090716,SS,OB,삼성,두산,시민,박기택,25,3,-1,20090716OBSS0
슬라이더,이우선,최승환,79442,70122,125,볼,,,,0,0,2,3,초,2,3,0,0,우,우,최준석,김동주,,이우선,현재윤,채태인,신명철,조동찬,손주인,최형우,박한이,강봉규,71552.0,98218.0,,79442,72427,77463,71504,72466,72456,72443,71432,70224,,,,,,,,,,,,,,,,,,20090716,SS,OB,삼성,두산,시민,박기택,26,1,-1,20090716OBSS0
체인지업,이우선,최승환,79442,70122,127,헛스윙,,,,1,0,2,3,초,2,3,0,0,우,우,최준석,김동주,,이우선,현재윤,채태인,신명철,조동찬,손주인,최형우,박한이,강봉규,71552.0,98218.0,,79442,72427,77463,71504,72466,72456,72443,71432,70224,,,,,,,,,,,,,,,,,,20090716,SS,OB,삼성,두산,시민,박기택,26,2,-1,20090716OBSS0
슬라이더,이우선,최승환,79442,70122,126,헛스윙,,,,1,1,2,3,초,2,3,0,0,우,우,최준석,김동주,,이우선,현재윤,채태인,신명철,조동찬,손주인,최형우,박한이,강봉규,71552.0,98218.0,,79442,72427,77463,71504,72466,72456,72443,71432,70224,,,,,,,,,,,,,,,,,,20090716,SS,OB,삼성,두산,시민,박기택,26,3,-1,20090716OBSS0
직구,이우선,최승환,79442,70122,136,타격,필드 아웃,파울 플라이 아웃,최승환 : 포수 파울플라이 아웃;,1,2,2,3,초,2,3,1,0,우,우,최준석,김동주,,이우선,현재윤,채태인,신명철,조동찬,손주인,최형우,박한이,강봉규,71552.0,98218.0,,79442,72427,77463,71504,72466,72456,72443,71432,70224,,,,,,,,,,,,,,,,,,20090716,SS,OB,삼성,두산,시민,박기택,26,4,-1,20090716OBSS0
포크,홍상삼,조동찬,78247,72466,126,볼,,,,0,0,0,3,말,2,3,0,0,우,우,,,,홍상삼,최승환,이원석,고영민,김동주,손시헌,김현수,민병헌,임재철,,,,78247,70122,75566,72214,98218,73213,76290,76249,99507,,,,,,,,,,,,,,,,,,20090716,SS,OB,삼성,두산,시민,박기택,27,1,-1,20090716OBSS0
슬라이더,홍상삼,조동찬,78247,72466,122,볼,,,,1,0,0,3,말,2,3,0,0,우,우,,,,홍상삼,최승환,이원석,고영민,김동주,손시헌,김현수,민병헌,임재철,,,,78247,70122,75566,72214,98218,73213,76290,76249,99507,,,,,,,,,,,,,,,,,,20090716,SS,OB,삼성,두산,시민,박기택,27,2,-1,20090716OBSS0
직구,홍상삼,조동찬,78247,72466,142,스트라이크,,,,2,0,0,3,말,2,3,0,0,우,우,,,,홍상삼,최승환,이원석,고영민,김동주,손시헌,김현수,민병헌,임재철,,,,78247,70122,75566,72214,98218,73213,76290,76249,99507,,,,,,,,,,,,,,,,,,20090716,SS,OB,삼성,두산,시민,박기택,27,3,-1,20090716OBSS0
직구,홍상삼,조동찬,78247,72466,143,볼,,,,2,1,0,3,말,2,3,0,0,우,우,,,,홍상삼,최승환,이원석,고영민,김동주,손시헌,김현수,민병헌,임재철,,,,78247,70122,75566,72214,98218,73213,76290,76249,99507,,,,,,,,,,,,,,,,,,20090716,SS,OB,삼성,두산,시민,박기택,27,4,-1,20090716OBSS0
직구,홍상삼,조동찬,78247,72466,141,볼,볼넷,볼넷,조동찬 :  볼넷;,3,1,0,3,말,2,3,0,0,우,우,,,,홍상삼,최승환,이원석,고영민,김동주,손시헌,김현수,민병헌,임재철,,,,78247,70122,75566,72214,98218,73213,76290,76249,99507,,,,,,,,,,,,,,,,,,20090716,SS,OB,삼성,두산,시민,박기택,27,5,-1,20090716OBSS0
커브,홍상삼,박한이,78247,71432,113,스트라이크,,,,0,0,0,3,말,2,3,0,0,좌,우,조동찬,,,홍상삼,최승환,이원석,고영민,김동주,손시헌,김현수,민병헌,임재철,72466.0,,,78247,70122,75566,72214,98218,73213,76290,76249,99507,,,,,,,,,,,,,,,,,,20090716,SS,OB,삼성,두산,시민,박기택,28,1,-1,20090716OBSS0
직구,홍상삼,박한이,78247,71432,143,파울,,,,0,1,0,3,말,2,3,0,0,좌,우,조동찬,,,홍상삼,최승환,이원석,고영민,김동주,손시헌,김현수,민병헌,임재철,72466.0,,,78247,70122,75566,72214,98218,73213,76290,76249,99507,,,,,,,,,,,,,,,,,,20090716,SS,OB,삼성,두산,시민,박기택,28,2,-1,20090716OBSS0
포크,홍상삼,박한이,78247,71432,126,타격,실책,실책,박한이 : 3루수 앞 땅볼로 출루; 1루주자 조동찬 : 3루수 실책으로  2루까지 진루(3루수 실책);,0,2,0,3,말,2,3,0,0,좌,우,조동찬,,,홍상삼,최승환,이원석,고영민,김동주,손시헌,김현수,민병헌,임재철,72466.0,,,78247,70122,75566,72214,98218,73213,76290,76249,99507,,,,,,,,,,,,,,,,,,20090716,SS,OB,삼성,두산,시민,박기택,28,3,-1,20090716OBSS0
직구,홍상삼,강봉규,78247,70224,144,파울,,,,0,0,0,3,말,2,3,0,0,우,우,박한이,조동찬,,홍상삼,최승환,이원석,고영민,김동주,손시헌,김현수,민병헌,임재철,71432.0,72466.0,,78247,70122,75566,72214,98218,73213,76290,76249,99507,,,,,,,,,,,,,,,,,,20090716,SS,OB,삼성,두산,시민,박기택,29,1,-1,20090716OBSS0
슬라이더,홍상삼,강봉규,78247,70224,125,볼,,,,0,1,0,3,말,2,3,0,0,우,우,박한이,조동찬,,홍상삼,최승환,이원석,고영민,김동주,손시헌,김현수,민병헌,임재철,71432.0,72466.0,,78247,70122,75566,72214,98218,73213,76290,76249,99507,,,,,,,,,,,,,,,,,,20090716,SS,OB,삼성,두산,시민,박기택,29,2,-1,20090716OBSS0
슬라이더,홍상삼,강봉규,78247,70224,125,타격,병살타,병살타,강봉규 : 유격수 병살타 아웃 (유격수->2루수->1루수 송구아웃); 1루주자 박한이 :  포스아웃 (유격수->2루수 2루 터치아웃); 2루주자 조동찬 :   3루까지 진루;,1,1,0,3,말,2,3,2,0,우,우,박한이,조동찬,,홍상삼,최승환,이원석,고영민,김동주,손시헌,김현수,민병헌,임재철,71432.0,72466.0,,78247,70122,75566,72214,98218,73213,76290,76249,99507,,,,,,,,,,,,,,,,,,20090716,SS,OB,삼성,두산,시민,박기택,29,3,-1,20090716OBSS0
슬라이더,홍상삼,양준혁,78247,93410,129,타격,안타,안타,양준혁 : 우익수 앞 1루타; 3루주자 조동찬 :  홈인;,0,0,2,3,말,2,3,0,1,좌,우,,,조동찬,홍상삼,최승환,이원석,고영민,김동주,손시헌,김현수,민병헌,임재철,,,72466.0,78247,70122,75566,72214,98218,73213,76290,76249,99507,,,,,,,,,,,,,,,,,,20090716,SS,OB,삼성,두산,시민,박기택,30,1,-1,20090716OBSS0
직구,홍상삼,최형우,78247,72443,141,볼,,,,0,0,2,3,말,2,4,0,0,좌,우,양준혁,,,홍상삼,최승환,이원석,고영민,김동주,손시헌,김현수,민병헌,임재철,93410.0,,,78247,70122,75566,72214,98218,73213,76290,76249,99507,,,,,,,,,,,,,,,,,,20090716,SS,OB,삼성,두산,시민,박기택,31,1,-1,20090716OBSS0
커브,홍상삼,최형우,78247,72443,115,볼,,,,1,0,2,3,말,2,4,0,0,좌,우,양준혁,,,홍상삼,최승환,이원석,고영민,김동주,손시헌,김현수,민병헌,임재철,93410.0,,,78247,70122,75566,72214,98218,73213,76290,76249,99507,,,,,,,,,,,,,,,,,,20090716,SS,OB,삼성,두산,시민,박기택,31,2,-1,20090716OBSS0
포크,홍상삼,최형우,78247,72443,125,볼,,,,2,0,2,3,말,2,4,0,0,좌,우,양준혁,,,홍상삼,최승환,이원석,고영민,김동주,손시헌,김현수,민병헌,임재철,93410.0,,,78247,70122,75566,72214,98218,73213,76290,76249,99507,,,,,,,,,,,,,,,,,,20090716,SS,OB,삼성,두산,시민,박기택,31,3,-1,20090716OBSS0
직구,홍상삼,최형우,78247,72443,142,스트라이크,,,,3,0,2,3,말,2,4,0,0,좌,우,양준혁,,,홍상삼,최승환,이원석,고영민,김동주,손시헌,김현수,민병헌,임재철,93410.0,,,78247,70122,75566,72214,98218,73213,76290,76249,99507,,,,,,,,,,,,,,,,,,20090716,SS,OB,삼성,두산,시민,박기택,31,4,-1,20090716OBSS0
직구,홍상삼,최형우,78247,72443,145,볼,볼넷,볼넷,최형우 :  볼넷; 1루주자 양준혁 :   2루까지 진루;,3,1,2,3,말,2,4,0,0,좌,우,양준혁,,,홍상삼,최승환,이원석,고영민,김동주,손시헌,김현수,민병헌,임재철,93410.0,,,78247,70122,75566,72214,98218,73213,76290,76249,99507,,,,,,,,,,,,,,,,,,20090716,SS,OB,삼성,두산,시민,박기택,31,5,-1,20090716OBSS0
슬라이더,홍상삼,신명철,78247,71504,125,볼,,,,0,0,2,3,말,2,4,0,0,우,우,최형우,양준혁,,홍상삼,최승환,이원석,고영민,김동주,손시헌,김현수,민병헌,임재철,72443.0,93410.0,,78247,70122,75566,72214,98218,73213,76290,76249,99507,,,,,,,,,,,,,,,,,,20090716,SS,OB,삼성,두산,시민,박기택,32,1,-1,20090716OBSS0
직구,홍상삼,신명철,78247,71504,147,볼,,,,1,0,2,3,말,2,4,0,0,우,우,최형우,양준혁,,홍상삼,최승환,이원석,고영민,김동주,손시헌,김현수,민병헌,임재철,72443.0,93410.0,,78247,70122,75566,72214,98218,73213,76290,76249,99507,,,,,,,,,,,,,,,,,,20090716,SS,OB,삼성,두산,시민,박기택,32,2,-1,20090716OBSS0
직구,홍상삼,신명철,78247,71504,143,파울,,,,2,0,2,3,말,2,4,0,0,우,우,최형우,양준혁,,홍상삼,최승환,이원석,고영민,김동주,손시헌,김현수,민병헌,임재철,72443.0,93410.0,,78247,70122,75566,72214,98218,73213,76290,76249,99507,,,,,,,,,,,,,,,,,,20090716,SS,OB,삼성,두산,시민,박기택,32,3,-1,20090716OBSS0
슬라이더,홍상삼,신명철,78247,71504,125,볼,,,,2,1,2,3,말,2,4,0,0,우,우,최형우,양준혁,,홍상삼,최승환,이원석,고영민,김동주,손시헌,김현수,민병헌,임재철,72443.0,93410.0,,78247,70122,75566,72214,98218,73213,76290,76249,99507,,,,,,,,,,,,,,,,,,20090716,SS,OB,삼성,두산,시민,박기택,32,4,-1,20090716OBSS0
직구,홍상삼,신명철,78247,71504,143,스트라이크,,,,3,1,2,3,말,2,4,0,0,우,우,최형우,양준혁,,홍상삼,최승환,이원석,고영민,김동주,손시헌,김현수,민병헌,임재철,72443.0,93410.0,,78247,70122,75566,72214,98218,73213,76290,76249,99507,,,,,,,,,,,,,,,,,,20090716,SS,OB,삼성,두산,시민,박기택,32,5,-1,20090716OBSS0
직구,홍상삼,신명철,78247,71504,143,파울,,,,3,2,2,3,말,2,4,0,0,우,우,최형우,양준혁,,홍상삼,최승환,이원석,고영민,김동주,손시헌,김현수,민병헌,임재철,72443.0,93410.0,,78247,70122,75566,72214,98218,73213,76290,76249,99507,,,,,,,,,,,,,,,,,,20090716,SS,OB,삼성,두산,시민,박기택,32,6,-1,20090716OBSS0
직구,홍상삼,신명철,78247,71504,146,볼,볼넷,볼넷,신명철 :  볼넷; 1루주자 최형우 :   2루까지 진루; 2루주자 양준혁 :   3루까지 진루;,3,2,2,3,말,2,4,0,0,우,우,최형우,양준혁,,홍상삼,최승환,이원석,고영민,김동주,손시헌,김현수,민병헌,임재철,72443.0,93410.0,,78247,70122,75566,72214,98218,73213,76290,76249,99507,,,,,,,,,,,,,,,,,,20090716,SS,OB,삼성,두산,시민,박기택,32,7,-1,20090716OBSS0
직구,홍상삼,채태인,78247,77463,143,타격,2루타,2루타,채태인 : 우중간 2루타; 1루주자 신명철 :  홈인; 2루주자 최형우 :  홈인; 3루주자 양준혁 :  홈인;,0,0,2,3,말,2,4,0,3,좌,우,신명철,최형우,양준혁,홍상삼,최승환,이원석,고영민,김동주,손시헌,김현수,민병헌,임재철,71504.0,72443.0,93410.0,78247,70122,75566,72214,98218,73213,76290,76249,99507,,,,,,,,,,,,,,,,,,20090716,SS,OB,삼성,두산,시민,박기택,33,1,-1,20090716OBSS0
슬라이더,홍상삼,손주인,78247,72456,124,헛스윙,,,,0,0,2,3,말,2,7,0,0,우,우,,채태인,,홍상삼,최승환,이원석,고영민,김동주,손시헌,김현수,민병헌,임재철,,77463.0,,78247,70122,75566,72214,98218,73213,76290,76249,99507,,,,,,,,,,,,,,,,,,20090716,SS,OB,삼성,두산,시민,박기택,34,1,-1,20090716OBSS0
직구,홍상삼,손주인,78247,72456,142,스트라이크,,,,0,1,2,3,말,2,7,0,0,우,우,,채태인,,홍상삼,최승환,이원석,고영민,김동주,손시헌,김현수,민병헌,임재철,,77463.0,,78247,70122,75566,72214,98218,73213,76290,76249,99507,,,,,,,,,,,,,,,,,,20090716,SS,OB,삼성,두산,시민,박기택,34,2,-1,20090716OBSS0
체인지업,홍상삼,손주인,78247,72456,125,파울,,,,0,2,2,3,말,2,7,0,0,우,우,,채태인,,홍상삼,최승환,이원석,고영민,김동주,손시헌,김현수,민병헌,임재철,,77463.0,,78247,70122,75566,72214,98218,73213,76290,76249,99507,,,,,,,,,,,,,,,,,,20090716,SS,OB,삼성,두산,시민,박기택,34,3,-1,20090716OBSS0
직구,홍상삼,손주인,78247,72456,140,파울,,,,0,2,2,3,말,2,7,0,0,우,우,,채태인,,홍상삼,최승환,이원석,고영민,김동주,손시헌,김현수,민병헌,임재철,,77463.0,,78247,70122,75566,72214,98218,73213,76290,76249,99507,,,,,,,,,,,,,,,,,,20090716,SS,OB,삼성,두산,시민,박기택,34,4,-1,20090716OBSS0
직구,홍상삼,손주인,78247,72456,140,타격,필드 아웃,플라이 아웃,손주인 : 좌익수 플라이 아웃;,0,2,2,3,말,2,7,1,0,우,우,,채태인,,홍상삼,최승환,이원석,고영민,김동주,손시헌,김현수,민병헌,임재철,,77463.0,,78247,70122,75566,72214,98218,73213,76290,76249,99507,,,,,,,,,,,,,,,,,,20090716,SS,OB,삼성,두산,시민,박기택,34,5,-1,20090716OBSS0
슬라이더,이우선,민병헌,79442,76249,125,스트라이크,,,,0,0,0,4,초,2,7,0,0,우,우,,,,이우선,현재윤,채태인,신명철,조동찬,손주인,최형우,박한이,강봉규,,,,79442,72427,77463,71504,72466,72456,72443,71432,70224,,,,,,,,,,,,,,,,,,20090716,SS,OB,삼성,두산,시민,박기택,35,1,-1,20090716OBSS0
슬라이더,이우선,민병헌,79442,76249,126,타격,안타,안타,민병헌 : 중견수 앞 1루타;,0,1,0,4,초,2,7,0,0,우,우,,,,이우선,현재윤,채태인,신명철,조동찬,손주인,최형우,박한이,강봉규,,,,79442,72427,77463,71504,72466,72456,72443,71432,70224,,,,,,,,,,,,,,,,,,20090716,SS,OB,삼성,두산,시민,박기택,35,2,-1,20090716OBSS0
직구,이우선,고영민,79442,72214,137,스트라이크,,,,0,0,0,4,초,2,7,0,0,우,우,민병헌,,,이우선,현재윤,채태인,신명철,조동찬,손주인,최형우,박한이,강봉규,76249.0,,,79442,72427,77463,71504,72466,72456,72443,71432,70224,,,,,,,,,,,,,,,,,,20090716,SS,OB,삼성,두산,시민,박기택,36,1,-1,20090716OBSS0
체인지업,이우선,고영민,79442,72214,125,스트라이크,,,,0,1,0,4,초,2,7,0,0,우,우,민병헌,,,이우선,현재윤,채태인,신명철,조동찬,손주인,최형우,박한이,강봉규,76249.0,,,79442,72427,77463,71504,72466,72456,72443,71432,70224,,,,,,,,,,,,,,,,,,20090716,SS,OB,삼성,두산,시민,박기택,36,2,-1,20090716OBSS0
체인지업,이우선,고영민,79442,72214,127,볼,,,,0,2,0,4,초,2,7,0,0,우,우,민병헌,,,이우선,현재윤,채태인,신명철,조동찬,손주인,최형우,박한이,강봉규,76249.0,,,79442,72427,77463,71504,72466,72456,72443,71432,70224,,,,,,,,,,,,,,,,,,20090716,SS,OB,삼성,두산,시민,박기택,36,3,-1,20090716OBSS0
직구,이우선,고영민,79442,72214,134,타격,필드 아웃,플라이 아웃,고영민 : 유격수 플라이 아웃;,1,2,0,4,초,2,7,1,0,우,우,민병헌,,,이우선,현재윤,채태인,신명철,조동찬,손주인,최형우,박한이,강봉규,76249.0,,,79442,72427,77463,71504,72466,72456,72443,71432,70224,,,,,,,,,,,,,,,,,,20090716,SS,OB,삼성,두산,시민,박기택,36,4,-1,20090716OBSS0
슬라이더,이우선,임재철,79442,99507,127,스트라이크,,,,0,0,1,4,초,2,7,0,0,우,우,민병헌,,,이우선,현재윤,채태인,신명철,조동찬,손주인,최형우,박한이,강봉규,76249.0,,,79442,72427,77463,71504,72466,72456,72443,71432,70224,,,,,,,,,,,,,,,,,,20090716,SS,OB,삼성,두산,시민,박기택,37,1,-1,20090716OBSS0
직구,이우선,임재철,79442,99507,134,볼,,,,0,1,1,4,초,2,7,0,0,우,우,민병헌,,,이우선,현재윤,채태인,신명철,조동찬,손주인,최형우,박한이,강봉규,76249.0,,,79442,72427,77463,71504,72466,72456,72443,71432,70224,,,,,,,,,,,,,,,,,,20090716,SS,OB,삼성,두산,시민,박기택,37,2,-1,20090716OBSS0
체인지업,이우선,임재철,79442,99507,126,타격,안타,안타,임재철 : 좌익수 앞 1루타; 1루주자 민병헌 :   2루까지 진루;,1,1,1,4,초,2,7,0,0,우,우,민병헌,,,이우선,현재윤,채태인,신명철,조동찬,손주인,최형우,박한이,강봉규,76249.0,,,79442,72427,77463,71504,72466,72456,72443,71432,70224,,,,,,,,,,,,,,,,,,20090716,SS,OB,삼성,두산,시민,박기택,37,3,-1,20090716OBSS0
체인지업,이우선,김현수,79442,76290,125,볼,,,,0,0,1,4,초,2,7,0,0,좌,우,임재철,민병헌,,이우선,현재윤,채태인,신명철,조동찬,손주인,최형우,박한이,강봉규,99507.0,76249.0,,79442,72427,77463,71504,72466,72456,72443,71432,70224,,,,,,,,,,,,,,,,,,20090716,SS,OB,삼성,두산,시민,박기택,38,1,-1,20090716OBSS0
직구,이우선,김현수,79442,76290,136,파울,,,,1,0,1,4,초,2,7,0,0,좌,우,임재철,민병헌,,이우선,현재윤,채태인,신명철,조동찬,손주인,최형우,박한이,강봉규,99507.0,76249.0,,79442,72427,77463,71504,72466,72456,72443,71432,70224,,,,,,,,,,,,,,,,,,20090716,SS,OB,삼성,두산,시민,박기택,38,2,-1,20090716OBSS0
체인지업,이우선,김현수,79442,76290,127,타격,포스 아웃,땅볼 아웃,김현수 : 1루수 땅볼 아웃 (1루수 1루 터치아웃); 1루주자 임재철 :   2루까지 진루; 2루주자 민병헌 :   3루까지 진루;,1,1,1,4,초,2,7,1,0,좌,우,임재철,민병헌,,이우선,현재윤,채태인,신명철,조동찬,손주인,최형우,박한이,강봉규,99507.0,76249.0,,79442,72427,77463,71504,72466,72456,72443,71432,70224,,,,,,,,,,,,,,,,,,20090716,SS,OB,삼성,두산,시민,박기택,38,3,-1,20090716OBSS0
직구,이우선,김동주,79442,98218,134,타격,2루타,2루타,김동주 : 좌익수 뒤 2루타; 2루주자 임재철 :  홈인; 3루주자 민병헌 :  홈인;,0,0,2,4,초,2,7,0,2,우,우,,임재철,민병헌,이우선,현재윤,채태인,신명철,조동찬,손주인,최형우,박한이,강봉규,,99507.0,76249.0,79442,72427,77463,71504,72466,72456,72443,71432,70224,,,,,,,,,,,,,,,,,,20090716,SS,OB,삼성,두산,시민,박기택,39,1,-1,20090716OBSS0
체인지업,이우선,최준석,79442,71552,126,스트라이크,,,,0,0,2,4,초,4,7,0,0,우,우,,김동주,,이우선,현재윤,채태인,신명철,조동찬,손주인,최형우,박한이,강봉규,,98218.0,,79442,72427,77463,71504,72466,72456,72443,71432,70224,,,,,,,,,,,,,,,,,,20090716,SS,OB,삼성,두산,시민,박기택,40,1,-1,20090716OBSS0
체인지업,이우선,최준석,79442,71552,125,볼,,,,0,1,2,4,초,4,7,0,0,우,우,,김동주,,이우선,현재윤,채태인,신명철,조동찬,손주인,최형우,박한이,강봉규,,98218.0,,79442,72427,77463,71504,72466,72456,72443,71432,70224,,,,,,,,,,,,,,,,,,20090716,SS,OB,삼성,두산,시민,박기택,40,2,-1,20090716OBSS0
체인지업,이우선,최준석,79442,71552,127,헛스윙,,,,1,1,2,4,초,4,7,0,0,우,우,,김동주,,이우선,현재윤,채태인,신명철,조동찬,손주인,최형우,박한이,강봉규,,98218.0,,79442,72427,77463,71504,72466,72456,72443,71432,70224,,,,,,,,,,,,,,,,,,20090716,SS,OB,삼성,두산,시민,박기택,40,3,-1,20090716OBSS0
직구,이우선,최준석,79442,71552,137,볼,,,,1,2,2,4,초,4,7,0,0,우,우,,김동주,,이우선,현재윤,채태인,신명철,조동찬,손주인,최형우,박한이,강봉규,,98218.0,,79442,72427,77463,71504,72466,72456,72443,71432,70224,,,,,,,,,,,,,,,,,,20090716,SS,OB,삼성,두산,시민,박기택,40,4,-1,20090716OBSS0
체인지업,이우선,최준석,79442,71552,133,타격,안타,안타,최준석 : 중견수 뒤 1루타; 2루주자 김동주 :  홈인;,2,2,2,4,초,4,7,0,1,우,우,,김동주,,이우선,현재윤,채태인,신명철,조동찬,손주인,최형우,박한이,강봉규,,98218.0,,79442,72427,77463,71504,72466,72456,72443,71432,70224,,,,,,,,,,,,,,,,,,20090716,SS,OB,삼성,두산,시민,박기택,40,5,-1,20090716OBSS0
슬라이더,이우선,손시헌,79442,73213,127,파울,,,,0,0,2,4,초,5,7,0,0,우,우,최준석,,,이우선,현재윤,채태인,신명철,조동찬,손주인,최형우,박한이,강봉규,71552.0,,,79442,72427,77463,71504,72466,72456,72443,71432,70224,,,,,,,,,,,,,,,,,,20090716,SS,OB,삼성,두산,시민,박기택,41,1,-1,20090716OBSS0
체인지업,이우선,손시헌,79442,73213,126,볼,,,,0,1,2,4,초,5,7,0,0,우,우,최준석,,,이우선,현재윤,채태인,신명철,조동찬,손주인,최형우,박한이,강봉규,71552.0,,,79442,72427,77463,71504,72466,72456,72443,71432,70224,,,,,,,,,,,,,,,,,,20090716,SS,OB,삼성,두산,시민,박기택,41,2,-1,20090716OBSS0
체인지업,이우선,손시헌,79442,73213,125,파울,,,,1,1,2,4,초,5,7,0,0,우,우,최준석,,,이우선,현재윤,채태인,신명철,조동찬,손주인,최형우,박한이,강봉규,71552.0,,,79442,72427,77463,71504,72466,72456,72443,71432,70224,,,,,,,,,,,,,,,,,,20090716,SS,OB,삼성,두산,시민,박기택,41,3,-1,20090716OBSS0
체인지업,이우선,손시헌,79442,73213,128,볼,,,,1,2,2,4,초,5,7,0,0,우,우,최준석,,,이우선,현재윤,채태인,신명철,조동찬,손주인,최형우,박한이,강봉규,71552.0,,,79442,72427,77463,71504,72466,72456,72443,71432,70224,,,,,,,,,,,,,,,,,,20090716,SS,OB,삼성,두산,시민,박기택,41,4,-1,20090716OBSS0
직구,이우선,손시헌,79442,73213,138,볼,,,,2,2,2,4,초,5,7,0,0,우,우,최준석,,,이우선,현재윤,채태인,신명철,조동찬,손주인,최형우,박한이,강봉규,71552.0,,,79442,72427,77463,71504,72466,72456,72443,71432,70224,,,,,,,,,,,,,,,,,,20090716,SS,OB,삼성,두산,시민,박기택,41,5,-1,20090716OBSS0
직구,이우선,손시헌,79442,73213,137,타격,포스 아웃,땅볼 아웃,손시헌 : 3루수 땅볼 아웃 (3루수->1루수 송구아웃);,3,2,2,4,초,5,7,1,0,우,우,최준석,,,이우선,현재윤,채태인,신명철,조동찬,손주인,최형우,박한이,강봉규,71552.0,,,79442,72427,77463,71504,72466,72456,72443,71432,70224,,,,,,,,,,,,,,,,,,20090716,SS,OB,삼성,두산,시민,박기택,41,6,-1,20090716OBSS0
직구,홍상삼,현재윤,78247,72427,140,볼,,,,0,0,0,4,말,5,7,0,0,우,우,,,,홍상삼,최승환,이원석,고영민,김동주,손시헌,김현수,민병헌,임재철,,,,78247,70122,75566,72214,98218,73213,76290,76249,99507,,,,,,,,,,,,,,,,,,20090716,SS,OB,삼성,두산,시민,박기택,42,1,-1,20090716OBSS0
포크,홍상삼,현재윤,78247,72427,125,볼,,,,1,0,0,4,말,5,7,0,0,우,우,,,,홍상삼,최승환,이원석,고영민,김동주,손시헌,김현수,민병헌,임재철,,,,78247,70122,75566,72214,98218,73213,76290,76249,99507,,,,,,,,,,,,,,,,,,20090716,SS,OB,삼성,두산,시민,박기택,42,2,-1,20090716OBSS0
슬라이더,홍상삼,현재윤,78247,72427,125,스트라이크,,,,2,0,0,4,말,5,7,0,0,우,우,,,,홍상삼,최승환,이원석,고영민,김동주,손시헌,김현수,민병헌,임재철,,,,78247,70122,75566,72214,98218,73213,76290,76249,99507,,,,,,,,,,,,,,,,,,20090716,SS,OB,삼성,두산,시민,박기택,42,3,-1,20090716OBSS0
슬라이더,홍상삼,현재윤,78247,72427,127,볼,,,,2,1,0,4,말,5,7,0,0,우,우,,,,홍상삼,최승환,이원석,고영민,김동주,손시헌,김현수,민병헌,임재철,,,,78247,70122,75566,72214,98218,73213,76290,76249,99507,,,,,,,,,,,,,,,,,,20090716,SS,OB,삼성,두산,시민,박기택,42,4,-1,20090716OBSS0
직구,홍상삼,현재윤,78247,72427,140,볼,볼넷,볼넷,현재윤 :  볼넷;,3,1,0,4,말,5,7,0,0,우,우,,,,홍상삼,최승환,이원석,고영민,김동주,손시헌,김현수,민병헌,임재철,,,,78247,70122,75566,72214,98218,73213,76290,76249,99507,,,,,,,,,,,,,,,,,,20090716,SS,OB,삼성,두산,시민,박기택,42,5,-1,20090716OBSS0
,홍상삼,조동찬,78247,72466,,,,,포수 최승환 : 포수 용덕한 (으)로 교체;,0,0,0,4,말,5,7,0,0,우,우,현재윤,,,홍상삼,최승환,이원석,고영민,김동주,손시헌,김현수,민병헌,임재철,72427.0,,,78247,70122,75566,72214,98218,73213,76290,76249,99507,,,,,,,,,,,,,,,,,,20090716,SS,OB,삼성,두산,시민,박기택,43,,,20090716OBSS0
직구,홍상삼,조동찬,78247,72466,141,스트라이크,,,,0,0,0,4,말,5,7,0,0,우,우,현재윤,,,홍상삼,용덕한,이원석,고영민,김동주,손시헌,김현수,민병헌,임재철,72427.0,,,78247,74223,75566,72214,98218,73213,76290,76249,99507,,,,,,,,,,,,,,,,,,20090716,SS,OB,삼성,두산,시민,박기택,43,1,-1,20090716OBSS0
슬라이더,홍상삼,조동찬,78247,72466,125,볼,,,,0,1,0,4,말,5,7,0,0,우,우,현재윤,,,홍상삼,용덕한,이원석,고영민,김동주,손시헌,김현수,민병헌,임재철,72427.0,,,78247,74223,75566,72214,98218,73213,76290,76249,99507,,,,,,,,,,,,,,,,,,20090716,SS,OB,삼성,두산,시민,박기택,43,2,-1,20090716OBSS0
슬라이더,홍상삼,조동찬,78247,72466,125,헛스윙,,,,1,1,0,4,말,5,7,0,0,우,우,현재윤,,,홍상삼,용덕한,이원석,고영민,김동주,손시헌,김현수,민병헌,임재철,72427.0,,,78247,74223,75566,72214,98218,73213,76290,76249,99507,,,,,,,,,,,,,,,,,,20090716,SS,OB,삼성,두산,시민,박기택,43,3,-1,20090716OBSS0
체인지업,홍상삼,조동찬,78247,72466,124,타격,필드 아웃,플라이 아웃,조동찬 : 좌익수 플라이 아웃;,1,2,0,4,말,5,7,1,0,우,우,현재윤,,,홍상삼,용덕한,이원석,고영민,김동주,손시헌,김현수,민병헌,임재철,72427.0,,,78247,74223,75566,72214,98218,73213,76290,76249,99507,,,,,,,,,,,,,,,,,,20090716,SS,OB,삼성,두산,시민,박기택,43,4,-1,20090716OBSS0
직구,홍상삼,박한이,78247,71432,140,스트라이크,,,,0,0,1,4,말,5,7,0,0,좌,우,현재윤,,,홍상삼,용덕한,이원석,고영민,김동주,손시헌,김현수,민병헌,임재철,72427.0,,,78247,74223,75566,72214,98218,73213,76290,76249,99507,,,,,,,,,,,,,,,,,,20090716,SS,OB,삼성,두산,시민,박기택,44,1,-1,20090716OBSS0
직구,홍상삼,박한이,78247,71432,138,파울,,,,0,1,1,4,말,5,7,0,0,좌,우,현재윤,,,홍상삼,용덕한,이원석,고영민,김동주,손시헌,김현수,민병헌,임재철,72427.0,,,78247,74223,75566,72214,98218,73213,76290,76249,99507,,,,,,,,,,,,,,,,,,20090716,SS,OB,삼성,두산,시민,박기택,44,2,-1,20090716OBSS0
직구,홍상삼,박한이,78247,71432,140,파울,,,,0,2,1,4,말,5,7,0,0,좌,우,현재윤,,,홍상삼,용덕한,이원석,고영민,김동주,손시헌,김현수,민병헌,임재철,72427.0,,,78247,74223,75566,72214,98218,73213,76290,76249,99507,,,,,,,,,,,,,,,,,,20090716,SS,OB,삼성,두산,시민,박기택,44,3,-1,20090716OBSS0
슬라이더,홍상삼,박한이,78247,71432,125,볼,,,,0,2,1,4,말,5,7,0,0,좌,우,현재윤,,,홍상삼,용덕한,이원석,고영민,김동주,손시헌,김현수,민병헌,임재철,72427.0,,,78247,74223,75566,72214,98218,73213,76290,76249,99507,,,,,,,,,,,,,,,,,,20090716,SS,OB,삼성,두산,시민,박기택,44,4,-1,20090716OBSS0
직구,홍상삼,박한이,78247,71432,141,파울,,,,1,2,1,4,말,5,7,0,0,좌,우,현재윤,,,홍상삼,용덕한,이원석,고영민,김동주,손시헌,김현수,민병헌,임재철,72427.0,,,78247,74223,75566,72214,98218,73213,76290,76249,99507,,,,,,,,,,,,,,,,,,20090716,SS,OB,삼성,두산,시민,박기택,44,5,-1,20090716OBSS0
커브,홍상삼,박한이,78247,71432,111,파울,,,,1,2,1,4,말,5,7,0,0,좌,우,현재윤,,,홍상삼,용덕한,이원석,고영민,김동주,손시헌,김현수,민병헌,임재철,72427.0,,,78247,74223,75566,72214,98218,73213,76290,76249,99507,,,,,,,,,,,,,,,,,,20090716,SS,OB,삼성,두산,시민,박기택,44,6,-1,20090716OBSS0
포크,홍상삼,박한이,78247,71432,124,파울,,,,1,2,1,4,말,5,7,0,0,좌,우,현재윤,,,홍상삼,용덕한,이원석,고영민,김동주,손시헌,김현수,민병헌,임재철,72427.0,,,78247,74223,75566,72214,98218,73213,76290,76249,99507,,,,,,,,,,,,,,,,,,20090716,SS,OB,삼성,두산,시민,박기택,44,7,-1,20090716OBSS0
직구,홍상삼,박한이,78247,71432,142,타격,2루타,2루타,박한이 : 좌중간 2루타; 1루주자 현재윤 :  홈인;,1,2,1,4,말,5,7,0,1,좌,우,현재윤,,,홍상삼,용덕한,이원석,고영민,김동주,손시헌,김현수,민병헌,임재철,72427.0,,,78247,74223,75566,72214,98218,73213,76290,76249,99507,,,,,,,,,,,,,,,,,,20090716,SS,OB,삼성,두산,시민,박기택,44,8,-1,20090716OBSS0
슬라이더,홍상삼,강봉규,78247,70224,126,볼,,,,0,0,1,4,말,5,8,0,0,우,우,,박한이,,홍상삼,용덕한,이원석,고영민,김동주,손시헌,김현수,민병헌,임재철,,71432.0,,78247,74223,75566,72214,98218,73213,76290,76249,99507,,,,,,,,,,,,,,,,,,20090716,SS,OB,삼성,두산,시민,박기택,45,1,-1,20090716OBSS0
슬라이더,홍상삼,강봉규,78247,70224,125,스트라이크,,,,1,0,1,4,말,5,8,0,0,우,우,,박한이,,홍상삼,용덕한,이원석,고영민,김동주,손시헌,김현수,민병헌,임재철,,71432.0,,78247,74223,75566,72214,98218,73213,76290,76249,99507,,,,,,,,,,,,,,,,,,20090716,SS,OB,삼성,두산,시민,박기택,45,2,-1,20090716OBSS0
슬라이더,홍상삼,강봉규,78247,70224,127,타격,포스 아웃,땅볼 아웃,강봉규 : 2루수 땅볼 아웃 (2루수->1루수 송구아웃); 2루주자 박한이 :   3루까지 진루;,1,1,1,4,말,5,8,1,0,우,우,,박한이,,홍상삼,용덕한,이원석,고영민,김동주,손시헌,김현수,민병헌,임재철,,71432.0,,78247,74223,75566,72214,98218,73213,76290,76249,99507,,,,,,,,,,,,,,,,,,20090716,SS,OB,삼성,두산,시민,박기택,45,3,-1,20090716OBSS0
,홍상삼,양준혁,78247,93410,,,,,투수 홍상삼 : 투수 유희관 (으)로 교체;,0,0,2,4,말,5,8,0,0,좌,우,,,박한이,홍상삼,용덕한,이원석,고영민,김동주,손시헌,김현수,민병헌,임재철,,,71432.0,78247,74223,75566,72214,98218,73213,76290,76249,99507,,,,,,,,,,,,,,,,,,20090716,SS,OB,삼성,두산,시민,박기택,46,,,20090716OBSS0
직구,유희관,양준혁,79229,93410,133,스트라이크,,,,0,0,2,4,말,5,8,0,0,좌,좌,,,박한이,유희관,용덕한,이원석,고영민,김동주,손시헌,김현수,민병헌,임재철,,,71432.0,79229,74223,75566,72214,98218,73213,76290,76249,99507,,,,,,,,,,,,,,,,,,20090716,SS,OB,삼성,두산,시민,박기택,46,1,-1,20090716OBSS0
직구,유희관,양준혁,79229,93410,132,타격,안타,안타,양준혁 : 중견수 앞 1루타; 3루주자 박한이 :  홈인;,0,1,2,4,말,5,8,0,1,좌,좌,,,박한이,유희관,용덕한,이원석,고영민,김동주,손시헌,김현수,민병헌,임재철,,,71432.0,79229,74223,75566,72214,98218,73213,76290,76249,99507,,,,,,,,,,,,,,,,,,20090716,SS,OB,삼성,두산,시민,박기택,46,2,-1,20090716OBSS0
커브,유희관,최형우,79229,72443,106,스트라이크,,,,0,0,2,4,말,5,9,0,0,좌,좌,양준혁,,,유희관,용덕한,이원석,고영민,김동주,손시헌,김현수,민병헌,임재철,93410.0,,,79229,74223,75566,72214,98218,73213,76290,76249,99507,,,,,,,,,,,,,,,,,,20090716,SS,OB,삼성,두산,시민,박기택,47,1,-1,20090716OBSS0
직구,유희관,최형우,79229,72443,132,볼,,,,0,1,2,4,말,5,9,0,0,좌,좌,양준혁,,,유희관,용덕한,이원석,고영민,김동주,손시헌,김현수,민병헌,임재철,93410.0,,,79229,74223,75566,72214,98218,73213,76290,76249,99507,,,,,,,,,,,,,,,,,,20090716,SS,OB,삼성,두산,시민,박기택,47,2,-1,20090716OBSS0
슬라이더,유희관,최형우,79229,72443,116,볼,,,,1,1,2,4,말,5,9,0,0,좌,좌,양준혁,,,유희관,용덕한,이원석,고영민,김동주,손시헌,김현수,민병헌,임재철,93410.0,,,79229,74223,75566,72214,98218,73213,76290,76249,99507,,,,,,,,,,,,,,,,,,20090716,SS,OB,삼성,두산,시민,박기택,47,3,-1,20090716OBSS0
슬라이더,유희관,최형우,79229,72443,114,타격,안타,안타,최형우 : 우중간 1루타; 1루주자 양준혁 :   3루까지 진루;,2,1,2,4,말,5,9,0,0,좌,좌,양준혁,,,유희관,용덕한,이원석,고영민,김동주,손시헌,김현수,민병헌,임재철,93410.0,,,79229,74223,75566,72214,98218,73213,76290,76249,99507,,,,,,,,,,,,,,,,,,20090716,SS,OB,삼성,두산,시민,박기택,47,4,-1,20090716OBSS0
,유희관,신명철,79229,71504,,,,,투수 유희관 : 투수 박정배 (으)로 교체;,0,0,2,4,말,5,9,0,0,우,좌,최형우,,양준혁,유희관,용덕한,이원석,고영민,김동주,손시헌,김현수,민병헌,임재철,72443.0,,93410.0,79229,74223,75566,72214,98218,73213,76290,76249,99507,,,,,,,,,,,,,,,,,,20090716,SS,OB,삼성,두산,시민,박기택,48,,,20090716OBSS0
슬라이더,박정배,신명철,75250,71504,112,파울,,,,0,0,2,4,말,5,9,0,0,우,우,최형우,,양준혁,박정배,용덕한,이원석,고영민,김동주,손시헌,김현수,민병헌,임재철,72443.0,,93410.0,75250,74223,75566,72214,98218,73213,76290,76249,99507,,,,,,,,,,,,,,,,,,20090716,SS,OB,삼성,두산,시민,박기택,48,1,-1,20090716OBSS0
체인지업,박정배,신명철,75250,71504,127,볼,,,,0,1,2,4,말,5,9,0,0,우,우,최형우,,양준혁,박정배,용덕한,이원석,고영민,김동주,손시헌,김현수,민병헌,임재철,72443.0,,93410.0,75250,74223,75566,72214,98218,73213,76290,76249,99507,,,,,,,,,,,,,,,,,,20090716,SS,OB,삼성,두산,시민,박기택,48,2,-1,20090716OBSS0
슬라이더,박정배,신명철,75250,71504,125,볼,,,,1,1,2,4,말,5,9,0,0,우,우,최형우,,양준혁,박정배,용덕한,이원석,고영민,김동주,손시헌,김현수,민병헌,임재철,72443.0,,93410.0,75250,74223,75566,72214,98218,73213,76290,76249,99507,,,,,,,,,,,,,,,,,,20090716,SS,OB,삼성,두산,시민,박기택,48,3,-1,20090716OBSS0
슬라이더,박정배,신명철,75250,71504,108,헛스윙,,,,2,1,2,4,말,5,9,0,0,우,우,최형우,,양준혁,박정배,용덕한,이원석,고영민,김동주,손시헌,김현수,민병헌,임재철,72443.0,,93410.0,75250,74223,75566,72214,98218,73213,76290,76249,99507,,,,,,,,,,,,,,,,,,20090716,SS,OB,삼성,두산,시민,박기택,48,4,-1,20090716OBSS0
체인지업,박정배,신명철,75250,71504,128,볼,,,,2,2,2,4,말,5,9,0,0,우,우,최형우,,양준혁,박정배,용덕한,이원석,고영민,김동주,손시헌,김현수,민병헌,임재철,72443.0,,93410.0,75250,74223,75566,72214,98218,73213,76290,76249,99507,,,,,,,,,,,,,,,,,,20090716,SS,OB,삼성,두산,시민,박기택,48,5,-1,20090716OBSS0
체인지업,박정배,신명철,75250,71504,130,타격,필드 아웃,플라이 아웃,신명철 : 우익수 플라이 아웃;,3,2,2,4,말,5,9,1,0,우,우,최형우,,양준혁,박정배,용덕한,이원석,고영민,김동주,손시헌,김현수,민병헌,임재철,72443.0,,93410.0,75250,74223,75566,72214,98218,73213,76290,76249,99507,,,,,,,,,,,,,,,,,,20090716,SS,OB,삼성,두산,시민,박기택,48,6,-1,20090716OBSS0
,이우선,이원석,79442,75566,,,,,투수 이우선 : 투수 최원제 (으)로 교체;,0,0,0,5,초,5,9,0,0,우,우,,,,이우선,현재윤,채태인,신명철,조동찬,손주인,최형우,박한이,강봉규,,,,79442,72427,77463,71504,72466,72456,72443,71432,70224,,,,,,,,,,,,,,,,,,20090716,SS,OB,삼성,두산,시민,박기택,49,,,20090716OBSS0
직구,최원제,이원석,77466,75566,141,볼,,,,0,0,0,5,초,5,9,0,0,우,우,,,,최원제,현재윤,채태인,신명철,조동찬,손주인,최형우,박한이,강봉규,,,,77466,72427,77463,71504,72466,72456,72443,71432,70224,,,,,,,,,,,,,,,,,,20090716,SS,OB,삼성,두산,시민,박기택,49,1,-1,20090716OBSS0
직구,최원제,이원석,77466,75566,140,스트라이크,,,,1,0,0,5,초,5,9,0,0,우,우,,,,최원제,현재윤,채태인,신명철,조동찬,손주인,최형우,박한이,강봉규,,,,77466,72427,77463,71504,72466,72456,72443,71432,70224,,,,,,,,,,,,,,,,,,20090716,SS,OB,삼성,두산,시민,박기택,49,2,-1,20090716OBSS0
직구,최원제,이원석,77466,75566,142,파울,,,,1,1,0,5,초,5,9,0,0,우,우,,,,최원제,현재윤,채태인,신명철,조동찬,손주인,최형우,박한이,강봉규,,,,77466,72427,77463,71504,72466,72456,72443,71432,70224,,,,,,,,,,,,,,,,,,20090716,SS,OB,삼성,두산,시민,박기택,49,3,-1,20090716OBSS0
직구,최원제,이원석,77466,75566,142,타격,2루타,2루타,이원석 : 좌중간 2루타;,1,2,0,5,초,5,9,0,0,우,우,,,,최원제,현재윤,채태인,신명철,조동찬,손주인,최형우,박한이,강봉규,,,,77466,72427,77463,71504,72466,72456,72443,71432,70224,,,,,,,,,,,,,,,,,,20090716,SS,OB,삼성,두산,시민,박기택,49,4,-1,20090716OBSS0
직구,최원제,용덕한,77466,74223,140,볼,,,,0,0,0,5,초,5,9,0,0,우,우,,이원석,,최원제,현재윤,채태인,신명철,조동찬,손주인,최형우,박한이,강봉규,,75566.0,,77466,72427,77463,71504,72466,72456,72443,71432,70224,,,,,,,,,,,,,,,,,,20090716,SS,OB,삼성,두산,시민,박기택,50,1,-1,20090716OBSS0
슬라이더,최원제,용덕한,77466,74223,124,볼,,,,1,0,0,5,초,5,9,0,0,우,우,,이원석,,최원제,현재윤,채태인,신명철,조동찬,손주인,최형우,박한이,강봉규,,75566.0,,77466,72427,77463,71504,72466,72456,72443,71432,70224,,,,,,,,,,,,,,,,,,20090716,SS,OB,삼성,두산,시민,박기택,50,2,-1,20090716OBSS0
직구,최원제,용덕한,77466,74223,141,볼,,,,2,0,0,5,초,5,9,0,0,우,우,,이원석,,최원제,현재윤,채태인,신명철,조동찬,손주인,최형우,박한이,강봉규,,75566.0,,77466,72427,77463,71504,72466,72456,72443,71432,70224,,,,,,,,,,,,,,,,,,20090716,SS,OB,삼성,두산,시민,박기택,50,3,-1,20090716OBSS0
직구,최원제,용덕한,77466,74223,141,볼,볼넷,볼넷,용덕한 :  볼넷;,3,0,0,5,초,5,9,0,0,우,우,,이원석,,최원제,현재윤,채태인,신명철,조동찬,손주인,최형우,박한이,강봉규,,75566.0,,77466,72427,77463,71504,72466,72456,72443,71432,70224,,,,,,,,,,,,,,,,,,20090716,SS,OB,삼성,두산,시민,박기택,50,4,-1,20090716OBSS0
직구,최원제,민병헌,77466,76249,143,스트라이크,,,,0,0,0,5,초,5,9,0,0,우,우,용덕한,이원석,,최원제,현재윤,채태인,신명철,조동찬,손주인,최형우,박한이,강봉규,74223.0,75566.0,,77466,72427,77463,71504,72466,72456,72443,71432,70224,,,,,,,,,,,,,,,,,,20090716,SS,OB,삼성,두산,시민,박기택,51,1,-1,20090716OBSS0
직구,최원제,민병헌,77466,76249,140,파울,,,,0,1,0,5,초,5,9,0,0,우,우,용덕한,이원석,,최원제,현재윤,채태인,신명철,조동찬,손주인,최형우,박한이,강봉규,74223.0,75566.0,,77466,72427,77463,71504,72466,72456,72443,71432,70224,,,,,,,,,,,,,,,,,,20090716,SS,OB,삼성,두산,시민,박기택,51,2,-1,20090716OBSS0
직구,최원제,민병헌,77466,76249,142,볼,,,,0,2,0,5,초,5,9,0,0,우,우,용덕한,이원석,,최원제,현재윤,채태인,신명철,조동찬,손주인,최형우,박한이,강봉규,74223.0,75566.0,,77466,72427,77463,71504,72466,72456,72443,71432,70224,,,,,,,,,,,,,,,,,,20090716,SS,OB,삼성,두산,시민,박기택,51,3,-1,20090716OBSS0
슬라이더,최원제,민병헌,77466,76249,126,헛스윙,삼진,삼진,민병헌 :  삼진 아웃;,1,2,0,5,초,5,9,0,0,우,우,용덕한,이원석,,최원제,현재윤,채태인,신명철,조동찬,손주인,최형우,박한이,강봉규,74223.0,75566.0,,77466,72427,77463,71504,72466,72456,72443,71432,70224,,,,,,,,,,,,,,,,,,20090716,SS,OB,삼성,두산,시민,박기택,51,4,-1,20090716OBSS0
슬라이더,최원제,고영민,77466,72214,125,볼,,,,0,0,1,5,초,5,9,0,0,우,우,용덕한,이원석,,최원제,현재윤,채태인,신명철,조동찬,손주인,최형우,박한이,강봉규,74223.0,75566.0,,77466,72427,77463,71504,72466,72456,72443,71432,70224,,,,,,,,,,,,,,,,,,20090716,SS,OB,삼성,두산,시민,박기택,52,1,-1,20090716OBSS0
직구,최원제,고영민,77466,72214,142,타격,2루타,2루타,고영민 : 좌익수 왼쪽 2루타; 1루주자 용덕한 :  홈인; 2루주자 이원석 :  홈인;,1,0,1,5,초,5,9,0,2,우,우,용덕한,이원석,,최원제,현재윤,채태인,신명철,조동찬,손주인,최형우,박한이,강봉규,74223.0,75566.0,,77466,72427,77463,71504,72466,72456,72443,71432,70224,,,,,,,,,,,,,,,,,,20090716,SS,OB,삼성,두산,시민,박기택,52,2,-1,20090716OBSS0
,최원제,임재철,77466,99507,,,,,투수 최원제 : 투수 조현근 (으)로 교체;,0,0,1,5,초,7,9,0,0,우,우,,고영민,,최원제,현재윤,채태인,신명철,조동찬,손주인,최형우,박한이,강봉규,,72214.0,,77466,72427,77463,71504,72466,72456,72443,71432,70224,,,,,,,,,,,,,,,,,,20090716,SS,OB,삼성,두산,시민,박기택,53,,,20090716OBSS0
체인지업,조현근,임재철,75268,99507,122,헛스윙,,,,0,0,1,5,초,7,9,0,0,우,좌,,고영민,,조현근,현재윤,채태인,신명철,조동찬,손주인,최형우,박한이,강봉규,,72214.0,,75268,72427,77463,71504,72466,72456,72443,71432,70224,,,,,,,,,,,,,,,,,,20090716,SS,OB,삼성,두산,시민,박기택,53,1,-1,20090716OBSS0
직구,조현근,임재철,75268,99507,134,볼,,,,0,1,1,5,초,7,9,0,0,우,좌,,고영민,,조현근,현재윤,채태인,신명철,조동찬,손주인,최형우,박한이,강봉규,,72214.0,,75268,72427,77463,71504,72466,72456,72443,71432,70224,,,,,,,,,,,,,,,,,,20090716,SS,OB,삼성,두산,시민,박기택,53,2,-1,20090716OBSS0
직구,조현근,임재철,75268,99507,138,스트라이크,,,,1,1,1,5,초,7,9,0,0,우,좌,,고영민,,조현근,현재윤,채태인,신명철,조동찬,손주인,최형우,박한이,강봉규,,72214.0,,75268,72427,77463,71504,72466,72456,72443,71432,70224,,,,,,,,,,,,,,,,,,20090716,SS,OB,삼성,두산,시민,박기택,53,3,-1,20090716OBSS0
,조현근,임재철,75268,99507,,,,,2루주자 고영민 :  도루로 3루까지 진루;,1,2,1,5,초,7,9,0,0,우,좌,,고영민,,조현근,현재윤,채태인,신명철,조동찬,손주인,최형우,박한이,강봉규,,72214.0,,75268,72427,77463,71504,72466,72456,72443,71432,70224,,,,,,,,,,,,,,,,,,20090716,SS,OB,삼성,두산,시민,박기택,53,,,20090716OBSS0
직구,조현근,임재철,75268,99507,137,파울,,,,1,2,1,5,초,7,9,0,0,우,좌,,,고영민,조현근,현재윤,채태인,신명철,조동찬,손주인,최형우,박한이,강봉규,,,72214.0,75268,72427,77463,71504,72466,72456,72443,71432,70224,,,,,,,,,,,,,,,,,,20090716,SS,OB,삼성,두산,시민,박기택,53,4,-1,20090716OBSS0
체인지업,조현근,임재철,75268,99507,127,파울,,,,1,2,1,5,초,7,9,0,0,우,좌,,,고영민,조현근,현재윤,채태인,신명철,조동찬,손주인,최형우,박한이,강봉규,,,72214.0,75268,72427,77463,71504,72466,72456,72443,71432,70224,,,,,,,,,,,,,,,,,,20090716,SS,OB,삼성,두산,시민,박기택,53,5,-1,20090716OBSS0
체인지업,조현근,임재철,75268,99507,126,볼,,,,1,2,1,5,초,7,9,0,0,우,좌,,,고영민,조현근,현재윤,채태인,신명철,조동찬,손주인,최형우,박한이,강봉규,,,72214.0,75268,72427,77463,71504,72466,72456,72443,71432,70224,,,,,,,,,,,,,,,,,,20090716,SS,OB,삼성,두산,시민,박기택,53,6,-1,20090716OBSS0
슬라이더,조현근,임재철,75268,99507,128,볼,,,,2,2,1,5,초,7,9,0,0,우,좌,,,고영민,조현근,현재윤,채태인,신명철,조동찬,손주인,최형우,박한이,강봉규,,,72214.0,75268,72427,77463,71504,72466,72456,72443,71432,70224,,,,,,,,,,,,,,,,,,20090716,SS,OB,삼성,두산,시민,박기택,53,7,-1,20090716OBSS0
직구,조현근,임재철,75268,99507,137,볼,볼넷,볼넷,임재철 :  볼넷;,3,2,1,5,초,7,9,0,0,우,좌,,,고영민,조현근,현재윤,채태인,신명철,조동찬,손주인,최형우,박한이,강봉규,,,72214.0,75268,72427,77463,71504,72466,72456,72443,71432,70224,,,,,,,,,,,,,,,,,,20090716,SS,OB,삼성,두산,시민,박기택,53,8,-1,20090716OBSS0
슬라이더,조현근,김현수,75268,76290,127,볼,,,,0,0,1,5,초,7,9,0,0,좌,좌,임재철,,고영민,조현근,현재윤,채태인,신명철,조동찬,손주인,최형우,박한이,강봉규,99507.0,,72214.0,75268,72427,77463,71504,72466,72456,72443,71432,70224,,,,,,,,,,,,,,,,,,20090716,SS,OB,삼성,두산,시민,박기택,54,1,-1,20090716OBSS0
슬라이더,조현근,김현수,75268,76290,118,볼,,,,1,0,1,5,초,7,9,0,0,좌,좌,임재철,,고영민,조현근,현재윤,채태인,신명철,조동찬,손주인,최형우,박한이,강봉규,99507.0,,72214.0,75268,72427,77463,71504,72466,72456,72443,71432,70224,,,,,,,,,,,,,,,,,,20090716,SS,OB,삼성,두산,시민,박기택,54,2,-1,20090716OBSS0
슬라이더,조현근,김현수,75268,76290,123,볼,,,,2,0,1,5,초,7,9,0,0,좌,좌,임재철,,고영민,조현근,현재윤,채태인,신명철,조동찬,손주인,최형우,박한이,강봉규,99507.0,,72214.0,75268,72427,77463,71504,72466,72456,72443,71432,70224,,,,,,,,,,,,,,,,,,20090716,SS,OB,삼성,두산,시민,박기택,54,3,-1,20090716OBSS0
체인지업,조현근,김현수,75268,76290,122,볼,볼넷,볼넷,김현수 :  볼넷; 1루주자 임재철 :   2루까지 진루;,3,0,1,5,초,7,9,0,0,좌,좌,임재철,,고영민,조현근,현재윤,채태인,신명철,조동찬,손주인,최형우,박한이,강봉규,99507.0,,72214.0,75268,72427,77463,71504,72466,72456,72443,71432,70224,,,,,,,,,,,,,,,,,,20090716,SS,OB,삼성,두산,시민,박기택,54,4,-1,20090716OBSS0
슬라이더,조현근,김동주,75268,98218,124,볼,,,,0,0,1,5,초,7,9,0,0,우,좌,김현수,임재철,고영민,조현근,현재윤,채태인,신명철,조동찬,손주인,최형우,박한이,강봉규,76290.0,99507.0,72214.0,75268,72427,77463,71504,72466,72456,72443,71432,70224,,,,,,,,,,,,,,,,,,20090716,SS,OB,삼성,두산,시민,박기택,55,1,-1,20090716OBSS0
슬라이더,조현근,김동주,75268,98218,118,볼,,,,1,0,1,5,초,7,9,0,0,우,좌,김현수,임재철,고영민,조현근,현재윤,채태인,신명철,조동찬,손주인,최형우,박한이,강봉규,76290.0,99507.0,72214.0,75268,72427,77463,71504,72466,72456,72443,71432,70224,,,,,,,,,,,,,,,,,,20090716,SS,OB,삼성,두산,시민,박기택,55,2,-1,20090716OBSS0
직구,조현근,김동주,75268,98218,137,볼,,,,2,0,1,5,초,7,9,0,0,우,좌,김현수,임재철,고영민,조현근,현재윤,채태인,신명철,조동찬,손주인,최형우,박한이,강봉규,76290.0,99507.0,72214.0,75268,72427,77463,71504,72466,72456,72443,71432,70224,,,,,,,,,,,,,,,,,,20090716,SS,OB,삼성,두산,시민,박기택,55,3,-1,20090716OBSS0
직구,조현근,김동주,75268,98218,129,스트라이크,,,,3,0,1,5,초,7,9,0,0,우,좌,김현수,임재철,고영민,조현근,현재윤,채태인,신명철,조동찬,손주인,최형우,박한이,강봉규,76290.0,99507.0,72214.0,75268,72427,77463,71504,72466,72456,72443,71432,70224,,,,,,,,,,,,,,,,,,20090716,SS,OB,삼성,두산,시민,박기택,55,4,-1,20090716OBSS0
직구,조현근,김동주,75268,98218,135,볼,볼넷,볼넷,김동주 :  볼넷; 1루주자 김현수 :   2루까지 진루; 2루주자 임재철 :   3루까지 진루; 3루주자 고영민 :  홈인;,3,1,1,5,초,7,9,0,1,우,좌,김현수,임재철,고영민,조현근,현재윤,채태인,신명철,조동찬,손주인,최형우,박한이,강봉규,76290.0,99507.0,72214.0,75268,72427,77463,71504,72466,72456,72443,71432,70224,,,,,,,,,,,,,,,,,,20090716,SS,OB,삼성,두산,시민,박기택,55,5,-1,20090716OBSS0
,조현근,최준석,75268,71552,,,,,투수 조현근 : 투수 정현욱 (으)로 교체; 포수 현재윤 : 포수 이지영 (으)로 교체;,0,0,1,5,초,8,9,0,0,우,좌,김동주,김현수,임재철,조현근,현재윤,채태인,신명철,조동찬,손주인,최형우,박한이,강봉규,98218.0,76290.0,99507.0,75268,72427,77463,71504,72466,72456,72443,71432,70224,,,,,,,,,,,,,,,,,,20090716,SS,OB,삼성,두산,시민,박기택,56,,,20090716OBSS0
직구,정현욱,최준석,96462,71552,145,볼,,,,0,0,1,5,초,8,9,0,0,우,우,김동주,김현수,임재철,정현욱,이지영,채태인,신명철,조동찬,손주인,최형우,박한이,강봉규,98218.0,76290.0,99507.0,96462,79456,77463,71504,72466,72456,72443,71432,70224,,,,,,,,,,,,,,,,,,20090716,SS,OB,삼성,두산,시민,박기택,56,1,-1,20090716OBSS0
직구,정현욱,최준석,96462,71552,147,스트라이크,,,,1,0,1,5,초,8,9,0,0,우,우,김동주,김현수,임재철,정현욱,이지영,채태인,신명철,조동찬,손주인,최형우,박한이,강봉규,98218.0,76290.0,99507.0,96462,79456,77463,71504,72466,72456,72443,71432,70224,,,,,,,,,,,,,,,,,,20090716,SS,OB,삼성,두산,시민,박기택,56,2,-1,20090716OBSS0
직구,정현욱,최준석,96462,71552,149,볼,,,,1,1,1,5,초,8,9,0,0,우,우,김동주,김현수,임재철,정현욱,이지영,채태인,신명철,조동찬,손주인,최형우,박한이,강봉규,98218.0,76290.0,99507.0,96462,79456,77463,71504,72466,72456,72443,71432,70224,,,,,,,,,,,,,,,,,,20090716,SS,OB,삼성,두산,시민,박기택,56,3,-1,20090716OBSS0
포크,정현욱,최준석,96462,71552,132,볼,,,,2,1,1,5,초,8,9,0,0,우,우,김동주,김현수,임재철,정현욱,이지영,채태인,신명철,조동찬,손주인,최형우,박한이,강봉규,98218.0,76290.0,99507.0,96462,79456,77463,71504,72466,72456,72443,71432,70224,,,,,,,,,,,,,,,,,,20090716,SS,OB,삼성,두산,시민,박기택,56,4,-1,20090716OBSS0
직구,정현욱,최준석,96462,71552,146,볼,볼넷,볼넷,최준석 :  볼넷; 1루주자 김동주 :   2루까지 진루; 2루주자 김현수 :   3루까지 진루; 3루주자 임재철 :  홈인;,3,1,1,5,초,8,9,0,1,우,우,김동주,김현수,임재철,정현욱,이지영,채태인,신명철,조동찬,손주인,최형우,박한이,강봉규,98218.0,76290.0,99507.0,96462,79456,77463,71504,72466,72456,72443,71432,70224,,,,,,,,,,,,,,,,,,20090716,SS,OB,삼성,두산,시민,박기택,56,5,-1,20090716OBSS0
직구,정현욱,손시헌,96462,73213,147,파울,,,,0,0,1,5,초,9,9,0,0,우,우,최준석,김동주,김현수,정현욱,이지영,채태인,신명철,조동찬,손주인,최형우,박한이,강봉규,71552.0,98218.0,76290.0,96462,79456,77463,71504,72466,72456,72443,71432,70224,,,,,,,,,,,,,,,,,,20090716,SS,OB,삼성,두산,시민,박기택,57,1,-1,20090716OBSS0
직구,정현욱,손시헌,96462,73213,143,파울,,,,0,1,1,5,초,9,9,0,0,우,우,최준석,김동주,김현수,정현욱,이지영,채태인,신명철,조동찬,손주인,최형우,박한이,강봉규,71552.0,98218.0,76290.0,96462,79456,77463,71504,72466,72456,72443,71432,70224,,,,,,,,,,,,,,,,,,20090716,SS,OB,삼성,두산,시민,박기택,57,2,-1,20090716OBSS0
커브,정현욱,손시헌,96462,73213,120,헛스윙,삼진,삼진,손시헌 :  삼진 아웃;,0,2,1,5,초,9,9,0,0,우,우,최준석,김동주,김현수,정현욱,이지영,채태인,신명철,조동찬,손주인,최형우,박한이,강봉규,71552.0,98218.0,76290.0,96462,79456,77463,71504,72466,72456,72443,71432,70224,,,,,,,,,,,,,,,,,,20090716,SS,OB,삼성,두산,시민,박기택,57,3,-1,20090716OBSS0
직구,정현욱,이원석,96462,75566,147,스트라이크,,,,0,0,2,5,초,9,9,0,0,우,우,최준석,김동주,김현수,정현욱,이지영,채태인,신명철,조동찬,손주인,최형우,박한이,강봉규,71552.0,98218.0,76290.0,96462,79456,77463,71504,72466,72456,72443,71432,70224,,,,,,,,,,,,,,,,,,20090716,SS,OB,삼성,두산,시민,박기택,58,1,-1,20090716OBSS0
직구,정현욱,이원석,96462,75566,148,볼,,,,0,1,2,5,초,9,9,0,0,우,우,최준석,김동주,김현수,정현욱,이지영,채태인,신명철,조동찬,손주인,최형우,박한이,강봉규,71552.0,98218.0,76290.0,96462,79456,77463,71504,72466,72456,72443,71432,70224,,,,,,,,,,,,,,,,,,20090716,SS,OB,삼성,두산,시민,박기택,58,2,-1,20090716OBSS0
포크,정현욱,이원석,96462,75566,131,파울,,,,1,1,2,5,초,9,9,0,0,우,우,최준석,김동주,김현수,정현욱,이지영,채태인,신명철,조동찬,손주인,최형우,박한이,강봉규,71552.0,98218.0,76290.0,96462,79456,77463,71504,72466,72456,72443,71432,70224,,,,,,,,,,,,,,,,,,20090716,SS,OB,삼성,두산,시민,박기택,58,3,-1,20090716OBSS0
커브,정현욱,이원석,96462,75566,122,스트라이크,삼진,삼진,이원석 :  삼진 아웃;,1,2,2,5,초,9,9,0,0,우,우,최준석,김동주,김현수,정현욱,이지영,채태인,신명철,조동찬,손주인,최형우,박한이,강봉규,71552.0,98218.0,76290.0,96462,79456,77463,71504,72466,72456,72443,71432,70224,,,,,,,,,,,,,,,,,,20090716,SS,OB,삼성,두산,시민,박기택,58,4,-1,20090716OBSS0
,박정배,채태인,75250,77463,,,,,투수 박정배 : 투수 고창성 (으)로 교체;,0,0,0,5,말,9,9,0,0,좌,우,,,,박정배,용덕한,이원석,고영민,김동주,손시헌,김현수,민병헌,임재철,,,,75250,74223,75566,72214,98218,73213,76290,76249,99507,,,,,,,,,,,,,,,,,,20090716,SS,OB,삼성,두산,시민,박기택,59,,,20090716OBSS0
체인지업,고창성,채태인,78248,77463,121,스트라이크,,,,0,0,0,5,말,9,9,0,0,좌,우,,,,고창성,용덕한,이원석,고영민,김동주,손시헌,김현수,민병헌,임재철,,,,78248,74223,75566,72214,98218,73213,76290,76249,99507,,,,,,,,,,,,,,,,,,20090716,SS,OB,삼성,두산,시민,박기택,59,1,-1,20090716OBSS0
슬라이더,고창성,채태인,78248,77463,117,볼,,,,0,1,0,5,말,9,9,0,0,좌,우,,,,고창성,용덕한,이원석,고영민,김동주,손시헌,김현수,민병헌,임재철,,,,78248,74223,75566,72214,98218,73213,76290,76249,99507,,,,,,,,,,,,,,,,,,20090716,SS,OB,삼성,두산,시민,박기택,59,2,-1,20090716OBSS0
직구,고창성,채태인,78248,77463,135,볼,,,,1,1,0,5,말,9,9,0,0,좌,우,,,,고창성,용덕한,이원석,고영민,김동주,손시헌,김현수,민병헌,임재철,,,,78248,74223,75566,72214,98218,73213,76290,76249,99507,,,,,,,,,,,,,,,,,,20090716,SS,OB,삼성,두산,시민,박기택,59,3,-1,20090716OBSS0
직구,고창성,채태인,78248,77463,135,볼,,,,2,1,0,5,말,9,9,0,0,좌,우,,,,고창성,용덕한,이원석,고영민,김동주,손시헌,김현수,민병헌,임재철,,,,78248,74223,75566,72214,98218,73213,76290,76249,99507,,,,,,,,,,,,,,,,,,20090716,SS,OB,삼성,두산,시민,박기택,59,4,-1,20090716OBSS0
직구,고창성,채태인,78248,77463,135,파울,,,,3,1,0,5,말,9,9,0,0,좌,우,,,,고창성,용덕한,이원석,고영민,김동주,손시헌,김현수,민병헌,임재철,,,,78248,74223,75566,72214,98218,73213,76290,76249,99507,,,,,,,,,,,,,,,,,,20090716,SS,OB,삼성,두산,시민,박기택,59,5,-1,20090716OBSS0
슬라이더,고창성,채태인,78248,77463,120,파울,,,,3,2,0,5,말,9,9,0,0,좌,우,,,,고창성,용덕한,이원석,고영민,김동주,손시헌,김현수,민병헌,임재철,,,,78248,74223,75566,72214,98218,73213,76290,76249,99507,,,,,,,,,,,,,,,,,,20090716,SS,OB,삼성,두산,시민,박기택,59,6,-1,20090716OBSS0
직구,고창성,채태인,78248,77463,137,타격,2루타,2루타,채태인 : 중견수 뒤 2루타;,3,2,0,5,말,9,9,0,0,좌,우,,,,고창성,용덕한,이원석,고영민,김동주,손시헌,김현수,민병헌,임재철,,,,78248,74223,75566,72214,98218,73213,76290,76249,99507,,,,,,,,,,,,,,,,,,20090716,SS,OB,삼성,두산,시민,박기택,59,7,-1,20090716OBSS0
직구,고창성,손주인,78248,72456,134,스트라이크,,,,0,0,0,5,말,9,9,0,0,우,우,,채태인,,고창성,용덕한,이원석,고영민,김동주,손시헌,김현수,민병헌,임재철,,77463.0,,78248,74223,75566,72214,98218,73213,76290,76249,99507,,,,,,,,,,,,,,,,,,20090716,SS,OB,삼성,두산,시민,박기택,60,1,-1,20090716OBSS0
직구,고창성,손주인,78248,72456,136,타격,포스 아웃,땅볼 아웃,손주인 : 1루수 땅볼 아웃 (1루수->투수 1루 터치아웃); 2루주자 채태인 :   3루까지 진루;,0,1,0,5,말,9,9,1,0,우,우,,채태인,,고창성,용덕한,이원석,고영민,김동주,손시헌,김현수,민병헌,임재철,,77463.0,,78248,74223,75566,72214,98218,73213,76290,76249,99507,,,,,,,,,,,,,,,,,,20090716,SS,OB,삼성,두산,시민,박기택,60,2,-1,20090716OBSS0
슬라이더,고창성,이지영,78248,79456,120,헛스윙,,,,0,0,1,5,말,9,9,0,0,우,우,,,채태인,고창성,용덕한,이원석,고영민,김동주,손시헌,김현수,민병헌,임재철,,,77463.0,78248,74223,75566,72214,98218,73213,76290,76249,99507,,,,,,,,,,,,,,,,,,20090716,SS,OB,삼성,두산,시민,박기택,61,1,-1,20090716OBSS0
체인지업,고창성,이지영,78248,79456,121,볼,,,,0,1,1,5,말,9,9,0,0,우,우,,,채태인,고창성,용덕한,이원석,고영민,김동주,손시헌,김현수,민병헌,임재철,,,77463.0,78248,74223,75566,72214,98218,73213,76290,76249,99507,,,,,,,,,,,,,,,,,,20090716,SS,OB,삼성,두산,시민,박기택,61,2,-1,20090716OBSS0
체인지업,고창성,이지영,78248,79456,122,볼,,,,1,1,1,5,말,9,9,0,0,우,우,,,채태인,고창성,용덕한,이원석,고영민,김동주,손시헌,김현수,민병헌,임재철,,,77463.0,78248,74223,75566,72214,98218,73213,76290,76249,99507,,,,,,,,,,,,,,,,,,20090716,SS,OB,삼성,두산,시민,박기택,61,3,-1,20090716OBSS0
슬라이더,고창성,이지영,78248,79456,120,파울,,,,2,1,1,5,말,9,9,0,0,우,우,,,채태인,고창성,용덕한,이원석,고영민,김동주,손시헌,김현수,민병헌,임재철,,,77463.0,78248,74223,75566,72214,98218,73213,76290,76249,99507,,,,,,,,,,,,,,,,,,20090716,SS,OB,삼성,두산,시민,박기택,61,4,-1,20090716OBSS0
슬라이더,고창성,이지영,78248,79456,120,타격,안타,안타,이지영 : 중견수 앞 1루타; 3루주자 채태인 :  홈인;,2,2,1,5,말,9,9,0,1,우,우,,,채태인,고창성,용덕한,이원석,고영민,김동주,손시헌,김현수,민병헌,임재철,,,77463.0,78248,74223,75566,72214,98218,73213,76290,76249,99507,,,,,,,,,,,,,,,,,,20090716,SS,OB,삼성,두산,시민,박기택,61,5,-1,20090716OBSS0
직구,고창성,조동찬,78248,72466,133,볼,,,,0,0,1,5,말,9,10,0,0,우,우,이지영,,,고창성,용덕한,이원석,고영민,김동주,손시헌,김현수,민병헌,임재철,79456.0,,,78248,74223,75566,72214,98218,73213,76290,76249,99507,,,,,,,,,,,,,,,,,,20090716,SS,OB,삼성,두산,시민,박기택,62,1,-1,20090716OBSS0
직구,고창성,조동찬,78248,72466,135,타격,포스 아웃,땅볼 아웃,조동찬 : 유격수 앞 땅볼로 출루; 1루주자 이지영 :  포스아웃 (유격수->2루수 2루 터치아웃);,1,0,1,5,말,9,10,1,0,우,우,이지영,,,고창성,용덕한,이원석,고영민,김동주,손시헌,김현수,민병헌,임재철,79456.0,,,78248,74223,75566,72214,98218,73213,76290,76249,99507,,,,,,,,,,,,,,,,,,20090716,SS,OB,삼성,두산,시민,박기택,62,2,-1,20090716OBSS0
,고창성,박한이,78248,71432,,,,,투수 고창성 : 투수 이재우 (으)로 교체;,0,0,2,5,말,9,10,0,0,좌,우,조동찬,,,고창성,용덕한,이원석,고영민,김동주,손시헌,김현수,민병헌,임재철,72466.0,,,78248,74223,75566,72214,98218,73213,76290,76249,99507,,,,,,,,,,,,,,,,,,20090716,SS,OB,삼성,두산,시민,박기택,63,,,20090716OBSS0
직구,이재우,박한이,71260,71432,146,스트라이크,,,,0,0,2,5,말,9,10,0,0,좌,우,조동찬,,,이재우,용덕한,이원석,고영민,김동주,손시헌,김현수,민병헌,임재철,72466.0,,,71260,74223,75566,72214,98218,73213,76290,76249,99507,,,,,,,,,,,,,,,,,,20090716,SS,OB,삼성,두산,시민,박기택,63,1,-1,20090716OBSS0
,이재우,박한이,71260,71432,,,,,1루주자 조동찬 :  도루로 2루까지 진루;,0,1,2,5,말,9,10,0,0,좌,우,조동찬,,,이재우,용덕한,이원석,고영민,김동주,손시헌,김현수,민병헌,임재철,72466.0,,,71260,74223,75566,72214,98218,73213,76290,76249,99507,,,,,,,,,,,,,,,,,,20090716,SS,OB,삼성,두산,시민,박기택,63,,,20090716OBSS0
커브,이재우,박한이,71260,71432,117,볼,,,,0,1,2,5,말,9,10,0,0,좌,우,,조동찬,,이재우,용덕한,이원석,고영민,김동주,손시헌,김현수,민병헌,임재철,,72466.0,,71260,74223,75566,72214,98218,73213,76290,76249,99507,,,,,,,,,,,,,,,,,,20090716,SS,OB,삼성,두산,시민,박기택,63,2,-1,20090716OBSS0
직구,이재우,박한이,71260,71432,140,볼,몸에 맞는 볼,몸에 맞는 볼,박한이 : 몸에 맞은 볼;,1,1,2,5,말,9,10,0,0,좌,우,,조동찬,,이재우,용덕한,이원석,고영민,김동주,손시헌,김현수,민병헌,임재철,,72466.0,,71260,74223,75566,72214,98218,73213,76290,76249,99507,,,,,,,,,,,,,,,,,,20090716,SS,OB,삼성,두산,시민,박기택,63,3,-1,20090716OBSS0
,이재우,강봉규,71260,70224,,,,,3번타자 강봉규 : 대타 이영욱(으)로 교체;,0,0,2,5,말,9,10,0,0,우,우,박한이,조동찬,,이재우,용덕한,이원석,고영민,김동주,손시헌,김현수,민병헌,임재철,71432.0,72466.0,,71260,74223,75566,72214,98218,73213,76290,76249,99507,,,,,,,,,,,,,,,,,,20090716,SS,OB,삼성,두산,시민,박기택,64,,,20090716OBSS0
포크,이재우,이영욱,71260,78467,122,볼,,,,0,0,2,5,말,9,10,0,0,좌,우,박한이,조동찬,,이재우,용덕한,이원석,고영민,김동주,손시헌,김현수,민병헌,임재철,71432.0,72466.0,,71260,74223,75566,72214,98218,73213,76290,76249,99507,,,,,,,,,,,,,,,,,,20090716,SS,OB,삼성,두산,시민,박기택,64,1,-1,20090716OBSS0
포크,이재우,이영욱,71260,78467,123,파울,,,,1,0,2,5,말,9,10,0,0,좌,우,박한이,조동찬,,이재우,용덕한,이원석,고영민,김동주,손시헌,김현수,민병헌,임재철,71432.0,72466.0,,71260,74223,75566,72214,98218,73213,76290,76249,99507,,,,,,,,,,,,,,,,,,20090716,SS,OB,삼성,두산,시민,박기택,64,2,-1,20090716OBSS0
직구,이재우,이영욱,71260,78467,140,볼,,,,1,1,2,5,말,9,10,0,0,좌,우,박한이,조동찬,,이재우,용덕한,이원석,고영민,김동주,손시헌,김현수,민병헌,임재철,71432.0,72466.0,,71260,74223,75566,72214,98218,73213,76290,76249,99507,,,,,,,,,,,,,,,,,,20090716,SS,OB,삼성,두산,시민,박기택,64,3,-1,20090716OBSS0
포크,이재우,이영욱,71260,78467,123,볼,,,,2,1,2,5,말,9,10,0,0,좌,우,박한이,조동찬,,이재우,용덕한,이원석,고영민,김동주,손시헌,김현수,민병헌,임재철,71432.0,72466.0,,71260,74223,75566,72214,98218,73213,76290,76249,99507,,,,,,,,,,,,,,,,,,20090716,SS,OB,삼성,두산,시민,박기택,64,4,-1,20090716OBSS0
직구,이재우,이영욱,71260,78467,141,볼,볼넷,볼넷,이영욱 :  볼넷; 1루주자 박한이 :   2루까지 진루; 2루주자 조동찬 :   3루까지 진루;,3,1,2,5,말,9,10,0,0,좌,우,박한이,조동찬,,이재우,용덕한,이원석,고영민,김동주,손시헌,김현수,민병헌,임재철,71432.0,72466.0,,71260,74223,75566,72214,98218,73213,76290,76249,99507,,,,,,,,,,,,,,,,,,20090716,SS,OB,삼성,두산,시민,박기택,64,5,-1,20090716OBSS0
직구,이재우,양준혁,71260,93410,141,볼,,,,0,0,2,5,말,9,10,0,0,좌,우,이영욱,박한이,조동찬,이재우,용덕한,이원석,고영민,김동주,손시헌,김현수,민병헌,임재철,78467.0,71432.0,72466.0,71260,74223,75566,72214,98218,73213,76290,76249,99507,,,,,,,,,,,,,,,,,,20090716,SS,OB,삼성,두산,시민,박기택,65,1,-1,20090716OBSS0
직구,이재우,양준혁,71260,93410,140,스트라이크,,,,1,0,2,5,말,9,10,0,0,좌,우,이영욱,박한이,조동찬,이재우,용덕한,이원석,고영민,김동주,손시헌,김현수,민병헌,임재철,78467.0,71432.0,72466.0,71260,74223,75566,72214,98218,73213,76290,76249,99507,,,,,,,,,,,,,,,,,,20090716,SS,OB,삼성,두산,시민,박기택,65,2,-1,20090716OBSS0
직구,이재우,양준혁,71260,93410,140,볼,,,,1,1,2,5,말,9,10,0,0,좌,우,이영욱,박한이,조동찬,이재우,용덕한,이원석,고영민,김동주,손시헌,김현수,민병헌,임재철,78467.0,71432.0,72466.0,71260,74223,75566,72214,98218,73213,76290,76249,99507,,,,,,,,,,,,,,,,,,20090716,SS,OB,삼성,두산,시민,박기택,65,3,-1,20090716OBSS0
직구,이재우,양준혁,71260,93410,142,파울,,,,2,1,2,5,말,9,10,0,0,좌,우,이영욱,박한이,조동찬,이재우,용덕한,이원석,고영민,김동주,손시헌,김현수,민병헌,임재철,78467.0,71432.0,72466.0,71260,74223,75566,72214,98218,73213,76290,76249,99507,,,,,,,,,,,,,,,,,,20090716,SS,OB,삼성,두산,시민,박기택,65,4,-1,20090716OBSS0
포크,이재우,양준혁,71260,93410,125,볼,,,,2,2,2,5,말,9,10,0,0,좌,우,이영욱,박한이,조동찬,이재우,용덕한,이원석,고영민,김동주,손시헌,김현수,민병헌,임재철,78467.0,71432.0,72466.0,71260,74223,75566,72214,98218,73213,76290,76249,99507,,,,,,,,,,,,,,,,,,20090716,SS,OB,삼성,두산,시민,박기택,65,5,-1,20090716OBSS0
슬라이더,이재우,양준혁,71260,93410,133,볼,볼넷,볼넷,양준혁 :  볼넷; 1루주자 이영욱 :   2루까지 진루; 2루주자 박한이 :   3루까지 진루; 3루주자 조동찬 :  홈인;,3,2,2,5,말,9,10,0,1,좌,우,이영욱,박한이,조동찬,이재우,용덕한,이원석,고영민,김동주,손시헌,김현수,민병헌,임재철,78467.0,71432.0,72466.0,71260,74223,75566,72214,98218,73213,76290,76249,99507,,,,,,,,,,,,,,,,,,20090716,SS,OB,삼성,두산,시민,박기택,65,6,-1,20090716OBSS0
직구,이재우,최형우,71260,72443,142,스트라이크,,,,0,0,2,5,말,9,11,0,0,좌,우,양준혁,이영욱,박한이,이재우,용덕한,이원석,고영민,김동주,손시헌,김현수,민병헌,임재철,93410.0,78467.0,71432.0,71260,74223,75566,72214,98218,73213,76290,76249,99507,,,,,,,,,,,,,,,,,,20090716,SS,OB,삼성,두산,시민,박기택,66,1,-1,20090716OBSS0
포크,이재우,최형우,71260,72443,123,파울,,,,0,1,2,5,말,9,11,0,0,좌,우,양준혁,이영욱,박한이,이재우,용덕한,이원석,고영민,김동주,손시헌,김현수,민병헌,임재철,93410.0,78467.0,71432.0,71260,74223,75566,72214,98218,73213,76290,76249,99507,,,,,,,,,,,,,,,,,,20090716,SS,OB,삼성,두산,시민,박기택,66,2,-1,20090716OBSS0
커브,이재우,최형우,71260,72443,117,볼,,,,0,2,2,5,말,9,11,0,0,좌,우,양준혁,이영욱,박한이,이재우,용덕한,이원석,고영민,김동주,손시헌,김현수,민병헌,임재철,93410.0,78467.0,71432.0,71260,74223,75566,72214,98218,73213,76290,76249,99507,,,,,,,,,,,,,,,,,,20090716,SS,OB,삼성,두산,시민,박기택,66,3,-1,20090716OBSS0
직구,이재우,최형우,71260,72443,142,파울,,,,1,2,2,5,말,9,11,0,0,좌,우,양준혁,이영욱,박한이,이재우,용덕한,이원석,고영민,김동주,손시헌,김현수,민병헌,임재철,93410.0,78467.0,71432.0,71260,74223,75566,72214,98218,73213,76290,76249,99507,,,,,,,,,,,,,,,,,,20090716,SS,OB,삼성,두산,시민,박기택,66,4,-1,20090716OBSS0
포크,이재우,최형우,71260,72443,124,타격,필드 아웃,플라이 아웃,최형우 : 우익수 플라이 아웃;,1,2,2,5,말,9,11,1,0,좌,우,양준혁,이영욱,박한이,이재우,용덕한,이원석,고영민,김동주,손시헌,김현수,민병헌,임재철,93410.0,78467.0,71432.0,71260,74223,75566,72214,98218,73213,76290,76249,99507,,,,,,,,,,,,,,,,,,20090716,SS,OB,삼성,두산,시민,박기택,66,5,-1,20090716OBSS0
,정현욱,용덕한,96462,74223,,,,,3루수 조동찬 : 유격수 김상수 (으)로 교체; 중견수 박한이 : 우익수(으)로 수비위치 변경; 대타 이영욱 : 중견수(으)로 수비위치 변경; 유격수 손주인 : 3루수(으)로 수비위치 변경;,0,0,0,6,초,9,11,0,0,우,우,,,,정현욱,이지영,채태인,신명철,조동찬,손주인,최형우,박한이,강봉규,,,,96462,79456,77463,71504,72466,72456,72443,71432,70224,,,,,,,,,,,,,,,,,,20090716,SS,OB,삼성,두산,시민,박기택,67,,,20090716OBSS0
직구,정현욱,용덕한,96462,74223,143,스트라이크,,,,0,0,0,6,초,9,11,0,0,우,우,,,,정현욱,이지영,채태인,신명철,손주인,김상수,최형우,이영욱,박한이,,,,96462,79456,77463,71504,72456,79402,72443,78467,71432,,,,,,,,,,,,,,,,,,20090716,SS,OB,삼성,두산,시민,박기택,67,1,-1,20090716OBSS0
직구,정현욱,용덕한,96462,74223,148,볼,,,,0,1,0,6,초,9,11,0,0,우,우,,,,정현욱,이지영,채태인,신명철,손주인,김상수,최형우,이영욱,박한이,,,,96462,79456,77463,71504,72456,79402,72443,78467,71432,,,,,,,,,,,,,,,,,,20090716,SS,OB,삼성,두산,시민,박기택,67,2,-1,20090716OBSS0
포크,정현욱,용덕한,96462,74223,130,파울,,,,1,1,0,6,초,9,11,0,0,우,우,,,,정현욱,이지영,채태인,신명철,손주인,김상수,최형우,이영욱,박한이,,,,96462,79456,77463,71504,72456,79402,72443,78467,71432,,,,,,,,,,,,,,,,,,20090716,SS,OB,삼성,두산,시민,박기택,67,3,-1,20090716OBSS0
직구,정현욱,용덕한,96462,74223,148,파울,,,,1,2,0,6,초,9,11,0,0,우,우,,,,정현욱,이지영,채태인,신명철,손주인,김상수,최형우,이영욱,박한이,,,,96462,79456,77463,71504,72456,79402,72443,78467,71432,,,,,,,,,,,,,,,,,,20090716,SS,OB,삼성,두산,시민,박기택,67,4,-1,20090716OBSS0
커브,정현욱,용덕한,96462,74223,118,볼,,,,1,2,0,6,초,9,11,0,0,우,우,,,,정현욱,이지영,채태인,신명철,손주인,김상수,최형우,이영욱,박한이,,,,96462,79456,77463,71504,72456,79402,72443,78467,71432,,,,,,,,,,,,,,,,,,20090716,SS,OB,삼성,두산,시민,박기택,67,5,-1,20090716OBSS0
직구,정현욱,용덕한,96462,74223,145,타격,포스 아웃,땅볼 아웃,용덕한 : 유격수 땅볼 아웃 (유격수->1루수 송구아웃);,2,2,0,6,초,9,11,1,0,우,우,,,,정현욱,이지영,채태인,신명철,손주인,김상수,최형우,이영욱,박한이,,,,96462,79456,77463,71504,72456,79402,72443,78467,71432,,,,,,,,,,,,,,,,,,20090716,SS,OB,삼성,두산,시민,박기택,67,6,-1,20090716OBSS0
포크,정현욱,민병헌,96462,76249,130,파울,,,,0,0,1,6,초,9,11,0,0,우,우,,,,정현욱,이지영,채태인,신명철,손주인,김상수,최형우,이영욱,박한이,,,,96462,79456,77463,71504,72456,79402,72443,78467,71432,,,,,,,,,,,,,,,,,,20090716,SS,OB,삼성,두산,시민,박기택,68,1,-1,20090716OBSS0
커브,정현욱,민병헌,96462,76249,119,볼,,,,0,1,1,6,초,9,11,0,0,우,우,,,,정현욱,이지영,채태인,신명철,손주인,김상수,최형우,이영욱,박한이,,,,96462,79456,77463,71504,72456,79402,72443,78467,71432,,,,,,,,,,,,,,,,,,20090716,SS,OB,삼성,두산,시민,박기택,68,2,-1,20090716OBSS0
포크,정현욱,민병헌,96462,76249,130,볼,,,,1,1,1,6,초,9,11,0,0,우,우,,,,정현욱,이지영,채태인,신명철,손주인,김상수,최형우,이영욱,박한이,,,,96462,79456,77463,71504,72456,79402,72443,78467,71432,,,,,,,,,,,,,,,,,,20090716,SS,OB,삼성,두산,시민,박기택,68,3,-1,20090716OBSS0
직구,정현욱,민병헌,96462,76249,141,파울,,,,2,1,1,6,초,9,11,0,0,우,우,,,,정현욱,이지영,채태인,신명철,손주인,김상수,최형우,이영욱,박한이,,,,96462,79456,77463,71504,72456,79402,72443,78467,71432,,,,,,,,,,,,,,,,,,20090716,SS,OB,삼성,두산,시민,박기택,68,4,-1,20090716OBSS0
직구,정현욱,민병헌,96462,76249,150,헛스윙,삼진,삼진,민병헌 :  삼진 아웃;,2,2,1,6,초,9,11,0,0,우,우,,,,정현욱,이지영,채태인,신명철,손주인,김상수,최형우,이영욱,박한이,,,,96462,79456,77463,71504,72456,79402,72443,78467,71432,,,,,,,,,,,,,,,,,,20090716,SS,OB,삼성,두산,시민,박기택,68,5,-1,20090716OBSS0
직구,정현욱,고영민,96462,72214,146,스트라이크,,,,0,0,2,6,초,9,11,0,0,우,우,,,,정현욱,이지영,채태인,신명철,손주인,김상수,최형우,이영욱,박한이,,,,96462,79456,77463,71504,72456,79402,72443,78467,71432,,,,,,,,,,,,,,,,,,20090716,SS,OB,삼성,두산,시민,박기택,69,1,-1,20090716OBSS0
직구,정현욱,고영민,96462,72214,147,타격,포스 아웃,땅볼 아웃,고영민 : 유격수 땅볼 아웃 (유격수->1루수 송구아웃);,0,1,2,6,초,9,11,1,0,우,우,,,,정현욱,이지영,채태인,신명철,손주인,김상수,최형우,이영욱,박한이,,,,96462,79456,77463,71504,72456,79402,72443,78467,71432,,,,,,,,,,,,,,,,,,20090716,SS,OB,삼성,두산,시민,박기택,69,2,-1,20090716OBSS0
직구,이재우,신명철,71260,71504,141,파울,,,,0,0,0,6,말,9,11,0,0,우,우,,,,이재우,용덕한,이원석,고영민,김동주,손시헌,김현수,민병헌,임재철,,,,71260,74223,75566,72214,98218,73213,76290,76249,99507,,,,,,,,,,,,,,,,,,20090716,SS,OB,삼성,두산,시민,박기택,70,1,-1,20090716OBSS0
슬라이더,이재우,신명철,71260,71504,133,헛스윙,,,,0,1,0,6,말,9,11,0,0,우,우,,,,이재우,용덕한,이원석,고영민,김동주,손시헌,김현수,민병헌,임재철,,,,71260,74223,75566,72214,98218,73213,76290,76249,99507,,,,,,,,,,,,,,,,,,20090716,SS,OB,삼성,두산,시민,박기택,70,2,-1,20090716OBSS0
슬라이더,이재우,신명철,71260,71504,135,볼,,,,0,2,0,6,말,9,11,0,0,우,우,,,,이재우,용덕한,이원석,고영민,김동주,손시헌,김현수,민병헌,임재철,,,,71260,74223,75566,72214,98218,73213,76290,76249,99507,,,,,,,,,,,,,,,,,,20090716,SS,OB,삼성,두산,시민,박기택,70,3,-1,20090716OBSS0
슬라이더,이재우,신명철,71260,71504,132,볼,,,,1,2,0,6,말,9,11,0,0,우,우,,,,이재우,용덕한,이원석,고영민,김동주,손시헌,김현수,민병헌,임재철,,,,71260,74223,75566,72214,98218,73213,76290,76249,99507,,,,,,,,,,,,,,,,,,20090716,SS,OB,삼성,두산,시민,박기택,70,4,-1,20090716OBSS0
직구,이재우,신명철,71260,71504,143,스트라이크,삼진,삼진,신명철 :  삼진 아웃;,2,2,0,6,말,9,11,0,0,우,우,,,,이재우,용덕한,이원석,고영민,김동주,손시헌,김현수,민병헌,임재철,,,,71260,74223,75566,72214,98218,73213,76290,76249,99507,,,,,,,,,,,,,,,,,,20090716,SS,OB,삼성,두산,시민,박기택,70,5,-1,20090716OBSS0
직구,이재우,채태인,71260,77463,144,볼,,,,0,0,1,6,말,9,11,0,0,좌,우,,,,이재우,용덕한,이원석,고영민,김동주,손시헌,김현수,민병헌,임재철,,,,71260,74223,75566,72214,98218,73213,76290,76249,99507,,,,,,,,,,,,,,,,,,20090716,SS,OB,삼성,두산,시민,박기택,71,1,-1,20090716OBSS0
포크,이재우,채태인,71260,77463,125,파울,,,,1,0,1,6,말,9,11,0,0,좌,우,,,,이재우,용덕한,이원석,고영민,김동주,손시헌,김현수,민병헌,임재철,,,,71260,74223,75566,72214,98218,73213,76290,76249,99507,,,,,,,,,,,,,,,,,,20090716,SS,OB,삼성,두산,시민,박기택,71,2,-1,20090716OBSS0
커브,이재우,채태인,71260,77463,118,볼,,,,1,1,1,6,말,9,11,0,0,좌,우,,,,이재우,용덕한,이원석,고영민,김동주,손시헌,김현수,민병헌,임재철,,,,71260,74223,75566,72214,98218,73213,76290,76249,99507,,,,,,,,,,,,,,,,,,20090716,SS,OB,삼성,두산,시민,박기택,71,3,-1,20090716OBSS0
슬라이더,이재우,채태인,71260,77463,133,볼,,,,2,1,1,6,말,9,11,0,0,좌,우,,,,이재우,용덕한,이원석,고영민,김동주,손시헌,김현수,민병헌,임재철,,,,71260,74223,75566,72214,98218,73213,76290,76249,99507,,,,,,,,,,,,,,,,,,20090716,SS,OB,삼성,두산,시민,박기택,71,4,-1,20090716OBSS0
직구,이재우,채태인,71260,77463,141,스트라이크,,,,3,1,1,6,말,9,11,0,0,좌,우,,,,이재우,용덕한,이원석,고영민,김동주,손시헌,김현수,민병헌,임재철,,,,71260,74223,75566,72214,98218,73213,76290,76249,99507,,,,,,,,,,,,,,,,,,20090716,SS,OB,삼성,두산,시민,박기택,71,5,-1,20090716OBSS0
직구,이재우,채태인,71260,77463,142,파울,,,,3,2,1,6,말,9,11,0,0,좌,우,,,,이재우,용덕한,이원석,고영민,김동주,손시헌,김현수,민병헌,임재철,,,,71260,74223,75566,72214,98218,73213,76290,76249,99507,,,,,,,,,,,,,,,,,,20090716,SS,OB,삼성,두산,시민,박기택,71,6,-1,20090716OBSS0
직구,이재우,채태인,71260,77463,141,볼,볼넷,볼넷,채태인 :  볼넷;,3,2,1,6,말,9,11,0,0,좌,우,,,,이재우,용덕한,이원석,고영민,김동주,손시헌,김현수,민병헌,임재철,,,,71260,74223,75566,72214,98218,73213,76290,76249,99507,,,,,,,,,,,,,,,,,,20090716,SS,OB,삼성,두산,시민,박기택,71,7,-1,20090716OBSS0
포크,이재우,손주인,71260,72456,133,볼,,,,0,0,1,6,말,9,11,0,0,우,우,채태인,,,이재우,용덕한,이원석,고영민,김동주,손시헌,김현수,민병헌,임재철,77463.0,,,71260,74223,75566,72214,98218,73213,76290,76249,99507,,,,,,,,,,,,,,,,,,20090716,SS,OB,삼성,두산,시민,박기택,72,1,-1,20090716OBSS0
직구,이재우,손주인,71260,72456,140,타격,필드 아웃,플라이 아웃,손주인 : 중견수 플라이 아웃;,1,0,1,6,말,9,11,1,0,우,우,채태인,,,이재우,용덕한,이원석,고영민,김동주,손시헌,김현수,민병헌,임재철,77463.0,,,71260,74223,75566,72214,98218,73213,76290,76249,99507,,,,,,,,,,,,,,,,,,20090716,SS,OB,삼성,두산,시민,박기택,72,2,-1,20090716OBSS0
직구,이재우,이지영,71260,79456,142,볼,,,,0,0,2,6,말,9,11,0,0,우,우,채태인,,,이재우,용덕한,이원석,고영민,김동주,손시헌,김현수,민병헌,임재철,77463.0,,,71260,74223,75566,72214,98218,73213,76290,76249,99507,,,,,,,,,,,,,,,,,,20090716,SS,OB,삼성,두산,시민,박기택,73,1,-1,20090716OBSS0
슬라이더,이재우,이지영,71260,79456,133,타격,필드 아웃,파울 플라이 아웃,이지영 : 우익수 파울플라이 아웃;,1,0,2,6,말,9,11,1,0,우,우,채태인,,,이재우,용덕한,이원석,고영민,김동주,손시헌,김현수,민병헌,임재철,77463.0,,,71260,74223,75566,72214,98218,73213,76290,76249,99507,,,,,,,,,,,,,,,,,,20090716,SS,OB,삼성,두산,시민,박기택,73,2,-1,20090716OBSS0
포크,정현욱,임재철,96462,99507,121,볼,,,,0,0,0,7,초,9,11,0,0,우,우,,,,정현욱,이지영,채태인,신명철,손주인,김상수,최형우,이영욱,박한이,,,,96462,79456,77463,71504,72456,79402,72443,78467,71432,,,,,,,,,,,,,,,,,,20090716,SS,OB,삼성,두산,시민,박기택,74,1,-1,20090716OBSS0
포크,정현욱,임재철,96462,99507,124,볼,,,,1,0,0,7,초,9,11,0,0,우,우,,,,정현욱,이지영,채태인,신명철,손주인,김상수,최형우,이영욱,박한이,,,,96462,79456,77463,71504,72456,79402,72443,78467,71432,,,,,,,,,,,,,,,,,,20090716,SS,OB,삼성,두산,시민,박기택,74,2,-1,20090716OBSS0
직구,정현욱,임재철,96462,99507,146,볼,,,,2,0,0,7,초,9,11,0,0,우,우,,,,정현욱,이지영,채태인,신명철,손주인,김상수,최형우,이영욱,박한이,,,,96462,79456,77463,71504,72456,79402,72443,78467,71432,,,,,,,,,,,,,,,,,,20090716,SS,OB,삼성,두산,시민,박기택,74,3,-1,20090716OBSS0
직구,정현욱,임재철,96462,99507,142,스트라이크,,,,3,0,0,7,초,9,11,0,0,우,우,,,,정현욱,이지영,채태인,신명철,손주인,김상수,최형우,이영욱,박한이,,,,96462,79456,77463,71504,72456,79402,72443,78467,71432,,,,,,,,,,,,,,,,,,20090716,SS,OB,삼성,두산,시민,박기택,74,4,-1,20090716OBSS0
직구,정현욱,임재철,96462,99507,145,파울,,,,3,1,0,7,초,9,11,0,0,우,우,,,,정현욱,이지영,채태인,신명철,손주인,김상수,최형우,이영욱,박한이,,,,96462,79456,77463,71504,72456,79402,72443,78467,71432,,,,,,,,,,,,,,,,,,20090716,SS,OB,삼성,두산,시민,박기택,74,5,-1,20090716OBSS0
직구,정현욱,임재철,96462,99507,149,볼,볼넷,볼넷,임재철 :  볼넷;,3,2,0,7,초,9,11,0,0,우,우,,,,정현욱,이지영,채태인,신명철,손주인,김상수,최형우,이영욱,박한이,,,,96462,79456,77463,71504,72456,79402,72443,78467,71432,,,,,,,,,,,,,,,,,,20090716,SS,OB,삼성,두산,시민,박기택,74,6,-1,20090716OBSS0
,정현욱,김현수,96462,76290,,,,,투수 정현욱 : 투수 권혁 (으)로 교체;,0,0,0,7,초,9,11,0,0,좌,우,임재철,,,정현욱,이지영,채태인,신명철,손주인,김상수,최형우,이영욱,박한이,99507.0,,,96462,79456,77463,71504,72456,79402,72443,78467,71432,,,,,,,,,,,,,,,,,,20090716,SS,OB,삼성,두산,시민,박기택,75,,,20090716OBSS0
포크,권혁,김현수,72447,76290,128,스트라이크,,,,0,0,0,7,초,9,11,0,0,좌,좌,임재철,,,권혁,이지영,채태인,신명철,손주인,김상수,최형우,이영욱,박한이,99507.0,,,72447,79456,77463,71504,72456,79402,72443,78467,71432,,,,,,,,,,,,,,,,,,20090716,SS,OB,삼성,두산,시민,박기택,75,1,-1,20090716OBSS0
직구,권혁,김현수,72447,76290,142,스트라이크,,,,0,1,0,7,초,9,11,0,0,좌,좌,임재철,,,권혁,이지영,채태인,신명철,손주인,김상수,최형우,이영욱,박한이,99507.0,,,72447,79456,77463,71504,72456,79402,72443,78467,71432,,,,,,,,,,,,,,,,,,20090716,SS,OB,삼성,두산,시민,박기택,75,2,-1,20090716OBSS0
포크,권혁,김현수,72447,76290,124,볼,,,,0,2,0,7,초,9,11,0,0,좌,좌,임재철,,,권혁,이지영,채태인,신명철,손주인,김상수,최형우,이영욱,박한이,99507.0,,,72447,79456,77463,71504,72456,79402,72443,78467,71432,,,,,,,,,,,,,,,,,,20090716,SS,OB,삼성,두산,시민,박기택,75,3,-1,20090716OBSS0
포크,권혁,김현수,72447,76290,128,타격,필드 아웃,플라이 아웃,김현수 : 중견수 플라이 아웃;,1,2,0,7,초,9,11,1,0,좌,좌,임재철,,,권혁,이지영,채태인,신명철,손주인,김상수,최형우,이영욱,박한이,99507.0,,,72447,79456,77463,71504,72456,79402,72443,78467,71432,,,,,,,,,,,,,,,,,,20090716,SS,OB,삼성,두산,시민,박기택,75,4,-1,20090716OBSS0
포크,권혁,김동주,72447,98218,129,스트라이크,,,,0,0,1,7,초,9,11,0,0,우,좌,임재철,,,권혁,이지영,채태인,신명철,손주인,김상수,최형우,이영욱,박한이,99507.0,,,72447,79456,77463,71504,72456,79402,72443,78467,71432,,,,,,,,,,,,,,,,,,20090716,SS,OB,삼성,두산,시민,박기택,76,1,-1,20090716OBSS0
직구,권혁,김동주,72447,98218,142,볼,,,,0,1,1,7,초,9,11,0,0,우,좌,임재철,,,권혁,이지영,채태인,신명철,손주인,김상수,최형우,이영욱,박한이,99507.0,,,72447,79456,77463,71504,72456,79402,72443,78467,71432,,,,,,,,,,,,,,,,,,20090716,SS,OB,삼성,두산,시민,박기택,76,2,-1,20090716OBSS0
직구,권혁,김동주,72447,98218,141,스트라이크,,,,1,1,1,7,초,9,11,0,0,우,좌,임재철,,,권혁,이지영,채태인,신명철,손주인,김상수,최형우,이영욱,박한이,99507.0,,,72447,79456,77463,71504,72456,79402,72443,78467,71432,,,,,,,,,,,,,,,,,,20090716,SS,OB,삼성,두산,시민,박기택,76,3,-1,20090716OBSS0
포크,권혁,김동주,72447,98218,130,파울,,,,1,2,1,7,초,9,11,0,0,우,좌,임재철,,,권혁,이지영,채태인,신명철,손주인,김상수,최형우,이영욱,박한이,99507.0,,,72447,79456,77463,71504,72456,79402,72443,78467,71432,,,,,,,,,,,,,,,,,,20090716,SS,OB,삼성,두산,시민,박기택,76,4,-1,20090716OBSS0
직구,권혁,김동주,72447,98218,142,볼,,,,1,2,1,7,초,9,11,0,0,우,좌,임재철,,,권혁,이지영,채태인,신명철,손주인,김상수,최형우,이영욱,박한이,99507.0,,,72447,79456,77463,71504,72456,79402,72443,78467,71432,,,,,,,,,,,,,,,,,,20090716,SS,OB,삼성,두산,시민,박기택,76,5,-1,20090716OBSS0
포크,권혁,김동주,72447,98218,129,파울,,,,2,2,1,7,초,9,11,0,0,우,좌,임재철,,,권혁,이지영,채태인,신명철,손주인,김상수,최형우,이영욱,박한이,99507.0,,,72447,79456,77463,71504,72456,79402,72443,78467,71432,,,,,,,,,,,,,,,,,,20090716,SS,OB,삼성,두산,시민,박기택,76,6,-1,20090716OBSS0
포크,권혁,김동주,72447,98218,130,타격,병살타,병살타,김동주 : 유격수 병살타 아웃 (유격수->2루수->1루수 송구아웃); 1루주자 임재철 :  포스아웃 (유격수->2루수 2루 터치아웃);,2,2,1,7,초,9,11,2,0,우,좌,임재철,,,권혁,이지영,채태인,신명철,손주인,김상수,최형우,이영욱,박한이,99507.0,,,72447,79456,77463,71504,72456,79402,72443,78467,71432,,,,,,,,,,,,,,,,,,20090716,SS,OB,삼성,두산,시민,박기택,76,7,-1,20090716OBSS0
,이재우,김상수,71260,79402,,,,,투수 이재우 : 투수 금민철 (으)로 교체;,0,0,0,7,말,9,11,0,0,우,우,,,,이재우,용덕한,이원석,고영민,김동주,손시헌,김현수,민병헌,임재철,,,,71260,74223,75566,72214,98218,73213,76290,76249,99507,,,,,,,,,,,,,,,,,,20090716,SS,OB,삼성,두산,시민,박기택,77,,,20090716OBSS0
슬라이더,금민철,김상수,75258,79402,128,스트라이크,,,,0,0,0,7,말,9,11,0,0,우,좌,,,,금민철,용덕한,이원석,고영민,김동주,손시헌,김현수,민병헌,임재철,,,,75258,74223,75566,72214,98218,73213,76290,76249,99507,,,,,,,,,,,,,,,,,,20090716,SS,OB,삼성,두산,시민,박기택,77,1,-1,20090716OBSS0
커브,금민철,김상수,75258,79402,106,볼,,,,0,1,0,7,말,9,11,0,0,우,좌,,,,금민철,용덕한,이원석,고영민,김동주,손시헌,김현수,민병헌,임재철,,,,75258,74223,75566,72214,98218,73213,76290,76249,99507,,,,,,,,,,,,,,,,,,20090716,SS,OB,삼성,두산,시민,박기택,77,2,-1,20090716OBSS0
슬라이더,금민철,김상수,75258,79402,131,타격,포스 아웃,땅볼 아웃,김상수 : 유격수 땅볼 아웃 (유격수->1루수 송구아웃);,1,1,0,7,말,9,11,1,0,우,좌,,,,금민철,용덕한,이원석,고영민,김동주,손시헌,김현수,민병헌,임재철,,,,75258,74223,75566,72214,98218,73213,76290,76249,99507,,,,,,,,,,,,,,,,,,20090716,SS,OB,삼성,두산,시민,박기택,77,3,-1,20090716OBSS0
커브,금민철,박한이,75258,71432,114,스트라이크,,,,0,0,1,7,말,9,11,0,0,좌,좌,,,,금민철,용덕한,이원석,고영민,김동주,손시헌,김현수,민병헌,임재철,,,,75258,74223,75566,72214,98218,73213,76290,76249,99507,,,,,,,,,,,,,,,,,,20090716,SS,OB,삼성,두산,시민,박기택,78,1,-1,20090716OBSS0
커브,금민철,박한이,75258,71432,108,스트라이크,,,,0,1,1,7,말,9,11,0,0,좌,좌,,,,금민철,용덕한,이원석,고영민,김동주,손시헌,김현수,민병헌,임재철,,,,75258,74223,75566,72214,98218,73213,76290,76249,99507,,,,,,,,,,,,,,,,,,20090716,SS,OB,삼성,두산,시민,박기택,78,2,-1,20090716OBSS0
커브,금민철,박한이,75258,71432,118,볼,,,,0,2,1,7,말,9,11,0,0,좌,좌,,,,금민철,용덕한,이원석,고영민,김동주,손시헌,김현수,민병헌,임재철,,,,75258,74223,75566,72214,98218,73213,76290,76249,99507,,,,,,,,,,,,,,,,,,20090716,SS,OB,삼성,두산,시민,박기택,78,3,-1,20090716OBSS0
슬라이더,금민철,박한이,75258,71432,130,타격,안타,안타,박한이 : 중견수 앞 1루타;,1,2,1,7,말,9,11,0,0,좌,좌,,,,금민철,용덕한,이원석,고영민,김동주,손시헌,김현수,민병헌,임재철,,,,75258,74223,75566,72214,98218,73213,76290,76249,99507,,,,,,,,,,,,,,,,,,20090716,SS,OB,삼성,두산,시민,박기택,78,4,-1,20090716OBSS0
직구,금민철,이영욱,75258,78467,135,번트헛스윙,,,,0,0,1,7,말,9,11,0,0,좌,좌,박한이,,,금민철,용덕한,이원석,고영민,김동주,손시헌,김현수,민병헌,임재철,71432.0,,,75258,74223,75566,72214,98218,73213,76290,76249,99507,,,,,,,,,,,,,,,,,,20090716,SS,OB,삼성,두산,시민,박기택,79,1,-1,20090716OBSS0
커브,금민철,이영욱,75258,78467,110,볼,,,,0,1,1,7,말,9,11,0,0,좌,좌,박한이,,,금민철,용덕한,이원석,고영민,김동주,손시헌,김현수,민병헌,임재철,71432.0,,,75258,74223,75566,72214,98218,73213,76290,76249,99507,,,,,,,,,,,,,,,,,,20090716,SS,OB,삼성,두산,시민,박기택,79,2,-1,20090716OBSS0
직구,금민철,이영욱,75258,78467,134,파울,,,,1,1,1,7,말,9,11,0,0,좌,좌,박한이,,,금민철,용덕한,이원석,고영민,김동주,손시헌,김현수,민병헌,임재철,71432.0,,,75258,74223,75566,72214,98218,73213,76290,76249,99507,,,,,,,,,,,,,,,,,,20090716,SS,OB,삼성,두산,시민,박기택,79,3,-1,20090716OBSS0
커브,금민철,이영욱,75258,78467,118,볼,,,,1,2,1,7,말,9,11,0,0,좌,좌,박한이,,,금민철,용덕한,이원석,고영민,김동주,손시헌,김현수,민병헌,임재철,71432.0,,,75258,74223,75566,72214,98218,73213,76290,76249,99507,,,,,,,,,,,,,,,,,,20090716,SS,OB,삼성,두산,시민,박기택,79,4,-1,20090716OBSS0
직구,금민철,이영욱,75258,78467,132,파울,,,,2,2,1,7,말,9,11,0,0,좌,좌,박한이,,,금민철,용덕한,이원석,고영민,김동주,손시헌,김현수,민병헌,임재철,71432.0,,,75258,74223,75566,72214,98218,73213,76290,76249,99507,,,,,,,,,,,,,,,,,,20090716,SS,OB,삼성,두산,시민,박기택,79,5,-1,20090716OBSS0
슬라이더,금민철,이영욱,75258,78467,120,헛스윙,삼진,삼진,이영욱 :  삼진 아웃;,2,2,1,7,말,9,11,0,0,좌,좌,박한이,,,금민철,용덕한,이원석,고영민,김동주,손시헌,김현수,민병헌,임재철,71432.0,,,75258,74223,75566,72214,98218,73213,76290,76249,99507,,,,,,,,,,,,,,,,,,20090716,SS,OB,삼성,두산,시민,박기택,79,6,-1,20090716OBSS0
직구,금민철,양준혁,75258,93410,137,볼,,,,0,0,2,7,말,9,11,0,0,좌,좌,박한이,,,금민철,용덕한,이원석,고영민,김동주,손시헌,김현수,민병헌,임재철,71432.0,,,75258,74223,75566,72214,98218,73213,76290,76249,99507,,,,,,,,,,,,,,,,,,20090716,SS,OB,삼성,두산,시민,박기택,80,1,-1,20090716OBSS0
직구,금민철,양준혁,75258,93410,134,파울,,,,1,0,2,7,말,9,11,0,0,좌,좌,박한이,,,금민철,용덕한,이원석,고영민,김동주,손시헌,김현수,민병헌,임재철,71432.0,,,75258,74223,75566,72214,98218,73213,76290,76249,99507,,,,,,,,,,,,,,,,,,20090716,SS,OB,삼성,두산,시민,박기택,80,2,-1,20090716OBSS0
슬라이더,금민철,양준혁,75258,93410,126,볼,,,,1,1,2,7,말,9,11,0,0,좌,좌,박한이,,,금민철,용덕한,이원석,고영민,김동주,손시헌,김현수,민병헌,임재철,71432.0,,,75258,74223,75566,72214,98218,73213,76290,76249,99507,,,,,,,,,,,,,,,,,,20090716,SS,OB,삼성,두산,시민,박기택,80,3,-1,20090716OBSS0
커브,금민철,양준혁,75258,93410,119,타격,포스 아웃,땅볼 아웃,양준혁 : 2루수 땅볼 아웃 (2루수->1루수 송구아웃);,2,1,2,7,말,9,11,1,0,좌,좌,박한이,,,금민철,용덕한,이원석,고영민,김동주,손시헌,김현수,민병헌,임재철,71432.0,,,75258,74223,75566,72214,98218,73213,76290,76249,99507,,,,,,,,,,,,,,,,,,20090716,SS,OB,삼성,두산,시민,박기택,80,4,-1,20090716OBSS0
직구,권혁,최준석,72447,71552,138,스트라이크,,,,0,0,0,8,초,9,11,0,0,우,좌,,,,권혁,이지영,채태인,신명철,손주인,김상수,최형우,이영욱,박한이,,,,72447,79456,77463,71504,72456,79402,72443,78467,71432,,,,,,,,,,,,,,,,,,20090716,SS,OB,삼성,두산,시민,박기택,81,1,-1,20090716OBSS0
포크,권혁,최준석,72447,71552,130,볼,,,,0,1,0,8,초,9,11,0,0,우,좌,,,,권혁,이지영,채태인,신명철,손주인,김상수,최형우,이영욱,박한이,,,,72447,79456,77463,71504,72456,79402,72443,78467,71432,,,,,,,,,,,,,,,,,,20090716,SS,OB,삼성,두산,시민,박기택,81,2,-1,20090716OBSS0
직구,권혁,최준석,72447,71552,142,타격,필드 아웃,플라이 아웃,최준석 : 좌익수 플라이 아웃;,1,1,0,8,초,9,11,1,0,우,좌,,,,권혁,이지영,채태인,신명철,손주인,김상수,최형우,이영욱,박한이,,,,72447,79456,77463,71504,72456,79402,72443,78467,71432,,,,,,,,,,,,,,,,,,20090716,SS,OB,삼성,두산,시민,박기택,81,3,-1,20090716OBSS0
직구,권혁,손시헌,72447,73213,141,파울,,,,0,0,1,8,초,9,11,0,0,우,좌,,,,권혁,이지영,채태인,신명철,손주인,김상수,최형우,이영욱,박한이,,,,72447,79456,77463,71504,72456,79402,72443,78467,71432,,,,,,,,,,,,,,,,,,20090716,SS,OB,삼성,두산,시민,박기택,82,1,-1,20090716OBSS0
직구,권혁,손시헌,72447,73213,143,볼,,,,0,1,1,8,초,9,11,0,0,우,좌,,,,권혁,이지영,채태인,신명철,손주인,김상수,최형우,이영욱,박한이,,,,72447,79456,77463,71504,72456,79402,72443,78467,71432,,,,,,,,,,,,,,,,,,20090716,SS,OB,삼성,두산,시민,박기택,82,2,-1,20090716OBSS0
직구,권혁,손시헌,72447,73213,141,타격,홈런,홈런,손시헌 : 좌익수 뒤 홈런(홈런거리:120M);,1,1,1,8,초,9,11,0,1,우,좌,,,,권혁,이지영,채태인,신명철,손주인,김상수,최형우,이영욱,박한이,,,,72447,79456,77463,71504,72456,79402,72443,78467,71432,,,,,,,,,,,,,,,,,,20090716,SS,OB,삼성,두산,시민,박기택,82,3,-1,20090716OBSS0
포크,권혁,이원석,72447,75566,130,볼,,,,0,0,1,8,초,10,11,0,0,우,좌,,,,권혁,이지영,채태인,신명철,손주인,김상수,최형우,이영욱,박한이,,,,72447,79456,77463,71504,72456,79402,72443,78467,71432,,,,,,,,,,,,,,,,,,20090716,SS,OB,삼성,두산,시민,박기택,83,1,-1,20090716OBSS0
직구,권혁,이원석,72447,75566,142,타격,안타,안타,이원석 : 우익수 오른쪽 1루타;,1,0,1,8,초,10,11,0,0,우,좌,,,,권혁,이지영,채태인,신명철,손주인,김상수,최형우,이영욱,박한이,,,,72447,79456,77463,71504,72456,79402,72443,78467,71432,,,,,,,,,,,,,,,,,,20090716,SS,OB,삼성,두산,시민,박기택,83,2,-1,20090716OBSS0
,권혁,용덕한,72447,74223,,,,,1루주자 이원석 : 대주자 오재원(으)로 교체;,0,0,1,8,초,10,11,0,0,우,좌,이원석,,,권혁,이지영,채태인,신명철,손주인,김상수,최형우,이영욱,박한이,75566.0,,,72447,79456,77463,71504,72456,79402,72443,78467,71432,,,,,,,,,,,,,,,,,,20090716,SS,OB,삼성,두산,시민,박기택,84,,,20090716OBSS0
포크,권혁,용덕한,72447,74223,128,스트라이크,,,,0,0,1,8,초,10,11,0,0,우,좌,오재원,,,권혁,이지영,채태인,신명철,손주인,김상수,최형우,이영욱,박한이,77248.0,,,72447,79456,77463,71504,72456,79402,72443,78467,71432,,,,,,,,,,,,,,,,,,20090716,SS,OB,삼성,두산,시민,박기택,84,1,-1,20090716OBSS0
직구,권혁,용덕한,72447,74223,142,스트라이크,,,,0,1,1,8,초,10,11,0,0,우,좌,오재원,,,권혁,이지영,채태인,신명철,손주인,김상수,최형우,이영욱,박한이,77248.0,,,72447,79456,77463,71504,72456,79402,72443,78467,71432,,,,,,,,,,,,,,,,,,20090716,SS,OB,삼성,두산,시민,박기택,84,2,-1,20090716OBSS0
포크,권혁,용덕한,72447,74223,129,타격,안타,안타,용덕한 : 우익수 앞 1루타; 1루주자 오재원 :   2루까지 진루;,0,2,1,8,초,10,11,0,0,우,좌,오재원,,,권혁,이지영,채태인,신명철,손주인,김상수,최형우,이영욱,박한이,77248.0,,,72447,79456,77463,71504,72456,79402,72443,78467,71432,,,,,,,,,,,,,,,,,,20090716,SS,OB,삼성,두산,시민,박기택,84,3,-1,20090716OBSS0
포크,권혁,민병헌,72447,76249,128,볼,,,,0,0,1,8,초,10,11,0,0,우,좌,용덕한,오재원,,권혁,이지영,채태인,신명철,손주인,김상수,최형우,이영욱,박한이,74223.0,77248.0,,72447,79456,77463,71504,72456,79402,72443,78467,71432,,,,,,,,,,,,,,,,,,20090716,SS,OB,삼성,두산,시민,박기택,85,1,-1,20090716OBSS0
포크,권혁,민병헌,72447,76249,130,타격,포스 아웃,땅볼 아웃,민병헌 : 유격수 앞 땅볼로 출루; 1루주자 용덕한 :  포스아웃 (유격수->2루수 2루 터치아웃); 2루주자 오재원 :   3루까지 진루;,1,0,1,8,초,10,11,1,0,우,좌,용덕한,오재원,,권혁,이지영,채태인,신명철,손주인,김상수,최형우,이영욱,박한이,74223.0,77248.0,,72447,79456,77463,71504,72456,79402,72443,78467,71432,,,,,,,,,,,,,,,,,,20090716,SS,OB,삼성,두산,시민,박기택,85,2,-1,20090716OBSS0
포크,권혁,고영민,72447,72214,128,볼,,,,0,0,2,8,초,10,11,0,0,우,좌,민병헌,,오재원,권혁,이지영,채태인,신명철,손주인,김상수,최형우,이영욱,박한이,76249.0,,77248.0,72447,79456,77463,71504,72456,79402,72443,78467,71432,,,,,,,,,,,,,,,,,,20090716,SS,OB,삼성,두산,시민,박기택,86,1,-1,20090716OBSS0
포크,권혁,고영민,72447,72214,129,스트라이크,,,,1,0,2,8,초,10,11,0,0,우,좌,민병헌,,오재원,권혁,이지영,채태인,신명철,손주인,김상수,최형우,이영욱,박한이,76249.0,,77248.0,72447,79456,77463,71504,72456,79402,72443,78467,71432,,,,,,,,,,,,,,,,,,20090716,SS,OB,삼성,두산,시민,박기택,86,2,-1,20090716OBSS0
포크,권혁,고영민,72447,72214,130,헛스윙,,,,1,1,2,8,초,10,11,0,0,우,좌,민병헌,,오재원,권혁,이지영,채태인,신명철,손주인,김상수,최형우,이영욱,박한이,76249.0,,77248.0,72447,79456,77463,71504,72456,79402,72443,78467,71432,,,,,,,,,,,,,,,,,,20090716,SS,OB,삼성,두산,시민,박기택,86,3,-1,20090716OBSS0
,권혁,고영민,72447,72214,,,,,1루주자 민병헌 :  도루로 2루까지 진루;,1,2,2,8,초,10,11,0,0,우,좌,민병헌,,오재원,권혁,이지영,채태인,신명철,손주인,김상수,최형우,이영욱,박한이,76249.0,,77248.0,72447,79456,77463,71504,72456,79402,72443,78467,71432,,,,,,,,,,,,,,,,,,20090716,SS,OB,삼성,두산,시민,박기택,86,,,20090716OBSS0
포크,권혁,고영민,72447,72214,132,타격,포스 아웃,땅볼 아웃,고영민 : 유격수 땅볼 아웃 (유격수->1루수 송구아웃);,1,2,2,8,초,10,11,1,0,우,좌,,민병헌,오재원,권혁,이지영,채태인,신명철,손주인,김상수,최형우,이영욱,박한이,,76249.0,77248.0,72447,79456,77463,71504,72456,79402,72443,78467,71432,,,,,,,,,,,,,,,,,,20090716,SS,OB,삼성,두산,시민,박기택,86,4,-1,20090716OBSS0
,금민철,최형우,75258,72443,,,,,대주자 오재원 : 1루수(으)로 수비위치 변경;,0,0,0,8,말,10,11,0,0,좌,좌,,,,금민철,용덕한,이원석,고영민,김동주,손시헌,김현수,민병헌,임재철,,,,75258,74223,75566,72214,98218,73213,76290,76249,99507,,,,,,,,,,,,,,,,,,20090716,SS,OB,삼성,두산,시민,박기택,87,,,20090716OBSS0
직구,금민철,최형우,75258,72443,132,스트라이크,,,,0,0,0,8,말,10,11,0,0,좌,좌,,,,금민철,용덕한,오재원,고영민,김동주,손시헌,김현수,민병헌,임재철,,,,75258,74223,77248,72214,98218,73213,76290,76249,99507,,,,,,,,,,,,,,,,,,20090716,SS,OB,삼성,두산,시민,박기택,87,1,-1,20090716OBSS0
직구,금민철,최형우,75258,72443,134,볼,,,,0,1,0,8,말,10,11,0,0,좌,좌,,,,금민철,용덕한,오재원,고영민,김동주,손시헌,김현수,민병헌,임재철,,,,75258,74223,77248,72214,98218,73213,76290,76249,99507,,,,,,,,,,,,,,,,,,20090716,SS,OB,삼성,두산,시민,박기택,87,2,-1,20090716OBSS0
커브,금민철,최형우,75258,72443,118,볼,,,,1,1,0,8,말,10,11,0,0,좌,좌,,,,금민철,용덕한,오재원,고영민,김동주,손시헌,김현수,민병헌,임재철,,,,75258,74223,77248,72214,98218,73213,76290,76249,99507,,,,,,,,,,,,,,,,,,20090716,SS,OB,삼성,두산,시민,박기택,87,3,-1,20090716OBSS0
직구,금민철,최형우,75258,72443,135,파울,,,,2,1,0,8,말,10,11,0,0,좌,좌,,,,금민철,용덕한,오재원,고영민,김동주,손시헌,김현수,민병헌,임재철,,,,75258,74223,77248,72214,98218,73213,76290,76249,99507,,,,,,,,,,,,,,,,,,20090716,SS,OB,삼성,두산,시민,박기택,87,4,-1,20090716OBSS0
직구,금민철,최형우,75258,72443,151,타격,포스 아웃,땅볼 아웃,최형우 : 유격수 땅볼 아웃 (유격수->1루수 송구아웃);,2,2,0,8,말,10,11,1,0,좌,좌,,,,금민철,용덕한,오재원,고영민,김동주,손시헌,김현수,민병헌,임재철,,,,75258,74223,77248,72214,98218,73213,76290,76249,99507,,,,,,,,,,,,,,,,,,20090716,SS,OB,삼성,두산,시민,박기택,87,5,-1,20090716OBSS0
커브,금민철,신명철,75258,71504,115,파울,,,,0,0,1,8,말,10,11,0,0,우,좌,,,,금민철,용덕한,오재원,고영민,김동주,손시헌,김현수,민병헌,임재철,,,,75258,74223,77248,72214,98218,73213,76290,76249,99507,,,,,,,,,,,,,,,,,,20090716,SS,OB,삼성,두산,시민,박기택,88,1,-1,20090716OBSS0
커브,금민철,신명철,75258,71504,111,볼,,,,0,1,1,8,말,10,11,0,0,우,좌,,,,금민철,용덕한,오재원,고영민,김동주,손시헌,김현수,민병헌,임재철,,,,75258,74223,77248,72214,98218,73213,76290,76249,99507,,,,,,,,,,,,,,,,,,20090716,SS,OB,삼성,두산,시민,박기택,88,2,-1,20090716OBSS0
슬라이더,금민철,신명철,75258,71504,121,타격,포스 아웃,땅볼 아웃,신명철 : 유격수 땅볼 아웃 (유격수->1루수 송구아웃);,1,1,1,8,말,10,11,1,0,우,좌,,,,금민철,용덕한,오재원,고영민,김동주,손시헌,김현수,민병헌,임재철,,,,75258,74223,77248,72214,98218,73213,76290,76249,99507,,,,,,,,,,,,,,,,,,20090716,SS,OB,삼성,두산,시민,박기택,88,3,-1,20090716OBSS0
커브,금민철,채태인,75258,77463,115,볼,,,,0,0,2,8,말,10,11,0,0,좌,좌,,,,금민철,용덕한,오재원,고영민,김동주,손시헌,김현수,민병헌,임재철,,,,75258,74223,77248,72214,98218,73213,76290,76249,99507,,,,,,,,,,,,,,,,,,20090716,SS,OB,삼성,두산,시민,박기택,89,1,-1,20090716OBSS0
커브,금민철,채태인,75258,77463,119,타격,포스 아웃,땅볼 아웃,채태인 : 3루수 땅볼 아웃 (3루수->1루수 송구아웃);,1,0,2,8,말,10,11,1,0,좌,좌,,,,금민철,용덕한,오재원,고영민,김동주,손시헌,김현수,민병헌,임재철,,,,75258,74223,77248,72214,98218,73213,76290,76249,99507,,,,,,,,,,,,,,,,,,20090716,SS,OB,삼성,두산,시민,박기택,89,2,-1,20090716OBSS0
,권혁,임재철,72447,99507,,,,,투수 권혁 : 투수 오승환 (으)로 교체; 좌익수 최형우 : 좌익수 김창희 (으)로 교체;,0,0,0,9,초,10,11,0,0,우,좌,,,,권혁,이지영,채태인,신명철,손주인,김상수,최형우,이영욱,박한이,,,,72447,79456,77463,71504,72456,79402,72443,78467,71432,,,,,,,,,,,,,,,,,,20090716,SS,OB,삼성,두산,시민,박기택,90,,,20090716OBSS0
직구,오승환,임재철,75421,99507,145,볼,,,,0,0,0,9,초,10,11,0,0,우,우,,,,오승환,이지영,채태인,신명철,손주인,김상수,김창희,이영욱,박한이,,,,75421,79456,77463,71504,72456,79402,97644,78467,71432,,,,,,,,,,,,,,,,,,20090716,SS,OB,삼성,두산,시민,박기택,90,1,-1,20090716OBSS0
직구,오승환,임재철,75421,99507,146,스트라이크,,,,1,0,0,9,초,10,11,0,0,우,우,,,,오승환,이지영,채태인,신명철,손주인,김상수,김창희,이영욱,박한이,,,,75421,79456,77463,71504,72456,79402,97644,78467,71432,,,,,,,,,,,,,,,,,,20090716,SS,OB,삼성,두산,시민,박기택,90,2,-1,20090716OBSS0
직구,오승환,임재철,75421,99507,147,헛스윙,,,,1,1,0,9,초,10,11,0,0,우,우,,,,오승환,이지영,채태인,신명철,손주인,김상수,김창희,이영욱,박한이,,,,75421,79456,77463,71504,72456,79402,97644,78467,71432,,,,,,,,,,,,,,,,,,20090716,SS,OB,삼성,두산,시민,박기택,90,3,-1,20090716OBSS0
직구,오승환,임재철,75421,99507,148,스트라이크,삼진,삼진,임재철 :  삼진 아웃;,1,2,0,9,초,10,11,0,0,우,우,,,,오승환,이지영,채태인,신명철,손주인,김상수,김창희,이영욱,박한이,,,,75421,79456,77463,71504,72456,79402,97644,78467,71432,,,,,,,,,,,,,,,,,,20090716,SS,OB,삼성,두산,시민,박기택,90,4,-1,20090716OBSS0
직구,오승환,김현수,75421,76290,147,파울,,,,0,0,1,9,초,10,11,0,0,좌,우,,,,오승환,이지영,채태인,신명철,손주인,김상수,김창희,이영욱,박한이,,,,75421,79456,77463,71504,72456,79402,97644,78467,71432,,,,,,,,,,,,,,,,,,20090716,SS,OB,삼성,두산,시민,박기택,91,1,-1,20090716OBSS0
직구,오승환,김현수,75421,76290,147,볼,,,,0,1,1,9,초,10,11,0,0,좌,우,,,,오승환,이지영,채태인,신명철,손주인,김상수,김창희,이영욱,박한이,,,,75421,79456,77463,71504,72456,79402,97644,78467,71432,,,,,,,,,,,,,,,,,,20090716,SS,OB,삼성,두산,시민,박기택,91,2,-1,20090716OBSS0
직구,오승환,김현수,75421,76290,144,파울,,,,1,1,1,9,초,10,11,0,0,좌,우,,,,오승환,이지영,채태인,신명철,손주인,김상수,김창희,이영욱,박한이,,,,75421,79456,77463,71504,72456,79402,97644,78467,71432,,,,,,,,,,,,,,,,,,20090716,SS,OB,삼성,두산,시민,박기택,91,3,-1,20090716OBSS0
슬라이더,오승환,김현수,75421,76290,128,파울,,,,1,2,1,9,초,10,11,0,0,좌,우,,,,오승환,이지영,채태인,신명철,손주인,김상수,김창희,이영욱,박한이,,,,75421,79456,77463,71504,72456,79402,97644,78467,71432,,,,,,,,,,,,,,,,,,20090716,SS,OB,삼성,두산,시민,박기택,91,4,-1,20090716OBSS0
직구,오승환,김현수,75421,76290,146,볼,,,,1,2,1,9,초,10,11,0,0,좌,우,,,,오승환,이지영,채태인,신명철,손주인,김상수,김창희,이영욱,박한이,,,,75421,79456,77463,71504,72456,79402,97644,78467,71432,,,,,,,,,,,,,,,,,,20090716,SS,OB,삼성,두산,시민,박기택,91,5,-1,20090716OBSS0
직구,오승환,김현수,75421,76290,146,타격,안타,안타,김현수 : 중견수 왼쪽 1루타;,2,2,1,9,초,10,11,0,0,좌,우,,,,오승환,이지영,채태인,신명철,손주인,김상수,김창희,이영욱,박한이,,,,75421,79456,77463,71504,72456,79402,97644,78467,71432,,,,,,,,,,,,,,,,,,20090716,SS,OB,삼성,두산,시민,박기택,91,6,-1,20090716OBSS0
,오승환,김동주,75421,98218,,,,,1루주자 김현수 : 대주자 정수빈(으)로 교체;,0,0,1,9,초,10,11,0,0,우,우,김현수,,,오승환,이지영,채태인,신명철,손주인,김상수,김창희,이영욱,박한이,76290.0,,,75421,79456,77463,71504,72456,79402,97644,78467,71432,,,,,,,,,,,,,,,,,,20090716,SS,OB,삼성,두산,시민,박기택,92,,,20090716OBSS0
직구,오승환,김동주,75421,98218,143,스트라이크,,,,0,0,1,9,초,10,11,0,0,우,우,정수빈,,,오승환,이지영,채태인,신명철,손주인,김상수,김창희,이영욱,박한이,79231.0,,,75421,79456,77463,71504,72456,79402,97644,78467,71432,,,,,,,,,,,,,,,,,,20090716,SS,OB,삼성,두산,시민,박기택,92,1,-1,20090716OBSS0
직구,오승환,김동주,75421,98218,140,볼,,,,0,1,1,9,초,10,11,0,0,우,우,정수빈,,,오승환,이지영,채태인,신명철,손주인,김상수,김창희,이영욱,박한이,79231.0,,,75421,79456,77463,71504,72456,79402,97644,78467,71432,,,,,,,,,,,,,,,,,,20090716,SS,OB,삼성,두산,시민,박기택,92,2,-1,20090716OBSS0
직구,오승환,김동주,75421,98218,144,볼,,,,1,1,1,9,초,10,11,0,0,우,우,정수빈,,,오승환,이지영,채태인,신명철,손주인,김상수,김창희,이영욱,박한이,79231.0,,,75421,79456,77463,71504,72456,79402,97644,78467,71432,,,,,,,,,,,,,,,,,,20090716,SS,OB,삼성,두산,시민,박기택,92,3,-1,20090716OBSS0
슬라이더,오승환,김동주,75421,98218,124,볼,,,,2,1,1,9,초,10,11,0,0,우,우,정수빈,,,오승환,이지영,채태인,신명철,손주인,김상수,김창희,이영욱,박한이,79231.0,,,75421,79456,77463,71504,72456,79402,97644,78467,71432,,,,,,,,,,,,,,,,,,20090716,SS,OB,삼성,두산,시민,박기택,92,4,-1,20090716OBSS0
슬라이더,오승환,김동주,75421,98218,123,볼,볼넷,볼넷,김동주 :  볼넷; 1루주자 정수빈 :   2루까지 진루;,3,1,1,9,초,10,11,0,0,우,우,정수빈,,,오승환,이지영,채태인,신명철,손주인,김상수,김창희,이영욱,박한이,79231.0,,,75421,79456,77463,71504,72456,79402,97644,78467,71432,,,,,,,,,,,,,,,,,,20090716,SS,OB,삼성,두산,시민,박기택,92,5,-1,20090716OBSS0
,오승환,최준석,75421,71552,,,,,1루주자 김동주 : 대주자 김재호(으)로 교체;,0,0,1,9,초,10,11,0,0,우,우,김동주,정수빈,,오승환,이지영,채태인,신명철,손주인,김상수,김창희,이영욱,박한이,98218.0,79231.0,,75421,79456,77463,71504,72456,79402,97644,78467,71432,,,,,,,,,,,,,,,,,,20090716,SS,OB,삼성,두산,시민,박기택,93,,,20090716OBSS0
직구,오승환,최준석,75421,71552,135,볼,,,,0,0,1,9,초,10,11,0,0,우,우,김재호,정수빈,,오승환,이지영,채태인,신명철,손주인,김상수,김창희,이영욱,박한이,74206.0,79231.0,,75421,79456,77463,71504,72456,79402,97644,78467,71432,,,,,,,,,,,,,,,,,,20090716,SS,OB,삼성,두산,시민,박기택,93,1,-1,20090716OBSS0
직구,오승환,최준석,75421,71552,137,볼,,,,1,0,1,9,초,10,11,0,0,우,우,김재호,정수빈,,오승환,이지영,채태인,신명철,손주인,김상수,김창희,이영욱,박한이,74206.0,79231.0,,75421,79456,77463,71504,72456,79402,97644,78467,71432,,,,,,,,,,,,,,,,,,20090716,SS,OB,삼성,두산,시민,박기택,93,2,-1,20090716OBSS0
,오승환,최준석,75421,71552,,,,,투수 오승환 : 투수 배영수 (으)로 교체;,2,0,1,9,초,10,11,0,0,우,우,김재호,정수빈,,오승환,이지영,채태인,신명철,손주인,김상수,김창희,이영욱,박한이,74206.0,79231.0,,75421,79456,77463,71504,72456,79402,97644,78467,71432,,,,,,,,,,,,,,,,,,20090716,SS,OB,삼성,두산,시민,박기택,93,,,20090716OBSS0
직구,배영수,최준석,70425,71552,142,볼,,,,2,0,1,9,초,10,11,0,0,우,우,김재호,정수빈,,배영수,이지영,채태인,신명철,손주인,김상수,김창희,이영욱,박한이,74206.0,79231.0,,70425,79456,77463,71504,72456,79402,97644,78467,71432,,,,,,,,,,,,,,,,,,20090716,SS,OB,삼성,두산,시민,박기택,93,3,-1,20090716OBSS0
직구,배영수,최준석,70425,71552,139,볼,볼넷,볼넷,최준석 :  볼넷; 1루주자 김재호 :   2루까지 진루; 2루주자 정수빈 :   3루까지 진루;,3,0,1,9,초,10,11,0,0,우,우,김재호,정수빈,,배영수,이지영,채태인,신명철,손주인,김상수,김창희,이영욱,박한이,74206.0,79231.0,,70425,79456,77463,71504,72456,79402,97644,78467,71432,,,,,,,,,,,,,,,,,,20090716,SS,OB,삼성,두산,시민,박기택,93,4,-1,20090716OBSS0
,배영수,손시헌,70425,73213,,,,,1루주자 최준석 : 대주자 이대수(으)로 교체;,0,0,1,9,초,10,11,0,0,우,우,최준석,김재호,정수빈,배영수,이지영,채태인,신명철,손주인,김상수,김창희,이영욱,박한이,71552.0,74206.0,79231.0,70425,79456,77463,71504,72456,79402,97644,78467,71432,,,,,,,,,,,,,,,,,,20090716,SS,OB,삼성,두산,시민,박기택,94,,,20090716OBSS0
직구,배영수,손시헌,70425,73213,142,볼,,,,0,0,1,9,초,10,11,0,0,우,우,이대수,김재호,정수빈,배영수,이지영,채태인,신명철,손주인,김상수,김창희,이영욱,박한이,72860.0,74206.0,79231.0,70425,79456,77463,71504,72456,79402,97644,78467,71432,,,,,,,,,,,,,,,,,,20090716,SS,OB,삼성,두산,시민,박기택,94,1,-1,20090716OBSS0
직구,배영수,손시헌,70425,73213,142,타격,안타,안타,손시헌 : 중견수 오른쪽 1루타; 1루주자 이대수 :   2루까지 진루; 2루주자 김재호 :  홈인; 3루주자 정수빈 :  홈인;,1,0,1,9,초,10,11,0,2,우,우,이대수,김재호,정수빈,배영수,이지영,채태인,신명철,손주인,김상수,김창희,이영욱,박한이,72860.0,74206.0,79231.0,70425,79456,77463,71504,72456,79402,97644,78467,71432,,,,,,,,,,,,,,,,,,20090716,SS,OB,삼성,두산,시민,박기택,94,2,-1,20090716OBSS0
직구,배영수,오재원,70425,77248,140,스트라이크,,,,0,0,1,9,초,12,11,0,0,좌,우,손시헌,이대수,,배영수,이지영,채태인,신명철,손주인,김상수,김창희,이영욱,박한이,73213.0,72860.0,,70425,79456,77463,71504,72456,79402,97644,78467,71432,,,,,,,,,,,,,,,,,,20090716,SS,OB,삼성,두산,시민,박기택,95,1,-1,20090716OBSS0
체인지업,배영수,오재원,70425,77248,133,볼,,,,0,1,1,9,초,12,11,0,0,좌,우,손시헌,이대수,,배영수,이지영,채태인,신명철,손주인,김상수,김창희,이영욱,박한이,73213.0,72860.0,,70425,79456,77463,71504,72456,79402,97644,78467,71432,,,,,,,,,,,,,,,,,,20090716,SS,OB,삼성,두산,시민,박기택,95,2,-1,20090716OBSS0
직구,배영수,오재원,70425,77248,143,타격,필드 아웃,번트 아웃,오재원 : 포수 번트 아웃 (포수->1루수 송구아웃); 1루주자 손시헌 :   2루까지 진루; 2루주자 이대수 :   3루까지 진루;,1,1,1,9,초,12,11,1,0,좌,우,손시헌,이대수,,배영수,이지영,채태인,신명철,손주인,김상수,김창희,이영욱,박한이,73213.0,72860.0,,70425,79456,77463,71504,72456,79402,97644,78467,71432,,,,,,,,,,,,,,,,,,20090716,SS,OB,삼성,두산,시민,박기택,95,3,-1,20090716OBSS0
직구,배영수,용덕한,70425,74223,140,타격,필드 아웃,파울 플라이 아웃,용덕한 : 좌익수 파울플라이 아웃;,0,0,2,9,초,12,11,1,0,우,우,,손시헌,이대수,배영수,이지영,채태인,신명철,손주인,김상수,김창희,이영욱,박한이,,73213.0,72860.0,70425,79456,77463,71504,72456,79402,97644,78467,71432,,,,,,,,,,,,,,,,,,20090716,SS,OB,삼성,두산,시민,박기택,96,1,-1,20090716OBSS0
,금민철,손주인,75258,72456,,,,,투수 금민철 : 투수 임태훈 (으)로 교체; 대주자 정수빈 : 중견수(으)로 수비위치 변경; 대주자 김재호 : 3루수(으)로 수비위치 변경; 대주자 이대수 : 지명타자(으)로 수비위치 변경; 중견수 민병헌 : 좌익수(으)로 수비위치 변경;,0,0,0,9,말,12,11,0,0,우,좌,,,,금민철,용덕한,오재원,고영민,김동주,손시헌,김현수,민병헌,임재철,,,,75258,74223,77248,72214,98218,73213,76290,76249,99507,,,,,,,,,,,,,,,,,,20090716,SS,OB,삼성,두산,시민,박기택,97,,,20090716OBSS0
직구,임태훈,손주인,77251,72456,144,스트라이크,,,,0,0,0,9,말,12,11,0,0,우,우,,,,임태훈,용덕한,오재원,고영민,김재호,손시헌,민병헌,정수빈,임재철,,,,77251,74223,77248,72214,74206,73213,76249,79231,99507,,,,,,,,,,,,,,,,,,20090716,SS,OB,삼성,두산,시민,박기택,97,1,-1,20090716OBSS0
직구,임태훈,손주인,77251,72456,144,볼,,,,0,1,0,9,말,12,11,0,0,우,우,,,,임태훈,용덕한,오재원,고영민,김재호,손시헌,민병헌,정수빈,임재철,,,,77251,74223,77248,72214,74206,73213,76249,79231,99507,,,,,,,,,,,,,,,,,,20090716,SS,OB,삼성,두산,시민,박기택,97,2,-1,20090716OBSS0
슬라이더,임태훈,손주인,77251,72456,129,스트라이크,,,,1,1,0,9,말,12,11,0,0,우,우,,,,임태훈,용덕한,오재원,고영민,김재호,손시헌,민병헌,정수빈,임재철,,,,77251,74223,77248,72214,74206,73213,76249,79231,99507,,,,,,,,,,,,,,,,,,20090716,SS,OB,삼성,두산,시민,박기택,97,3,-1,20090716OBSS0
슬라이더,임태훈,손주인,77251,72456,129,볼,,,,1,2,0,9,말,12,11,0,0,우,우,,,,임태훈,용덕한,오재원,고영민,김재호,손시헌,민병헌,정수빈,임재철,,,,77251,74223,77248,72214,74206,73213,76249,79231,99507,,,,,,,,,,,,,,,,,,20090716,SS,OB,삼성,두산,시민,박기택,97,4,-1,20090716OBSS0
직구,임태훈,손주인,77251,72456,145,파울,,,,2,2,0,9,말,12,11,0,0,우,우,,,,임태훈,용덕한,오재원,고영민,김재호,손시헌,민병헌,정수빈,임재철,,,,77251,74223,77248,72214,74206,73213,76249,79231,99507,,,,,,,,,,,,,,,,,,20090716,SS,OB,삼성,두산,시민,박기택,97,5,-1,20090716OBSS0
직구,임태훈,손주인,77251,72456,147,파울,,,,2,2,0,9,말,12,11,0,0,우,우,,,,임태훈,용덕한,오재원,고영민,김재호,손시헌,민병헌,정수빈,임재철,,,,77251,74223,77248,72214,74206,73213,76249,79231,99507,,,,,,,,,,,,,,,,,,20090716,SS,OB,삼성,두산,시민,박기택,97,6,-1,20090716OBSS0
직구,임태훈,손주인,77251,72456,144,볼,,,,2,2,0,9,말,12,11,0,0,우,우,,,,임태훈,용덕한,오재원,고영민,김재호,손시헌,민병헌,정수빈,임재철,,,,77251,74223,77248,72214,74206,73213,76249,79231,99507,,,,,,,,,,,,,,,,,,20090716,SS,OB,삼성,두산,시민,박기택,97,7,-1,20090716OBSS0
직구,임태훈,손주인,77251,72456,145,파울,,,,3,2,0,9,말,12,11,0,0,우,우,,,,임태훈,용덕한,오재원,고영민,김재호,손시헌,민병헌,정수빈,임재철,,,,77251,74223,77248,72214,74206,73213,76249,79231,99507,,,,,,,,,,,,,,,,,,20090716,SS,OB,삼성,두산,시민,박기택,97,8,-1,20090716OBSS0
직구,임태훈,손주인,77251,72456,143,타격,포스 아웃,땅볼 아웃,손주인 : 2루수 땅볼 아웃 (2루수->1루수 송구아웃);,3,2,0,9,말,12,11,1,0,우,우,,,,임태훈,용덕한,오재원,고영민,김재호,손시헌,민병헌,정수빈,임재철,,,,77251,74223,77248,72214,74206,73213,76249,79231,99507,,,,,,,,,,,,,,,,,,20090716,SS,OB,삼성,두산,시민,박기택,97,9,-1,20090716OBSS0
직구,임태훈,이지영,77251,79456,146,볼,,,,0,0,1,9,말,12,11,0,0,우,우,,,,임태훈,용덕한,오재원,고영민,김재호,손시헌,민병헌,정수빈,임재철,,,,77251,74223,77248,72214,74206,73213,76249,79231,99507,,,,,,,,,,,,,,,,,,20090716,SS,OB,삼성,두산,시민,박기택,98,1,-1,20090716OBSS0
슬라이더,임태훈,이지영,77251,79456,125,볼,,,,1,0,1,9,말,12,11,0,0,우,우,,,,임태훈,용덕한,오재원,고영민,김재호,손시헌,민병헌,정수빈,임재철,,,,77251,74223,77248,72214,74206,73213,76249,79231,99507,,,,,,,,,,,,,,,,,,20090716,SS,OB,삼성,두산,시민,박기택,98,2,-1,20090716OBSS0
직구,임태훈,이지영,77251,79456,144,볼,,,,2,0,1,9,말,12,11,0,0,우,우,,,,임태훈,용덕한,오재원,고영민,김재호,손시헌,민병헌,정수빈,임재철,,,,77251,74223,77248,72214,74206,73213,76249,79231,99507,,,,,,,,,,,,,,,,,,20090716,SS,OB,삼성,두산,시민,박기택,98,3,-1,20090716OBSS0
직구,임태훈,이지영,77251,79456,146,스트라이크,,,,3,0,1,9,말,12,11,0,0,우,우,,,,임태훈,용덕한,오재원,고영민,김재호,손시헌,민병헌,정수빈,임재철,,,,77251,74223,77248,72214,74206,73213,76249,79231,99507,,,,,,,,,,,,,,,,,,20090716,SS,OB,삼성,두산,시민,박기택,98,4,-1,20090716OBSS0
직구,임태훈,이지영,77251,79456,144,파울,,,,3,1,1,9,말,12,11,0,0,우,우,,,,임태훈,용덕한,오재원,고영민,김재호,손시헌,민병헌,정수빈,임재철,,,,77251,74223,77248,72214,74206,73213,76249,79231,99507,,,,,,,,,,,,,,,,,,20090716,SS,OB,삼성,두산,시민,박기택,98,5,-1,20090716OBSS0
직구,임태훈,이지영,77251,79456,145,파울,,,,3,2,1,9,말,12,11,0,0,우,우,,,,임태훈,용덕한,오재원,고영민,김재호,손시헌,민병헌,정수빈,임재철,,,,77251,74223,77248,72214,74206,73213,76249,79231,99507,,,,,,,,,,,,,,,,,,20090716,SS,OB,삼성,두산,시민,박기택,98,6,-1,20090716OBSS0
직구,임태훈,이지영,77251,79456,146,헛스윙,삼진,삼진,이지영 :  삼진 아웃;,3,2,1,9,말,12,11,0,0,우,우,,,,임태훈,용덕한,오재원,고영민,김재호,손시헌,민병헌,정수빈,임재철,,,,77251,74223,77248,72214,74206,73213,76249,79231,99507,,,,,,,,,,,,,,,,,,20090716,SS,OB,삼성,두산,시민,박기택,98,7,-1,20090716OBSS0
,임태훈,김상수,77251,79402,,,,,투수 임태훈 : 투수 이용찬 (으)로 교체;,0,0,2,9,말,12,11,0,0,우,우,,,,임태훈,용덕한,오재원,고영민,김재호,손시헌,민병헌,정수빈,임재철,,,,77251,74223,77248,72214,74206,73213,76249,79231,99507,,,,,,,,,,,,,,,,,,20090716,SS,OB,삼성,두산,시민,박기택,99,,,20090716OBSS0
직구,이용찬,김상수,77211,79402,147,스트라이크,,,,0,0,2,9,말,12,11,0,0,우,우,,,,이용찬,용덕한,오재원,고영민,김재호,손시헌,민병헌,정수빈,임재철,,,,77211,74223,77248,72214,74206,73213,76249,79231,99507,,,,,,,,,,,,,,,,,,20090716,SS,OB,삼성,두산,시민,박기택,99,1,-1,20090716OBSS0
슬라이더,이용찬,김상수,77211,79402,129,스트라이크,,,,0,1,2,9,말,12,11,0,0,우,우,,,,이용찬,용덕한,오재원,고영민,김재호,손시헌,민병헌,정수빈,임재철,,,,77211,74223,77248,72214,74206,73213,76249,79231,99507,,,,,,,,,,,,,,,,,,20090716,SS,OB,삼성,두산,시민,박기택,99,2,-1,20090716OBSS0
직구,이용찬,김상수,77211,79402,148,볼,,,,0,2,2,9,말,12,11,0,0,우,우,,,,이용찬,용덕한,오재원,고영민,김재호,손시헌,민병헌,정수빈,임재철,,,,77211,74223,77248,72214,74206,73213,76249,79231,99507,,,,,,,,,,,,,,,,,,20090716,SS,OB,삼성,두산,시민,박기택,99,3,-1,20090716OBSS0
직구,이용찬,김상수,77211,79402,149,볼,,,,1,2,2,9,말,12,11,0,0,우,우,,,,이용찬,용덕한,오재원,고영민,김재호,손시헌,민병헌,정수빈,임재철,,,,77211,74223,77248,72214,74206,73213,76249,79231,99507,,,,,,,,,,,,,,,,,,20090716,SS,OB,삼성,두산,시민,박기택,99,4,-1,20090716OBSS0
슬라이더,이용찬,김상수,77211,79402,131,볼,,,,2,2,2,9,말,12,11,0,0,우,우,,,,이용찬,용덕한,오재원,고영민,김재호,손시헌,민병헌,정수빈,임재철,,,,77211,74223,77248,72214,74206,73213,76249,79231,99507,,,,,,,,,,,,,,,,,,20090716,SS,OB,삼성,두산,시민,박기택,99,5,-1,20090716OBSS0
직구,이용찬,김상수,77211,79402,149,파울,,,,3,2,2,9,말,12,11,0,0,우,우,,,,이용찬,용덕한,오재원,고영민,김재호,손시헌,민병헌,정수빈,임재철,,,,77211,74223,77248,72214,74206,73213,76249,79231,99507,,,,,,,,,,,,,,,,,,20090716,SS,OB,삼성,두산,시민,박기택,99,6,-1,20090716OBSS0
직구,이용찬,김상수,77211,79402,148,볼,볼넷,볼넷,김상수 :  볼넷;,3,2,2,9,말,12,11,0,0,우,우,,,,이용찬,용덕한,오재원,고영민,김재호,손시헌,민병헌,정수빈,임재철,,,,77211,74223,77248,72214,74206,73213,76249,79231,99507,,,,,,,,,,,,,,,,,,20090716,SS,OB,삼성,두산,시민,박기택,99,7,-1,20090716OBSS0
직구,이용찬,박한이,77211,71432,146,볼,,,,0,0,2,9,말,12,11,0,0,좌,우,김상수,,,이용찬,용덕한,오재원,고영민,김재호,손시헌,민병헌,정수빈,임재철,79402.0,,,77211,74223,77248,72214,74206,73213,76249,79231,99507,,,,,,,,,,,,,,,,,,20090716,SS,OB,삼성,두산,시민,박기택,100,1,-1,20090716OBSS0
슬라이더,이용찬,박한이,77211,71432,129,스트라이크,,,,1,0,2,9,말,12,11,0,0,좌,우,김상수,,,이용찬,용덕한,오재원,고영민,김재호,손시헌,민병헌,정수빈,임재철,79402.0,,,77211,74223,77248,72214,74206,73213,76249,79231,99507,,,,,,,,,,,,,,,,,,20090716,SS,OB,삼성,두산,시민,박기택,100,2,-1,20090716OBSS0
직구,이용찬,박한이,77211,71432,144,스트라이크,,,,1,1,2,9,말,12,11,0,0,좌,우,김상수,,,이용찬,용덕한,오재원,고영민,김재호,손시헌,민병헌,정수빈,임재철,79402.0,,,77211,74223,77248,72214,74206,73213,76249,79231,99507,,,,,,,,,,,,,,,,,,20090716,SS,OB,삼성,두산,시민,박기택,100,3,-1,20090716OBSS0
,이용찬,박한이,77211,71432,,,,,1루주자 김상수 :  도루실패 아웃 (포수->유격수 태그아웃);,1,2,2,9,말,12,11,1,0,좌,우,김상수,,,이용찬,용덕한,오재원,고영민,김재호,손시헌,민병헌,정수빈,임재철,79402.0,,,77211,74223,77248,72214,74206,73213,76249,79231,99507,,,,,,,,,,,,,,,,,,20090716,SS,OB,삼성,두산,시민,박기택,100,,,20090716OBSS0
