pitch_type,pitcher,batter,pitcher_ID,batter_ID,speed,pitch_result,pa_result,pa_result_detail,description,balls,strikes,outs,inning,inning_topbot,score_away,score_home,outs_on_play,runs_scored,stands,throws,on_1b,on_2b,on_3b,pos_1,pos_2,pos_3,pos_4,pos_5,pos_6,pos_7,pos_8,pos_9,on_1b_id,on_2b_id,on_3b_id,pos_1_id,pos_2_id,pos_3_id,pos_4_id,pos_5_id,pos_6_id,pos_7_id,pos_8_id,pos_9_id,px,pz,pfx_x,pfx_z,pfx_x_raw,pfx_z_raw,x0,z0,sz_top,sz_bot,y0,vx0,vy0,vz0,ax,ay,az,game_date,home,away,home_alias,away_alias,stadium,referee,pa_number,pitch_number,pitchID,gameID
직구,김상수,이대형,76430,73153,135,스트라이크,,,,0,0,0,1,초,0,0,0,0,좌,우,,,,김상수,유선정,이숭용,김민우,황재균,강정호,클락,장기영,유한준,,,,76430,76322,94310,72303,76313,76325,78725,71347,74339,,,,,,,,,,,,,,,,,,20100529,WO,LG,키움,LG,목동,김풍기,1,1,-1,20100529LGWO0
체인지업,김상수,이대형,76430,73153,118,스트라이크,,,,0,1,0,1,초,0,0,0,0,좌,우,,,,김상수,유선정,이숭용,김민우,황재균,강정호,클락,장기영,유한준,,,,76430,76322,94310,72303,76313,76325,78725,71347,74339,,,,,,,,,,,,,,,,,,20100529,WO,LG,키움,LG,목동,김풍기,1,2,-1,20100529LGWO0
체인지업,김상수,이대형,76430,73153,124,타격,포스 아웃,땅볼 아웃,이대형 : 1루수 땅볼 아웃 (1루수->투수 1루 터치아웃);,0,2,0,1,초,0,0,1,0,좌,우,,,,김상수,유선정,이숭용,김민우,황재균,강정호,클락,장기영,유한준,,,,76430,76322,94310,72303,76313,76325,78725,71347,74339,,,,,,,,,,,,,,,,,,20100529,WO,LG,키움,LG,목동,김풍기,1,3,-1,20100529LGWO0
체인지업,김상수,이병규,76430,76100,117,볼,,,,0,0,1,1,초,0,0,0,0,좌,우,,,,김상수,유선정,이숭용,김민우,황재균,강정호,클락,장기영,유한준,,,,76430,76322,94310,72303,76313,76325,78725,71347,74339,,,,,,,,,,,,,,,,,,20100529,WO,LG,키움,LG,목동,김풍기,2,1,-1,20100529LGWO0
체인지업,김상수,이병규,76430,76100,117,파울,,,,1,0,1,1,초,0,0,0,0,좌,우,,,,김상수,유선정,이숭용,김민우,황재균,강정호,클락,장기영,유한준,,,,76430,76322,94310,72303,76313,76325,78725,71347,74339,,,,,,,,,,,,,,,,,,20100529,WO,LG,키움,LG,목동,김풍기,2,2,-1,20100529LGWO0
직구,김상수,이병규,76430,76100,145,파울,,,,1,1,1,1,초,0,0,0,0,좌,우,,,,김상수,유선정,이숭용,김민우,황재균,강정호,클락,장기영,유한준,,,,76430,76322,94310,72303,76313,76325,78725,71347,74339,,,,,,,,,,,,,,,,,,20100529,WO,LG,키움,LG,목동,김풍기,2,3,-1,20100529LGWO0
포크,김상수,이병규,76430,76100,124,볼,,,,1,2,1,1,초,0,0,0,0,좌,우,,,,김상수,유선정,이숭용,김민우,황재균,강정호,클락,장기영,유한준,,,,76430,76322,94310,72303,76313,76325,78725,71347,74339,,,,,,,,,,,,,,,,,,20100529,WO,LG,키움,LG,목동,김풍기,2,4,-1,20100529LGWO0
직구,김상수,이병규,76430,76100,143,볼,,,,2,2,1,1,초,0,0,0,0,좌,우,,,,김상수,유선정,이숭용,김민우,황재균,강정호,클락,장기영,유한준,,,,76430,76322,94310,72303,76313,76325,78725,71347,74339,,,,,,,,,,,,,,,,,,20100529,WO,LG,키움,LG,목동,김풍기,2,5,-1,20100529LGWO0
직구,김상수,이병규,76430,76100,144,파울,,,,3,2,1,1,초,0,0,0,0,좌,우,,,,김상수,유선정,이숭용,김민우,황재균,강정호,클락,장기영,유한준,,,,76430,76322,94310,72303,76313,76325,78725,71347,74339,,,,,,,,,,,,,,,,,,20100529,WO,LG,키움,LG,목동,김풍기,2,6,-1,20100529LGWO0
직구,김상수,이병규,76430,76100,145,파울,,,,3,2,1,1,초,0,0,0,0,좌,우,,,,김상수,유선정,이숭용,김민우,황재균,강정호,클락,장기영,유한준,,,,76430,76322,94310,72303,76313,76325,78725,71347,74339,,,,,,,,,,,,,,,,,,20100529,WO,LG,키움,LG,목동,김풍기,2,7,-1,20100529LGWO0
직구,김상수,이병규,76430,76100,143,파울,,,,3,2,1,1,초,0,0,0,0,좌,우,,,,김상수,유선정,이숭용,김민우,황재균,강정호,클락,장기영,유한준,,,,76430,76322,94310,72303,76313,76325,78725,71347,74339,,,,,,,,,,,,,,,,,,20100529,WO,LG,키움,LG,목동,김풍기,2,8,-1,20100529LGWO0
직구,김상수,이병규,76430,76100,143,볼,볼넷,볼넷,이병규 :  볼넷;,3,2,1,1,초,0,0,0,0,좌,우,,,,김상수,유선정,이숭용,김민우,황재균,강정호,클락,장기영,유한준,,,,76430,76322,94310,72303,76313,76325,78725,71347,74339,,,,,,,,,,,,,,,,,,20100529,WO,LG,키움,LG,목동,김풍기,2,9,-1,20100529LGWO0
포크,김상수,이진영,76430,99810,123,볼,,,,0,0,1,1,초,0,0,0,0,좌,우,이병규,,,김상수,유선정,이숭용,김민우,황재균,강정호,클락,장기영,유한준,76100.0,,,76430,76322,94310,72303,76313,76325,78725,71347,74339,,,,,,,,,,,,,,,,,,20100529,WO,LG,키움,LG,목동,김풍기,3,1,-1,20100529LGWO0
직구,김상수,이진영,76430,99810,140,스트라이크,,,,1,0,1,1,초,0,0,0,0,좌,우,이병규,,,김상수,유선정,이숭용,김민우,황재균,강정호,클락,장기영,유한준,76100.0,,,76430,76322,94310,72303,76313,76325,78725,71347,74339,,,,,,,,,,,,,,,,,,20100529,WO,LG,키움,LG,목동,김풍기,3,2,-1,20100529LGWO0
체인지업,김상수,이진영,76430,99810,118,볼,,,,1,1,1,1,초,0,0,0,0,좌,우,이병규,,,김상수,유선정,이숭용,김민우,황재균,강정호,클락,장기영,유한준,76100.0,,,76430,76322,94310,72303,76313,76325,78725,71347,74339,,,,,,,,,,,,,,,,,,20100529,WO,LG,키움,LG,목동,김풍기,3,3,-1,20100529LGWO0
직구,김상수,이진영,76430,99810,139,번트파울,,,,2,1,1,1,초,0,0,0,0,좌,우,이병규,,,김상수,유선정,이숭용,김민우,황재균,강정호,클락,장기영,유한준,76100.0,,,76430,76322,94310,72303,76313,76325,78725,71347,74339,,,,,,,,,,,,,,,,,,20100529,WO,LG,키움,LG,목동,김풍기,3,4,-1,20100529LGWO0
체인지업,김상수,이진영,76430,99810,113,볼,,,,2,2,1,1,초,0,0,0,0,좌,우,이병규,,,김상수,유선정,이숭용,김민우,황재균,강정호,클락,장기영,유한준,76100.0,,,76430,76322,94310,72303,76313,76325,78725,71347,74339,,,,,,,,,,,,,,,,,,20100529,WO,LG,키움,LG,목동,김풍기,3,5,-1,20100529LGWO0
직구,김상수,이진영,76430,99810,141,파울,,,,3,2,1,1,초,0,0,0,0,좌,우,이병규,,,김상수,유선정,이숭용,김민우,황재균,강정호,클락,장기영,유한준,76100.0,,,76430,76322,94310,72303,76313,76325,78725,71347,74339,,,,,,,,,,,,,,,,,,20100529,WO,LG,키움,LG,목동,김풍기,3,6,-1,20100529LGWO0
직구,김상수,이진영,76430,99810,140,타격,필드 아웃,플라이 아웃,이진영 : 중견수 플라이 아웃;,3,2,1,1,초,0,0,1,0,좌,우,이병규,,,김상수,유선정,이숭용,김민우,황재균,강정호,클락,장기영,유한준,76100.0,,,76430,76322,94310,72303,76313,76325,78725,71347,74339,,,,,,,,,,,,,,,,,,20100529,WO,LG,키움,LG,목동,김풍기,3,7,-1,20100529LGWO0
직구,김상수,이병규,76430,97109,144,볼,,,,0,0,2,1,초,0,0,0,0,좌,우,이병규,,,김상수,유선정,이숭용,김민우,황재균,강정호,클락,장기영,유한준,76100.0,,,76430,76322,94310,72303,76313,76325,78725,71347,74339,,,,,,,,,,,,,,,,,,20100529,WO,LG,키움,LG,목동,김풍기,4,1,-1,20100529LGWO0
직구,김상수,이병규,76430,97109,143,스트라이크,,,,1,0,2,1,초,0,0,0,0,좌,우,이병규,,,김상수,유선정,이숭용,김민우,황재균,강정호,클락,장기영,유한준,76100.0,,,76430,76322,94310,72303,76313,76325,78725,71347,74339,,,,,,,,,,,,,,,,,,20100529,WO,LG,키움,LG,목동,김풍기,4,2,-1,20100529LGWO0
체인지업,김상수,이병규,76430,97109,119,볼,,,,1,1,2,1,초,0,0,0,0,좌,우,이병규,,,김상수,유선정,이숭용,김민우,황재균,강정호,클락,장기영,유한준,76100.0,,,76430,76322,94310,72303,76313,76325,78725,71347,74339,,,,,,,,,,,,,,,,,,20100529,WO,LG,키움,LG,목동,김풍기,4,3,-1,20100529LGWO0
직구,김상수,이병규,76430,97109,143,스트라이크,,,,2,1,2,1,초,0,0,0,0,좌,우,이병규,,,김상수,유선정,이숭용,김민우,황재균,강정호,클락,장기영,유한준,76100.0,,,76430,76322,94310,72303,76313,76325,78725,71347,74339,,,,,,,,,,,,,,,,,,20100529,WO,LG,키움,LG,목동,김풍기,4,4,-1,20100529LGWO0
포크,김상수,이병규,76430,97109,127,타격,포스 아웃,땅볼 아웃,이병규 : 2루수 땅볼 아웃 (2루수->1루수 송구아웃);,2,2,2,1,초,0,0,1,0,좌,우,이병규,,,김상수,유선정,이숭용,김민우,황재균,강정호,클락,장기영,유한준,76100.0,,,76430,76322,94310,72303,76313,76325,78725,71347,74339,,,,,,,,,,,,,,,,,,20100529,WO,LG,키움,LG,목동,김풍기,4,5,-1,20100529LGWO0
슬라이더,박명환,장기영,96251,71347,125,볼,,,,0,0,0,1,말,0,0,0,0,좌,우,,,,박명환,조인성,이진영,권용관,정성훈,오지환,이병규,이대형,이병규,,,,96251,98144,99810,95158,99606,79109,76100,73153,97109,,,,,,,,,,,,,,,,,,20100529,WO,LG,키움,LG,목동,김풍기,5,1,-1,20100529LGWO0
슬라이더,박명환,장기영,96251,71347,126,볼,,,,1,0,0,1,말,0,0,0,0,좌,우,,,,박명환,조인성,이진영,권용관,정성훈,오지환,이병규,이대형,이병규,,,,96251,98144,99810,95158,99606,79109,76100,73153,97109,,,,,,,,,,,,,,,,,,20100529,WO,LG,키움,LG,목동,김풍기,5,2,-1,20100529LGWO0
직구,박명환,장기영,96251,71347,134,볼,,,,2,0,0,1,말,0,0,0,0,좌,우,,,,박명환,조인성,이진영,권용관,정성훈,오지환,이병규,이대형,이병규,,,,96251,98144,99810,95158,99606,79109,76100,73153,97109,,,,,,,,,,,,,,,,,,20100529,WO,LG,키움,LG,목동,김풍기,5,3,-1,20100529LGWO0
직구,박명환,장기영,96251,71347,136,볼,볼넷,볼넷,장기영 :  볼넷;,3,0,0,1,말,0,0,0,0,좌,우,,,,박명환,조인성,이진영,권용관,정성훈,오지환,이병규,이대형,이병규,,,,96251,98144,99810,95158,99606,79109,76100,73153,97109,,,,,,,,,,,,,,,,,,20100529,WO,LG,키움,LG,목동,김풍기,5,4,-1,20100529LGWO0
슬라이더,박명환,황재균,96251,76313,126,스트라이크,,,,0,0,0,1,말,0,0,0,0,우,우,장기영,,,박명환,조인성,이진영,권용관,정성훈,오지환,이병규,이대형,이병규,71347.0,,,96251,98144,99810,95158,99606,79109,76100,73153,97109,,,,,,,,,,,,,,,,,,20100529,WO,LG,키움,LG,목동,김풍기,6,1,-1,20100529LGWO0
직구,박명환,황재균,96251,76313,136,볼,,,,0,1,0,1,말,0,0,0,0,우,우,장기영,,,박명환,조인성,이진영,권용관,정성훈,오지환,이병규,이대형,이병규,71347.0,,,96251,98144,99810,95158,99606,79109,76100,73153,97109,,,,,,,,,,,,,,,,,,20100529,WO,LG,키움,LG,목동,김풍기,6,2,-1,20100529LGWO0
직구,박명환,황재균,96251,76313,136,스트라이크,,,,1,1,0,1,말,0,0,0,0,우,우,장기영,,,박명환,조인성,이진영,권용관,정성훈,오지환,이병규,이대형,이병규,71347.0,,,96251,98144,99810,95158,99606,79109,76100,73153,97109,,,,,,,,,,,,,,,,,,20100529,WO,LG,키움,LG,목동,김풍기,6,3,-1,20100529LGWO0
슬라이더,박명환,황재균,96251,76313,129,볼,,,,1,2,0,1,말,0,0,0,0,우,우,장기영,,,박명환,조인성,이진영,권용관,정성훈,오지환,이병규,이대형,이병규,71347.0,,,96251,98144,99810,95158,99606,79109,76100,73153,97109,,,,,,,,,,,,,,,,,,20100529,WO,LG,키움,LG,목동,김풍기,6,4,-1,20100529LGWO0
슬라이더,박명환,황재균,96251,76313,129,파울,,,,2,2,0,1,말,0,0,0,0,우,우,장기영,,,박명환,조인성,이진영,권용관,정성훈,오지환,이병규,이대형,이병규,71347.0,,,96251,98144,99810,95158,99606,79109,76100,73153,97109,,,,,,,,,,,,,,,,,,20100529,WO,LG,키움,LG,목동,김풍기,6,5,-1,20100529LGWO0
직구,박명환,황재균,96251,76313,138,타격,포스 아웃,땅볼 아웃,황재균 : 유격수 땅볼 아웃 (유격수->2루수->1루수 송구아웃); 1루주자 장기영 : 2루까지 진루;,2,2,0,1,말,0,0,1,0,우,우,장기영,,,박명환,조인성,이진영,권용관,정성훈,오지환,이병규,이대형,이병규,71347.0,,,96251,98144,99810,95158,99606,79109,76100,73153,97109,,,,,,,,,,,,,,,,,,20100529,WO,LG,키움,LG,목동,김풍기,6,6,-1,20100529LGWO0
슬라이더,박명환,강정호,96251,76325,128,스트라이크,,,,0,0,1,1,말,0,0,0,0,우,우,,장기영,,박명환,조인성,이진영,권용관,정성훈,오지환,이병규,이대형,이병규,,71347.0,,96251,98144,99810,95158,99606,79109,76100,73153,97109,,,,,,,,,,,,,,,,,,20100529,WO,LG,키움,LG,목동,김풍기,7,1,-1,20100529LGWO0
직구,박명환,강정호,96251,76325,139,스트라이크,,,,0,1,1,1,말,0,0,0,0,우,우,,장기영,,박명환,조인성,이진영,권용관,정성훈,오지환,이병규,이대형,이병규,,71347.0,,96251,98144,99810,95158,99606,79109,76100,73153,97109,,,,,,,,,,,,,,,,,,20100529,WO,LG,키움,LG,목동,김풍기,7,2,-1,20100529LGWO0
슬라이더,박명환,강정호,96251,76325,131,볼,,,,0,2,1,1,말,0,0,0,0,우,우,,장기영,,박명환,조인성,이진영,권용관,정성훈,오지환,이병규,이대형,이병규,,71347.0,,96251,98144,99810,95158,99606,79109,76100,73153,97109,,,,,,,,,,,,,,,,,,20100529,WO,LG,키움,LG,목동,김풍기,7,3,-1,20100529LGWO0
슬라이더,박명환,강정호,96251,76325,131,타격,안타,안타,강정호 : 중견수 앞 1루타; 2루주자 장기영 : 홈인;,1,2,1,1,말,0,0,0,1,우,우,,장기영,,박명환,조인성,이진영,권용관,정성훈,오지환,이병규,이대형,이병규,,71347.0,,96251,98144,99810,95158,99606,79109,76100,73153,97109,,,,,,,,,,,,,,,,,,20100529,WO,LG,키움,LG,목동,김풍기,7,4,-1,20100529LGWO0
슬라이더,박명환,유한준,96251,74339,128,볼,,,,0,0,1,1,말,0,1,0,0,우,우,강정호,,,박명환,조인성,이진영,권용관,정성훈,오지환,이병규,이대형,이병규,76325.0,,,96251,98144,99810,95158,99606,79109,76100,73153,97109,,,,,,,,,,,,,,,,,,20100529,WO,LG,키움,LG,목동,김풍기,8,1,-1,20100529LGWO0
직구,박명환,유한준,96251,74339,137,볼,,,,1,0,1,1,말,0,1,0,0,우,우,강정호,,,박명환,조인성,이진영,권용관,정성훈,오지환,이병규,이대형,이병규,76325.0,,,96251,98144,99810,95158,99606,79109,76100,73153,97109,,,,,,,,,,,,,,,,,,20100529,WO,LG,키움,LG,목동,김풍기,8,2,-1,20100529LGWO0
슬라이더,박명환,유한준,96251,74339,129,타격,병살타,병살타,유한준 : 유격수 병살타 아웃 (유격수->2루수->1루수 송구아웃); 1루주자 강정호 :  포스아웃 (유격수->2루수 2루 터치아웃);,2,0,1,1,말,0,1,2,0,우,우,강정호,,,박명환,조인성,이진영,권용관,정성훈,오지환,이병규,이대형,이병규,76325.0,,,96251,98144,99810,95158,99606,79109,76100,73153,97109,,,,,,,,,,,,,,,,,,20100529,WO,LG,키움,LG,목동,김풍기,8,3,-1,20100529LGWO0
체인지업,김상수,이택근,76430,73342,118,스트라이크,,,,0,0,0,2,초,0,1,0,0,우,우,,,,김상수,유선정,이숭용,김민우,황재균,강정호,클락,장기영,유한준,,,,76430,76322,94310,72303,76313,76325,78725,71347,74339,,,,,,,,,,,,,,,,,,20100529,WO,LG,키움,LG,목동,김풍기,9,1,-1,20100529LGWO0
포크,김상수,이택근,76430,73342,125,스트라이크,,,,0,1,0,2,초,0,1,0,0,우,우,,,,김상수,유선정,이숭용,김민우,황재균,강정호,클락,장기영,유한준,,,,76430,76322,94310,72303,76313,76325,78725,71347,74339,,,,,,,,,,,,,,,,,,20100529,WO,LG,키움,LG,목동,김풍기,9,2,-1,20100529LGWO0
직구,김상수,이택근,76430,73342,143,볼,,,,0,2,0,2,초,0,1,0,0,우,우,,,,김상수,유선정,이숭용,김민우,황재균,강정호,클락,장기영,유한준,,,,76430,76322,94310,72303,76313,76325,78725,71347,74339,,,,,,,,,,,,,,,,,,20100529,WO,LG,키움,LG,목동,김풍기,9,3,-1,20100529LGWO0
커브,김상수,이택근,76430,73342,122,볼,,,,1,2,0,2,초,0,1,0,0,우,우,,,,김상수,유선정,이숭용,김민우,황재균,강정호,클락,장기영,유한준,,,,76430,76322,94310,72303,76313,76325,78725,71347,74339,,,,,,,,,,,,,,,,,,20100529,WO,LG,키움,LG,목동,김풍기,9,4,-1,20100529LGWO0
체인지업,김상수,이택근,76430,73342,126,헛스윙,삼진,삼진,이택근 :  삼진 아웃;,2,2,0,2,초,0,1,0,0,우,우,,,,김상수,유선정,이숭용,김민우,황재균,강정호,클락,장기영,유한준,,,,76430,76322,94310,72303,76313,76325,78725,71347,74339,,,,,,,,,,,,,,,,,,20100529,WO,LG,키움,LG,목동,김풍기,9,5,-1,20100529LGWO0
커브,김상수,정성훈,76430,99606,107,볼,,,,0,0,1,2,초,0,1,0,0,우,우,,,,김상수,유선정,이숭용,김민우,황재균,강정호,클락,장기영,유한준,,,,76430,76322,94310,72303,76313,76325,78725,71347,74339,,,,,,,,,,,,,,,,,,20100529,WO,LG,키움,LG,목동,김풍기,10,1,-1,20100529LGWO0
직구,김상수,정성훈,76430,99606,141,파울,,,,1,0,1,2,초,0,1,0,0,우,우,,,,김상수,유선정,이숭용,김민우,황재균,강정호,클락,장기영,유한준,,,,76430,76322,94310,72303,76313,76325,78725,71347,74339,,,,,,,,,,,,,,,,,,20100529,WO,LG,키움,LG,목동,김풍기,10,2,-1,20100529LGWO0
슬라이더,김상수,정성훈,76430,99606,128,헛스윙,,,,1,1,1,2,초,0,1,0,0,우,우,,,,김상수,유선정,이숭용,김민우,황재균,강정호,클락,장기영,유한준,,,,76430,76322,94310,72303,76313,76325,78725,71347,74339,,,,,,,,,,,,,,,,,,20100529,WO,LG,키움,LG,목동,김풍기,10,3,-1,20100529LGWO0
체인지업,김상수,정성훈,76430,99606,127,볼,,,,1,2,1,2,초,0,1,0,0,우,우,,,,김상수,유선정,이숭용,김민우,황재균,강정호,클락,장기영,유한준,,,,76430,76322,94310,72303,76313,76325,78725,71347,74339,,,,,,,,,,,,,,,,,,20100529,WO,LG,키움,LG,목동,김풍기,10,4,-1,20100529LGWO0
직구,김상수,정성훈,76430,99606,144,파울,,,,2,2,1,2,초,0,1,0,0,우,우,,,,김상수,유선정,이숭용,김민우,황재균,강정호,클락,장기영,유한준,,,,76430,76322,94310,72303,76313,76325,78725,71347,74339,,,,,,,,,,,,,,,,,,20100529,WO,LG,키움,LG,목동,김풍기,10,5,-1,20100529LGWO0
체인지업,김상수,정성훈,76430,99606,127,타격,2루타,2루타,정성훈 : 중견수 왼쪽 2루타;,2,2,1,2,초,0,1,0,0,우,우,,,,김상수,유선정,이숭용,김민우,황재균,강정호,클락,장기영,유한준,,,,76430,76322,94310,72303,76313,76325,78725,71347,74339,,,,,,,,,,,,,,,,,,20100529,WO,LG,키움,LG,목동,김풍기,10,6,-1,20100529LGWO0
직구,김상수,오지환,76430,79109,140,볼,,,,0,0,1,2,초,0,1,0,0,좌,우,,정성훈,,김상수,유선정,이숭용,김민우,황재균,강정호,클락,장기영,유한준,,99606.0,,76430,76322,94310,72303,76313,76325,78725,71347,74339,,,,,,,,,,,,,,,,,,20100529,WO,LG,키움,LG,목동,김풍기,11,1,-1,20100529LGWO0
직구,김상수,오지환,76430,79109,142,파울,,,,1,0,1,2,초,0,1,0,0,좌,우,,정성훈,,김상수,유선정,이숭용,김민우,황재균,강정호,클락,장기영,유한준,,99606.0,,76430,76322,94310,72303,76313,76325,78725,71347,74339,,,,,,,,,,,,,,,,,,20100529,WO,LG,키움,LG,목동,김풍기,11,2,-1,20100529LGWO0
직구,김상수,오지환,76430,79109,142,스트라이크,,,,1,1,1,2,초,0,1,0,0,좌,우,,정성훈,,김상수,유선정,이숭용,김민우,황재균,강정호,클락,장기영,유한준,,99606.0,,76430,76322,94310,72303,76313,76325,78725,71347,74339,,,,,,,,,,,,,,,,,,20100529,WO,LG,키움,LG,목동,김풍기,11,3,-1,20100529LGWO0
체인지업,김상수,오지환,76430,79109,117,타격,포스 아웃,땅볼 아웃,오지환 : 2루수 땅볼 아웃 (2루수->1루수 송구아웃); 2루주자 정성훈 : 3루까지 진루;,1,2,1,2,초,0,1,1,0,좌,우,,정성훈,,김상수,유선정,이숭용,김민우,황재균,강정호,클락,장기영,유한준,,99606.0,,76430,76322,94310,72303,76313,76325,78725,71347,74339,,,,,,,,,,,,,,,,,,20100529,WO,LG,키움,LG,목동,김풍기,11,4,-1,20100529LGWO0
직구,김상수,조인성,76430,98144,144,스트라이크,,,,0,0,2,2,초,0,1,0,0,우,우,,,정성훈,김상수,유선정,이숭용,김민우,황재균,강정호,클락,장기영,유한준,,,99606.0,76430,76322,94310,72303,76313,76325,78725,71347,74339,,,,,,,,,,,,,,,,,,20100529,WO,LG,키움,LG,목동,김풍기,12,1,-1,20100529LGWO0
직구,김상수,조인성,76430,98144,143,타격,포스 아웃,땅볼 아웃,조인성 : 1루수 땅볼 아웃 (1루수->투수 1루 터치아웃);,0,1,2,2,초,0,1,1,0,우,우,,,정성훈,김상수,유선정,이숭용,김민우,황재균,강정호,클락,장기영,유한준,,,99606.0,76430,76322,94310,72303,76313,76325,78725,71347,74339,,,,,,,,,,,,,,,,,,20100529,WO,LG,키움,LG,목동,김풍기,12,2,-1,20100529LGWO0
슬라이더,박명환,클락,96251,78725,128,볼,,,,0,0,0,2,말,0,1,0,0,좌,우,,,,박명환,조인성,이진영,권용관,정성훈,오지환,이병규,이대형,이병규,,,,96251,98144,99810,95158,99606,79109,76100,73153,97109,,,,,,,,,,,,,,,,,,20100529,WO,LG,키움,LG,목동,김풍기,13,1,-1,20100529LGWO0
직구,박명환,클락,96251,78725,138,타격,필드 아웃,플라이 아웃,클락 : 2루수 플라이 아웃;,1,0,0,2,말,0,1,1,0,좌,우,,,,박명환,조인성,이진영,권용관,정성훈,오지환,이병규,이대형,이병규,,,,96251,98144,99810,95158,99606,79109,76100,73153,97109,,,,,,,,,,,,,,,,,,20100529,WO,LG,키움,LG,목동,김풍기,13,2,-1,20100529LGWO0
슬라이더,박명환,송지만,96251,96761,128,타격,포스 아웃,땅볼 아웃,송지만 : 3루수 땅볼 아웃 (3루수->1루수 송구아웃);,0,0,1,2,말,0,1,1,0,우,우,,,,박명환,조인성,이진영,권용관,정성훈,오지환,이병규,이대형,이병규,,,,96251,98144,99810,95158,99606,79109,76100,73153,97109,,,,,,,,,,,,,,,,,,20100529,WO,LG,키움,LG,목동,김풍기,14,1,-1,20100529LGWO0
직구,박명환,이숭용,96251,94310,142,볼,,,,0,0,2,2,말,0,1,0,0,좌,우,,,,박명환,조인성,이진영,권용관,정성훈,오지환,이병규,이대형,이병규,,,,96251,98144,99810,95158,99606,79109,76100,73153,97109,,,,,,,,,,,,,,,,,,20100529,WO,LG,키움,LG,목동,김풍기,15,1,-1,20100529LGWO0
직구,박명환,이숭용,96251,94310,136,타격,안타,안타,이숭용 : 우익수 앞 1루타;,1,0,2,2,말,0,1,0,0,좌,우,,,,박명환,조인성,이진영,권용관,정성훈,오지환,이병규,이대형,이병규,,,,96251,98144,99810,95158,99606,79109,76100,73153,97109,,,,,,,,,,,,,,,,,,20100529,WO,LG,키움,LG,목동,김풍기,15,2,-1,20100529LGWO0
슬라이더,박명환,유선정,96251,76322,127,볼,,,,0,0,2,2,말,0,1,0,0,우,우,이숭용,,,박명환,조인성,이진영,권용관,정성훈,오지환,이병규,이대형,이병규,94310.0,,,96251,98144,99810,95158,99606,79109,76100,73153,97109,,,,,,,,,,,,,,,,,,20100529,WO,LG,키움,LG,목동,김풍기,16,1,-1,20100529LGWO0
슬라이더,박명환,유선정,96251,76322,127,볼,,,,1,0,2,2,말,0,1,0,0,우,우,이숭용,,,박명환,조인성,이진영,권용관,정성훈,오지환,이병규,이대형,이병규,94310.0,,,96251,98144,99810,95158,99606,79109,76100,73153,97109,,,,,,,,,,,,,,,,,,20100529,WO,LG,키움,LG,목동,김풍기,16,2,-1,20100529LGWO0
직구,박명환,유선정,96251,76322,136,헛스윙,,,,2,0,2,2,말,0,1,0,0,우,우,이숭용,,,박명환,조인성,이진영,권용관,정성훈,오지환,이병규,이대형,이병규,94310.0,,,96251,98144,99810,95158,99606,79109,76100,73153,97109,,,,,,,,,,,,,,,,,,20100529,WO,LG,키움,LG,목동,김풍기,16,3,-1,20100529LGWO0
슬라이더,박명환,유선정,96251,76322,128,타격,2루타,2루타,유선정 : 좌중간 2루타; 1루주자 이숭용 : 3루까지 진루;,2,1,2,2,말,0,1,0,0,우,우,이숭용,,,박명환,조인성,이진영,권용관,정성훈,오지환,이병규,이대형,이병규,94310.0,,,96251,98144,99810,95158,99606,79109,76100,73153,97109,,,,,,,,,,,,,,,,,,20100529,WO,LG,키움,LG,목동,김풍기,16,4,-1,20100529LGWO0
직구,박명환,김민우,96251,72303,136,스트라이크,,,,0,0,2,2,말,0,1,0,0,우,우,,유선정,이숭용,박명환,조인성,이진영,권용관,정성훈,오지환,이병규,이대형,이병규,,76322.0,94310.0,96251,98144,99810,95158,99606,79109,76100,73153,97109,,,,,,,,,,,,,,,,,,20100529,WO,LG,키움,LG,목동,김풍기,17,1,-1,20100529LGWO0
슬라이더,박명환,김민우,96251,72303,126,볼,,,,0,1,2,2,말,0,1,0,0,우,우,,유선정,이숭용,박명환,조인성,이진영,권용관,정성훈,오지환,이병규,이대형,이병규,,76322.0,94310.0,96251,98144,99810,95158,99606,79109,76100,73153,97109,,,,,,,,,,,,,,,,,,20100529,WO,LG,키움,LG,목동,김풍기,17,2,-1,20100529LGWO0
직구,박명환,김민우,96251,72303,133,볼,,,,1,1,2,2,말,0,1,0,0,우,우,,유선정,이숭용,박명환,조인성,이진영,권용관,정성훈,오지환,이병규,이대형,이병규,,76322.0,94310.0,96251,98144,99810,95158,99606,79109,76100,73153,97109,,,,,,,,,,,,,,,,,,20100529,WO,LG,키움,LG,목동,김풍기,17,3,-1,20100529LGWO0
직구,박명환,김민우,96251,72303,139,볼,,,,2,1,2,2,말,0,1,0,0,우,우,,유선정,이숭용,박명환,조인성,이진영,권용관,정성훈,오지환,이병규,이대형,이병규,,76322.0,94310.0,96251,98144,99810,95158,99606,79109,76100,73153,97109,,,,,,,,,,,,,,,,,,20100529,WO,LG,키움,LG,목동,김풍기,17,4,-1,20100529LGWO0
슬라이더,박명환,김민우,96251,72303,130,볼,볼넷,볼넷,김민우 :  볼넷;,3,1,2,2,말,0,1,0,0,우,우,,유선정,이숭용,박명환,조인성,이진영,권용관,정성훈,오지환,이병규,이대형,이병규,,76322.0,94310.0,96251,98144,99810,95158,99606,79109,76100,73153,97109,,,,,,,,,,,,,,,,,,20100529,WO,LG,키움,LG,목동,김풍기,17,5,-1,20100529LGWO0
슬라이더,박명환,장기영,96251,71347,129,볼,,,,0,0,2,2,말,0,1,0,0,좌,우,김민우,유선정,이숭용,박명환,조인성,이진영,권용관,정성훈,오지환,이병규,이대형,이병규,72303.0,76322.0,94310.0,96251,98144,99810,95158,99606,79109,76100,73153,97109,,,,,,,,,,,,,,,,,,20100529,WO,LG,키움,LG,목동,김풍기,18,1,-1,20100529LGWO0
직구,박명환,장기영,96251,71347,142,파울,,,,1,0,2,2,말,0,1,0,0,좌,우,김민우,유선정,이숭용,박명환,조인성,이진영,권용관,정성훈,오지환,이병규,이대형,이병규,72303.0,76322.0,94310.0,96251,98144,99810,95158,99606,79109,76100,73153,97109,,,,,,,,,,,,,,,,,,20100529,WO,LG,키움,LG,목동,김풍기,18,2,-1,20100529LGWO0
직구,박명환,장기영,96251,71347,137,볼,,,,1,1,2,2,말,0,1,0,0,좌,우,김민우,유선정,이숭용,박명환,조인성,이진영,권용관,정성훈,오지환,이병규,이대형,이병규,72303.0,76322.0,94310.0,96251,98144,99810,95158,99606,79109,76100,73153,97109,,,,,,,,,,,,,,,,,,20100529,WO,LG,키움,LG,목동,김풍기,18,3,-1,20100529LGWO0
직구,박명환,장기영,96251,71347,140,타격,안타,안타,장기영 : 우중간 1루타; 1루주자 김민우 : 3루까지 진루; 2루주자 유선정 : 홈인; 3루주자 이숭용 : 홈인;,2,1,2,2,말,0,1,0,2,좌,우,김민우,유선정,이숭용,박명환,조인성,이진영,권용관,정성훈,오지환,이병규,이대형,이병규,72303.0,76322.0,94310.0,96251,98144,99810,95158,99606,79109,76100,73153,97109,,,,,,,,,,,,,,,,,,20100529,WO,LG,키움,LG,목동,김풍기,18,4,-1,20100529LGWO0
슬라이더,박명환,황재균,96251,76313,126,타격,필드 아웃,플라이 아웃,황재균 : 중견수 플라이 아웃;,0,0,2,2,말,0,3,1,0,우,우,장기영,,김민우,박명환,조인성,이진영,권용관,정성훈,오지환,이병규,이대형,이병규,71347.0,,72303.0,96251,98144,99810,95158,99606,79109,76100,73153,97109,,,,,,,,,,,,,,,,,,20100529,WO,LG,키움,LG,목동,김풍기,19,1,-1,20100529LGWO0
직구,김상수,권용관,76430,95158,140,볼,,,,0,0,0,3,초,0,3,0,0,우,우,,,,김상수,유선정,이숭용,김민우,황재균,강정호,클락,장기영,유한준,,,,76430,76322,94310,72303,76313,76325,78725,71347,74339,,,,,,,,,,,,,,,,,,20100529,WO,LG,키움,LG,목동,김풍기,20,1,-1,20100529LGWO0
직구,김상수,권용관,76430,95158,140,볼,,,,1,0,0,3,초,0,3,0,0,우,우,,,,김상수,유선정,이숭용,김민우,황재균,강정호,클락,장기영,유한준,,,,76430,76322,94310,72303,76313,76325,78725,71347,74339,,,,,,,,,,,,,,,,,,20100529,WO,LG,키움,LG,목동,김풍기,20,2,-1,20100529LGWO0
슬라이더,김상수,권용관,76430,95158,128,파울,,,,2,0,0,3,초,0,3,0,0,우,우,,,,김상수,유선정,이숭용,김민우,황재균,강정호,클락,장기영,유한준,,,,76430,76322,94310,72303,76313,76325,78725,71347,74339,,,,,,,,,,,,,,,,,,20100529,WO,LG,키움,LG,목동,김풍기,20,3,-1,20100529LGWO0
직구,김상수,권용관,76430,95158,142,파울,,,,2,1,0,3,초,0,3,0,0,우,우,,,,김상수,유선정,이숭용,김민우,황재균,강정호,클락,장기영,유한준,,,,76430,76322,94310,72303,76313,76325,78725,71347,74339,,,,,,,,,,,,,,,,,,20100529,WO,LG,키움,LG,목동,김풍기,20,4,-1,20100529LGWO0
체인지업,김상수,권용관,76430,95158,129,타격,안타,안타,권용관 : 중견수 앞 1루타;,2,2,0,3,초,0,3,0,0,우,우,,,,김상수,유선정,이숭용,김민우,황재균,강정호,클락,장기영,유한준,,,,76430,76322,94310,72303,76313,76325,78725,71347,74339,,,,,,,,,,,,,,,,,,20100529,WO,LG,키움,LG,목동,김풍기,20,5,-1,20100529LGWO0
체인지업,김상수,이대형,76430,73153,126,스트라이크,,,,0,0,0,3,초,0,3,0,0,좌,우,권용관,,,김상수,유선정,이숭용,김민우,황재균,강정호,클락,장기영,유한준,95158.0,,,76430,76322,94310,72303,76313,76325,78725,71347,74339,,,,,,,,,,,,,,,,,,20100529,WO,LG,키움,LG,목동,김풍기,21,1,-1,20100529LGWO0
체인지업,김상수,이대형,76430,73153,121,타격,안타,안타,이대형 : 중견수 앞 1루타; 1루주자 권용관 : 2루까지 진루;,0,1,0,3,초,0,3,0,0,좌,우,권용관,,,김상수,유선정,이숭용,김민우,황재균,강정호,클락,장기영,유한준,95158.0,,,76430,76322,94310,72303,76313,76325,78725,71347,74339,,,,,,,,,,,,,,,,,,20100529,WO,LG,키움,LG,목동,김풍기,21,2,-1,20100529LGWO0
직구,김상수,이병규,76430,76100,139,스트라이크,,,,0,0,0,3,초,0,3,0,0,좌,우,이대형,권용관,,김상수,유선정,이숭용,김민우,황재균,강정호,클락,장기영,유한준,73153.0,95158.0,,76430,76322,94310,72303,76313,76325,78725,71347,74339,,,,,,,,,,,,,,,,,,20100529,WO,LG,키움,LG,목동,김풍기,22,1,-1,20100529LGWO0
체인지업,김상수,이병규,76430,76100,118,볼,,,,0,1,0,3,초,0,3,0,0,좌,우,이대형,권용관,,김상수,유선정,이숭용,김민우,황재균,강정호,클락,장기영,유한준,73153.0,95158.0,,76430,76322,94310,72303,76313,76325,78725,71347,74339,,,,,,,,,,,,,,,,,,20100529,WO,LG,키움,LG,목동,김풍기,22,2,-1,20100529LGWO0
직구,김상수,이병규,76430,76100,140,볼,,,,1,1,0,3,초,0,3,0,0,좌,우,이대형,권용관,,김상수,유선정,이숭용,김민우,황재균,강정호,클락,장기영,유한준,73153.0,95158.0,,76430,76322,94310,72303,76313,76325,78725,71347,74339,,,,,,,,,,,,,,,,,,20100529,WO,LG,키움,LG,목동,김풍기,22,3,-1,20100529LGWO0
체인지업,김상수,이병규,76430,76100,124,타격,3루타,3루타,이병규 : 중견수 오른쪽 3루타; 1루주자 이대형 : 홈인; 2루주자 권용관 : 홈인;,2,1,0,3,초,0,3,0,2,좌,우,이대형,권용관,,김상수,유선정,이숭용,김민우,황재균,강정호,클락,장기영,유한준,73153.0,95158.0,,76430,76322,94310,72303,76313,76325,78725,71347,74339,,,,,,,,,,,,,,,,,,20100529,WO,LG,키움,LG,목동,김풍기,22,4,-1,20100529LGWO0
직구,김상수,이진영,76430,99810,140,볼,,,,0,0,0,3,초,2,3,0,0,좌,우,,,이병규,김상수,유선정,이숭용,김민우,황재균,강정호,클락,장기영,유한준,,,76100.0,76430,76322,94310,72303,76313,76325,78725,71347,74339,,,,,,,,,,,,,,,,,,20100529,WO,LG,키움,LG,목동,김풍기,23,1,-1,20100529LGWO0
직구,김상수,이진영,76430,99810,139,파울,,,,1,0,0,3,초,2,3,0,0,좌,우,,,이병규,김상수,유선정,이숭용,김민우,황재균,강정호,클락,장기영,유한준,,,76100.0,76430,76322,94310,72303,76313,76325,78725,71347,74339,,,,,,,,,,,,,,,,,,20100529,WO,LG,키움,LG,목동,김풍기,23,2,-1,20100529LGWO0
직구,김상수,이진영,76430,99810,141,파울,,,,1,1,0,3,초,2,3,0,0,좌,우,,,이병규,김상수,유선정,이숭용,김민우,황재균,강정호,클락,장기영,유한준,,,76100.0,76430,76322,94310,72303,76313,76325,78725,71347,74339,,,,,,,,,,,,,,,,,,20100529,WO,LG,키움,LG,목동,김풍기,23,3,-1,20100529LGWO0
포크,김상수,이진영,76430,99810,131,볼,,,,1,2,0,3,초,2,3,0,0,좌,우,,,이병규,김상수,유선정,이숭용,김민우,황재균,강정호,클락,장기영,유한준,,,76100.0,76430,76322,94310,72303,76313,76325,78725,71347,74339,,,,,,,,,,,,,,,,,,20100529,WO,LG,키움,LG,목동,김풍기,23,4,-1,20100529LGWO0
체인지업,김상수,이진영,76430,99810,115,타격,희생플라이,희생플라이,이진영 : 우익수 희생플라이 아웃; 3루주자 이병규 : 홈인;,2,2,0,3,초,2,3,1,1,좌,우,,,이병규,김상수,유선정,이숭용,김민우,황재균,강정호,클락,장기영,유한준,,,76100.0,76430,76322,94310,72303,76313,76325,78725,71347,74339,,,,,,,,,,,,,,,,,,20100529,WO,LG,키움,LG,목동,김풍기,23,5,-1,20100529LGWO0
직구,김상수,이병규,76430,97109,142,타격,필드 아웃,플라이 아웃,이병규 : 중견수 플라이 아웃;,0,0,1,3,초,3,3,1,0,좌,우,,,,김상수,유선정,이숭용,김민우,황재균,강정호,클락,장기영,유한준,,,,76430,76322,94310,72303,76313,76325,78725,71347,74339,,,,,,,,,,,,,,,,,,20100529,WO,LG,키움,LG,목동,김풍기,24,1,-1,20100529LGWO0
커브,김상수,이택근,76430,73342,117,파울,,,,0,0,2,3,초,3,3,0,0,우,우,,,,김상수,유선정,이숭용,김민우,황재균,강정호,클락,장기영,유한준,,,,76430,76322,94310,72303,76313,76325,78725,71347,74339,,,,,,,,,,,,,,,,,,20100529,WO,LG,키움,LG,목동,김풍기,25,1,-1,20100529LGWO0
슬라이더,김상수,이택근,76430,73342,127,스트라이크,,,,0,1,2,3,초,3,3,0,0,우,우,,,,김상수,유선정,이숭용,김민우,황재균,강정호,클락,장기영,유한준,,,,76430,76322,94310,72303,76313,76325,78725,71347,74339,,,,,,,,,,,,,,,,,,20100529,WO,LG,키움,LG,목동,김풍기,25,2,-1,20100529LGWO0
슬라이더,김상수,이택근,76430,73342,127,볼,,,,0,2,2,3,초,3,3,0,0,우,우,,,,김상수,유선정,이숭용,김민우,황재균,강정호,클락,장기영,유한준,,,,76430,76322,94310,72303,76313,76325,78725,71347,74339,,,,,,,,,,,,,,,,,,20100529,WO,LG,키움,LG,목동,김풍기,25,3,-1,20100529LGWO0
직구,김상수,이택근,76430,73342,140,볼,,,,1,2,2,3,초,3,3,0,0,우,우,,,,김상수,유선정,이숭용,김민우,황재균,강정호,클락,장기영,유한준,,,,76430,76322,94310,72303,76313,76325,78725,71347,74339,,,,,,,,,,,,,,,,,,20100529,WO,LG,키움,LG,목동,김풍기,25,4,-1,20100529LGWO0
체인지업,김상수,이택근,76430,73342,126,볼,,,,2,2,2,3,초,3,3,0,0,우,우,,,,김상수,유선정,이숭용,김민우,황재균,강정호,클락,장기영,유한준,,,,76430,76322,94310,72303,76313,76325,78725,71347,74339,,,,,,,,,,,,,,,,,,20100529,WO,LG,키움,LG,목동,김풍기,25,5,-1,20100529LGWO0
직구,김상수,이택근,76430,73342,144,타격,필드 아웃,플라이 아웃,이택근 : 중견수 플라이 아웃;,3,2,2,3,초,3,3,1,0,우,우,,,,김상수,유선정,이숭용,김민우,황재균,강정호,클락,장기영,유한준,,,,76430,76322,94310,72303,76313,76325,78725,71347,74339,,,,,,,,,,,,,,,,,,20100529,WO,LG,키움,LG,목동,김풍기,25,6,-1,20100529LGWO0
직구,박명환,강정호,96251,76325,136,볼,,,,0,0,0,3,말,3,3,0,0,우,우,,,,박명환,조인성,이진영,권용관,정성훈,오지환,이병규,이대형,이병규,,,,96251,98144,99810,95158,99606,79109,76100,73153,97109,,,,,,,,,,,,,,,,,,20100529,WO,LG,키움,LG,목동,김풍기,26,1,-1,20100529LGWO0
슬라이더,박명환,강정호,96251,76325,127,볼,,,,1,0,0,3,말,3,3,0,0,우,우,,,,박명환,조인성,이진영,권용관,정성훈,오지환,이병규,이대형,이병규,,,,96251,98144,99810,95158,99606,79109,76100,73153,97109,,,,,,,,,,,,,,,,,,20100529,WO,LG,키움,LG,목동,김풍기,26,2,-1,20100529LGWO0
직구,박명환,강정호,96251,76325,136,스트라이크,,,,2,0,0,3,말,3,3,0,0,우,우,,,,박명환,조인성,이진영,권용관,정성훈,오지환,이병규,이대형,이병규,,,,96251,98144,99810,95158,99606,79109,76100,73153,97109,,,,,,,,,,,,,,,,,,20100529,WO,LG,키움,LG,목동,김풍기,26,3,-1,20100529LGWO0
직구,박명환,강정호,96251,76325,139,볼,,,,2,1,0,3,말,3,3,0,0,우,우,,,,박명환,조인성,이진영,권용관,정성훈,오지환,이병규,이대형,이병규,,,,96251,98144,99810,95158,99606,79109,76100,73153,97109,,,,,,,,,,,,,,,,,,20100529,WO,LG,키움,LG,목동,김풍기,26,4,-1,20100529LGWO0
직구,박명환,강정호,96251,76325,136,볼,볼넷,볼넷,강정호 :  볼넷;,3,1,0,3,말,3,3,0,0,우,우,,,,박명환,조인성,이진영,권용관,정성훈,오지환,이병규,이대형,이병규,,,,96251,98144,99810,95158,99606,79109,76100,73153,97109,,,,,,,,,,,,,,,,,,20100529,WO,LG,키움,LG,목동,김풍기,26,5,-1,20100529LGWO0
직구,박명환,유한준,96251,74339,132,스트라이크,,,,0,0,0,3,말,3,3,0,0,우,우,강정호,,,박명환,조인성,이진영,권용관,정성훈,오지환,이병규,이대형,이병규,76325.0,,,96251,98144,99810,95158,99606,79109,76100,73153,97109,,,,,,,,,,,,,,,,,,20100529,WO,LG,키움,LG,목동,김풍기,27,1,-1,20100529LGWO0
직구,박명환,유한준,96251,74339,138,번트파울,,,,0,1,0,3,말,3,3,0,0,우,우,강정호,,,박명환,조인성,이진영,권용관,정성훈,오지환,이병규,이대형,이병규,76325.0,,,96251,98144,99810,95158,99606,79109,76100,73153,97109,,,,,,,,,,,,,,,,,,20100529,WO,LG,키움,LG,목동,김풍기,27,2,-1,20100529LGWO0
직구,박명환,유한준,96251,74339,138,볼,,,,0,2,0,3,말,3,3,0,0,우,우,강정호,,,박명환,조인성,이진영,권용관,정성훈,오지환,이병규,이대형,이병규,76325.0,,,96251,98144,99810,95158,99606,79109,76100,73153,97109,,,,,,,,,,,,,,,,,,20100529,WO,LG,키움,LG,목동,김풍기,27,3,-1,20100529LGWO0
슬라이더,박명환,유한준,96251,74339,128,타격,병살타,병살타,유한준 : 3루수 병살타 아웃 (3루수->2루수->1루수 송구아웃); 1루주자 강정호 :  포스아웃 (3루수->2루수 2루 터치아웃);,1,2,0,3,말,3,3,2,0,우,우,강정호,,,박명환,조인성,이진영,권용관,정성훈,오지환,이병규,이대형,이병규,76325.0,,,96251,98144,99810,95158,99606,79109,76100,73153,97109,,,,,,,,,,,,,,,,,,20100529,WO,LG,키움,LG,목동,김풍기,27,4,-1,20100529LGWO0
직구,박명환,클락,96251,78725,135,볼,,,,0,0,2,3,말,3,3,0,0,좌,우,,,,박명환,조인성,이진영,권용관,정성훈,오지환,이병규,이대형,이병규,,,,96251,98144,99810,95158,99606,79109,76100,73153,97109,,,,,,,,,,,,,,,,,,20100529,WO,LG,키움,LG,목동,김풍기,28,1,-1,20100529LGWO0
직구,박명환,클락,96251,78725,136,타격,안타,안타,클락 : 우익수 앞 1루타;,1,0,2,3,말,3,3,0,0,좌,우,,,,박명환,조인성,이진영,권용관,정성훈,오지환,이병규,이대형,이병규,,,,96251,98144,99810,95158,99606,79109,76100,73153,97109,,,,,,,,,,,,,,,,,,20100529,WO,LG,키움,LG,목동,김풍기,28,2,-1,20100529LGWO0
직구,박명환,송지만,96251,96761,138,파울,,,,0,0,2,3,말,3,3,0,0,우,우,클락,,,박명환,조인성,이진영,권용관,정성훈,오지환,이병규,이대형,이병규,78725.0,,,96251,98144,99810,95158,99606,79109,76100,73153,97109,,,,,,,,,,,,,,,,,,20100529,WO,LG,키움,LG,목동,김풍기,29,1,-1,20100529LGWO0
슬라이더,박명환,송지만,96251,96761,128,볼,,,,0,1,2,3,말,3,3,0,0,우,우,클락,,,박명환,조인성,이진영,권용관,정성훈,오지환,이병규,이대형,이병규,78725.0,,,96251,98144,99810,95158,99606,79109,76100,73153,97109,,,,,,,,,,,,,,,,,,20100529,WO,LG,키움,LG,목동,김풍기,29,2,-1,20100529LGWO0
슬라이더,박명환,송지만,96251,96761,126,파울,,,,1,1,2,3,말,3,3,0,0,우,우,클락,,,박명환,조인성,이진영,권용관,정성훈,오지환,이병규,이대형,이병규,78725.0,,,96251,98144,99810,95158,99606,79109,76100,73153,97109,,,,,,,,,,,,,,,,,,20100529,WO,LG,키움,LG,목동,김풍기,29,3,-1,20100529LGWO0
직구,박명환,송지만,96251,96761,136,볼,,,,1,2,2,3,말,3,3,0,0,우,우,클락,,,박명환,조인성,이진영,권용관,정성훈,오지환,이병규,이대형,이병규,78725.0,,,96251,98144,99810,95158,99606,79109,76100,73153,97109,,,,,,,,,,,,,,,,,,20100529,WO,LG,키움,LG,목동,김풍기,29,4,-1,20100529LGWO0
,박명환,송지만,96251,96761,,,,,1루주자 클락 :  도루로 2루까지 진루;,2,2,2,3,말,3,3,0,0,우,우,클락,,,박명환,조인성,이진영,권용관,정성훈,오지환,이병규,이대형,이병규,78725.0,,,96251,98144,99810,95158,99606,79109,76100,73153,97109,,,,,,,,,,,,,,,,,,20100529,WO,LG,키움,LG,목동,김풍기,29,,,20100529LGWO0
슬라이더,박명환,송지만,96251,96761,126,타격,안타,안타,송지만 : 중견수 왼쪽 1루타; 2루주자 클락 : 홈인;,2,2,2,3,말,3,3,0,1,우,우,,클락,,박명환,조인성,이진영,권용관,정성훈,오지환,이병규,이대형,이병규,,78725.0,,96251,98144,99810,95158,99606,79109,76100,73153,97109,,,,,,,,,,,,,,,,,,20100529,WO,LG,키움,LG,목동,김풍기,29,5,-1,20100529LGWO0
슬라이더,박명환,이숭용,96251,94310,128,파울,,,,0,0,2,3,말,3,4,0,0,좌,우,송지만,,,박명환,조인성,이진영,권용관,정성훈,오지환,이병규,이대형,이병규,96761.0,,,96251,98144,99810,95158,99606,79109,76100,73153,97109,,,,,,,,,,,,,,,,,,20100529,WO,LG,키움,LG,목동,김풍기,30,1,-1,20100529LGWO0
직구,박명환,이숭용,96251,94310,138,볼,,,,0,1,2,3,말,3,4,0,0,좌,우,송지만,,,박명환,조인성,이진영,권용관,정성훈,오지환,이병규,이대형,이병규,96761.0,,,96251,98144,99810,95158,99606,79109,76100,73153,97109,,,,,,,,,,,,,,,,,,20100529,WO,LG,키움,LG,목동,김풍기,30,2,-1,20100529LGWO0
슬라이더,박명환,이숭용,96251,94310,127,파울,,,,1,1,2,3,말,3,4,0,0,좌,우,송지만,,,박명환,조인성,이진영,권용관,정성훈,오지환,이병규,이대형,이병규,96761.0,,,96251,98144,99810,95158,99606,79109,76100,73153,97109,,,,,,,,,,,,,,,,,,20100529,WO,LG,키움,LG,목동,김풍기,30,3,-1,20100529LGWO0
직구,박명환,이숭용,96251,94310,134,타격,포스 아웃,땅볼 아웃,이숭용 : 2루수 땅볼 아웃 (2루수->1루수 송구아웃);,1,2,2,3,말,3,4,1,0,좌,우,송지만,,,박명환,조인성,이진영,권용관,정성훈,오지환,이병규,이대형,이병규,96761.0,,,96251,98144,99810,95158,99606,79109,76100,73153,97109,,,,,,,,,,,,,,,,,,20100529,WO,LG,키움,LG,목동,김풍기,30,4,-1,20100529LGWO0
커브,김상수,정성훈,76430,99606,115,볼,,,,0,0,0,4,초,3,4,0,0,우,우,,,,김상수,유선정,이숭용,김민우,황재균,강정호,클락,장기영,유한준,,,,76430,76322,94310,72303,76313,76325,78725,71347,74339,,,,,,,,,,,,,,,,,,20100529,WO,LG,키움,LG,목동,김풍기,31,1,-1,20100529LGWO0
직구,김상수,정성훈,76430,99606,136,스트라이크,,,,1,0,0,4,초,3,4,0,0,우,우,,,,김상수,유선정,이숭용,김민우,황재균,강정호,클락,장기영,유한준,,,,76430,76322,94310,72303,76313,76325,78725,71347,74339,,,,,,,,,,,,,,,,,,20100529,WO,LG,키움,LG,목동,김풍기,31,2,-1,20100529LGWO0
직구,김상수,정성훈,76430,99606,142,파울,,,,1,1,0,4,초,3,4,0,0,우,우,,,,김상수,유선정,이숭용,김민우,황재균,강정호,클락,장기영,유한준,,,,76430,76322,94310,72303,76313,76325,78725,71347,74339,,,,,,,,,,,,,,,,,,20100529,WO,LG,키움,LG,목동,김풍기,31,3,-1,20100529LGWO0
직구,김상수,정성훈,76430,99606,142,타격,안타,안타,정성훈 : 중견수 앞 1루타;,1,2,0,4,초,3,4,0,0,우,우,,,,김상수,유선정,이숭용,김민우,황재균,강정호,클락,장기영,유한준,,,,76430,76322,94310,72303,76313,76325,78725,71347,74339,,,,,,,,,,,,,,,,,,20100529,WO,LG,키움,LG,목동,김풍기,31,4,-1,20100529LGWO0
직구,김상수,오지환,76430,79109,140,볼,,,,0,0,0,4,초,3,4,0,0,좌,우,정성훈,,,김상수,유선정,이숭용,김민우,황재균,강정호,클락,장기영,유한준,99606.0,,,76430,76322,94310,72303,76313,76325,78725,71347,74339,,,,,,,,,,,,,,,,,,20100529,WO,LG,키움,LG,목동,김풍기,32,1,-1,20100529LGWO0
직구,김상수,오지환,76430,79109,139,볼,,,,1,0,0,4,초,3,4,0,0,좌,우,정성훈,,,김상수,유선정,이숭용,김민우,황재균,강정호,클락,장기영,유한준,99606.0,,,76430,76322,94310,72303,76313,76325,78725,71347,74339,,,,,,,,,,,,,,,,,,20100529,WO,LG,키움,LG,목동,김풍기,32,2,-1,20100529LGWO0
직구,김상수,오지환,76430,79109,138,파울,,,,2,0,0,4,초,3,4,0,0,좌,우,정성훈,,,김상수,유선정,이숭용,김민우,황재균,강정호,클락,장기영,유한준,99606.0,,,76430,76322,94310,72303,76313,76325,78725,71347,74339,,,,,,,,,,,,,,,,,,20100529,WO,LG,키움,LG,목동,김풍기,32,3,-1,20100529LGWO0
직구,김상수,오지환,76430,79109,139,타격,안타,안타,오지환 : 유격수 맞고 중전 1루타; 1루주자 정성훈 : 3루까지 진루;,2,1,0,4,초,3,4,0,0,좌,우,정성훈,,,김상수,유선정,이숭용,김민우,황재균,강정호,클락,장기영,유한준,99606.0,,,76430,76322,94310,72303,76313,76325,78725,71347,74339,,,,,,,,,,,,,,,,,,20100529,WO,LG,키움,LG,목동,김풍기,32,4,-1,20100529LGWO0
커브,김상수,조인성,76430,98144,116,볼,,,,0,0,0,4,초,3,4,0,0,우,우,오지환,,정성훈,김상수,유선정,이숭용,김민우,황재균,강정호,클락,장기영,유한준,79109.0,,99606.0,76430,76322,94310,72303,76313,76325,78725,71347,74339,,,,,,,,,,,,,,,,,,20100529,WO,LG,키움,LG,목동,김풍기,33,1,-1,20100529LGWO0
직구,김상수,조인성,76430,98144,137,타격,필드 아웃,파울 플라이 아웃,조인성 : 1루수 파울플라이 아웃;,1,0,0,4,초,3,4,1,0,우,우,오지환,,정성훈,김상수,유선정,이숭용,김민우,황재균,강정호,클락,장기영,유한준,79109.0,,99606.0,76430,76322,94310,72303,76313,76325,78725,71347,74339,,,,,,,,,,,,,,,,,,20100529,WO,LG,키움,LG,목동,김풍기,33,2,-1,20100529LGWO0
직구,김상수,권용관,76430,95158,138,번트헛스윙,,,,0,0,1,4,초,3,4,0,0,우,우,오지환,,정성훈,김상수,유선정,이숭용,김민우,황재균,강정호,클락,장기영,유한준,79109.0,,99606.0,76430,76322,94310,72303,76313,76325,78725,71347,74339,,,,,,,,,,,,,,,,,,20100529,WO,LG,키움,LG,목동,김풍기,34,1,-1,20100529LGWO0
,김상수,권용관,76430,95158,,,,,1루주자 오지환 :  도루로 2루까지 진루;,0,1,1,4,초,3,4,0,0,우,우,오지환,,정성훈,김상수,유선정,이숭용,김민우,황재균,강정호,클락,장기영,유한준,79109.0,,99606.0,76430,76322,94310,72303,76313,76325,78725,71347,74339,,,,,,,,,,,,,,,,,,20100529,WO,LG,키움,LG,목동,김풍기,34,,,20100529LGWO0
직구,김상수,권용관,76430,95158,138,볼,,,,0,1,1,4,초,3,4,0,0,우,우,,오지환,정성훈,김상수,유선정,이숭용,김민우,황재균,강정호,클락,장기영,유한준,,79109.0,99606.0,76430,76322,94310,72303,76313,76325,78725,71347,74339,,,,,,,,,,,,,,,,,,20100529,WO,LG,키움,LG,목동,김풍기,34,2,-1,20100529LGWO0
슬라이더,김상수,권용관,76430,95158,126,타격,필드 아웃,플라이 아웃,권용관 : 2루수 플라이 아웃;,1,1,1,4,초,3,4,1,0,우,우,,오지환,정성훈,김상수,유선정,이숭용,김민우,황재균,강정호,클락,장기영,유한준,,79109.0,99606.0,76430,76322,94310,72303,76313,76325,78725,71347,74339,,,,,,,,,,,,,,,,,,20100529,WO,LG,키움,LG,목동,김풍기,34,3,-1,20100529LGWO0
직구,김상수,이대형,76430,73153,138,타격,안타,안타,이대형 : 좌익수 앞 1루타; 1루주자 이대형 : 좌익수 실책으로 2루까지 진루(좌익수 실책->포수); 2루주자 오지환 : 홈인; 3루주자 정성훈 : 홈인;,0,0,2,4,초,3,4,0,2,좌,우,,오지환,정성훈,김상수,유선정,이숭용,김민우,황재균,강정호,클락,장기영,유한준,,79109.0,99606.0,76430,76322,94310,72303,76313,76325,78725,71347,74339,,,,,,,,,,,,,,,,,,20100529,WO,LG,키움,LG,목동,김풍기,35,1,-1,20100529LGWO0
,김상수,이병규,76430,76100,,,,,투수 김상수 : 투수 오재영 (으)로 교체;,0,0,2,4,초,5,4,0,0,좌,우,,이대형,,김상수,유선정,이숭용,김민우,황재균,강정호,클락,장기영,유한준,,73153.0,,76430,76322,94310,72303,76313,76325,78725,71347,74339,,,,,,,,,,,,,,,,,,20100529,WO,LG,키움,LG,목동,김풍기,36,,,20100529LGWO0
직구,오재영,이병규,74359,76100,137,스트라이크,,,,0,0,2,4,초,5,4,0,0,좌,좌,,이대형,,오재영,유선정,이숭용,김민우,황재균,강정호,클락,장기영,유한준,,73153.0,,74359,76322,94310,72303,76313,76325,78725,71347,74339,,,,,,,,,,,,,,,,,,20100529,WO,LG,키움,LG,목동,김풍기,36,1,-1,20100529LGWO0
커브,오재영,이병규,74359,76100,118,볼,,,,0,1,2,4,초,5,4,0,0,좌,좌,,이대형,,오재영,유선정,이숭용,김민우,황재균,강정호,클락,장기영,유한준,,73153.0,,74359,76322,94310,72303,76313,76325,78725,71347,74339,,,,,,,,,,,,,,,,,,20100529,WO,LG,키움,LG,목동,김풍기,36,2,-1,20100529LGWO0
커브,오재영,이병규,74359,76100,108,볼,,,,1,1,2,4,초,5,4,0,0,좌,좌,,이대형,,오재영,유선정,이숭용,김민우,황재균,강정호,클락,장기영,유한준,,73153.0,,74359,76322,94310,72303,76313,76325,78725,71347,74339,,,,,,,,,,,,,,,,,,20100529,WO,LG,키움,LG,목동,김풍기,36,3,-1,20100529LGWO0
직구,오재영,이병규,74359,76100,138,파울,,,,2,1,2,4,초,5,4,0,0,좌,좌,,이대형,,오재영,유선정,이숭용,김민우,황재균,강정호,클락,장기영,유한준,,73153.0,,74359,76322,94310,72303,76313,76325,78725,71347,74339,,,,,,,,,,,,,,,,,,20100529,WO,LG,키움,LG,목동,김풍기,36,4,-1,20100529LGWO0
슬라이더,오재영,이병규,74359,76100,125,타격,포스 아웃,땅볼 아웃,이병규 : 3루수 땅볼 아웃 (3루수->1루수 송구아웃);,2,2,2,4,초,5,4,1,0,좌,좌,,이대형,,오재영,유선정,이숭용,김민우,황재균,강정호,클락,장기영,유한준,,73153.0,,74359,76322,94310,72303,76313,76325,78725,71347,74339,,,,,,,,,,,,,,,,,,20100529,WO,LG,키움,LG,목동,김풍기,36,5,-1,20100529LGWO0
직구,박명환,유선정,96251,76322,137,볼,,,,0,0,0,4,말,5,4,0,0,우,우,,,,박명환,조인성,이진영,권용관,정성훈,오지환,이병규,이대형,이병규,,,,96251,98144,99810,95158,99606,79109,76100,73153,97109,,,,,,,,,,,,,,,,,,20100529,WO,LG,키움,LG,목동,김풍기,37,1,-1,20100529LGWO0
직구,박명환,유선정,96251,76322,138,볼,,,,1,0,0,4,말,5,4,0,0,우,우,,,,박명환,조인성,이진영,권용관,정성훈,오지환,이병규,이대형,이병규,,,,96251,98144,99810,95158,99606,79109,76100,73153,97109,,,,,,,,,,,,,,,,,,20100529,WO,LG,키움,LG,목동,김풍기,37,2,-1,20100529LGWO0
직구,박명환,유선정,96251,76322,137,스트라이크,,,,2,0,0,4,말,5,4,0,0,우,우,,,,박명환,조인성,이진영,권용관,정성훈,오지환,이병규,이대형,이병규,,,,96251,98144,99810,95158,99606,79109,76100,73153,97109,,,,,,,,,,,,,,,,,,20100529,WO,LG,키움,LG,목동,김풍기,37,3,-1,20100529LGWO0
직구,박명환,유선정,96251,76322,131,볼,,,,2,1,0,4,말,5,4,0,0,우,우,,,,박명환,조인성,이진영,권용관,정성훈,오지환,이병규,이대형,이병규,,,,96251,98144,99810,95158,99606,79109,76100,73153,97109,,,,,,,,,,,,,,,,,,20100529,WO,LG,키움,LG,목동,김풍기,37,4,-1,20100529LGWO0
직구,박명환,유선정,96251,76322,136,볼,볼넷,볼넷,유선정 :  볼넷;,3,1,0,4,말,5,4,0,0,우,우,,,,박명환,조인성,이진영,권용관,정성훈,오지환,이병규,이대형,이병규,,,,96251,98144,99810,95158,99606,79109,76100,73153,97109,,,,,,,,,,,,,,,,,,20100529,WO,LG,키움,LG,목동,김풍기,37,5,-1,20100529LGWO0
,박명환,김민우,96251,72303,,,,,투수 박명환 : 투수 김광수 (으)로 교체;,0,0,0,4,말,5,4,0,0,우,우,유선정,,,박명환,조인성,이진영,권용관,정성훈,오지환,이병규,이대형,이병규,76322.0,,,96251,98144,99810,95158,99606,79109,76100,73153,97109,,,,,,,,,,,,,,,,,,20100529,WO,LG,키움,LG,목동,김풍기,38,,,20100529LGWO0
슬라이더,김광수,김민우,70142,72303,129,볼,,,,0,0,0,4,말,5,4,0,0,우,우,유선정,,,김광수,조인성,이진영,권용관,정성훈,오지환,이병규,이대형,이병규,76322.0,,,70142,98144,99810,95158,99606,79109,76100,73153,97109,,,,,,,,,,,,,,,,,,20100529,WO,LG,키움,LG,목동,김풍기,38,1,-1,20100529LGWO0
직구,김광수,김민우,70142,72303,139,헛스윙,,,,1,0,0,4,말,5,4,0,0,우,우,유선정,,,김광수,조인성,이진영,권용관,정성훈,오지환,이병규,이대형,이병규,76322.0,,,70142,98144,99810,95158,99606,79109,76100,73153,97109,,,,,,,,,,,,,,,,,,20100529,WO,LG,키움,LG,목동,김풍기,38,2,-1,20100529LGWO0
,김광수,김민우,70142,72303,,,,,1루주자 유선정 :  도루로 2루까지 진루;,1,1,0,4,말,5,4,0,0,우,우,유선정,,,김광수,조인성,이진영,권용관,정성훈,오지환,이병규,이대형,이병규,76322.0,,,70142,98144,99810,95158,99606,79109,76100,73153,97109,,,,,,,,,,,,,,,,,,20100529,WO,LG,키움,LG,목동,김풍기,38,,,20100529LGWO0
슬라이더,김광수,김민우,70142,72303,132,파울,,,,1,1,0,4,말,5,4,0,0,우,우,,유선정,,김광수,조인성,이진영,권용관,정성훈,오지환,이병규,이대형,이병규,,76322.0,,70142,98144,99810,95158,99606,79109,76100,73153,97109,,,,,,,,,,,,,,,,,,20100529,WO,LG,키움,LG,목동,김풍기,38,3,-1,20100529LGWO0
직구,김광수,김민우,70142,72303,145,타격,안타,안타,김민우 : 우익수 오른쪽 1루타; 2루주자 유선정 : 3루까지 진루;,1,2,0,4,말,5,4,0,0,우,우,,유선정,,김광수,조인성,이진영,권용관,정성훈,오지환,이병규,이대형,이병규,,76322.0,,70142,98144,99810,95158,99606,79109,76100,73153,97109,,,,,,,,,,,,,,,,,,20100529,WO,LG,키움,LG,목동,김풍기,38,4,-1,20100529LGWO0
직구,김광수,장기영,70142,71347,144,볼,,,,0,0,0,4,말,5,4,0,0,좌,우,김민우,,유선정,김광수,조인성,이진영,권용관,정성훈,오지환,이병규,이대형,이병규,72303.0,,76322.0,70142,98144,99810,95158,99606,79109,76100,73153,97109,,,,,,,,,,,,,,,,,,20100529,WO,LG,키움,LG,목동,김풍기,39,1,-1,20100529LGWO0
직구,김광수,장기영,70142,71347,143,파울,,,,1,0,0,4,말,5,4,0,0,좌,우,김민우,,유선정,김광수,조인성,이진영,권용관,정성훈,오지환,이병규,이대형,이병규,72303.0,,76322.0,70142,98144,99810,95158,99606,79109,76100,73153,97109,,,,,,,,,,,,,,,,,,20100529,WO,LG,키움,LG,목동,김풍기,39,2,-1,20100529LGWO0
직구,김광수,장기영,70142,71347,135,볼,,,,1,1,0,4,말,5,4,0,0,좌,우,김민우,,유선정,김광수,조인성,이진영,권용관,정성훈,오지환,이병규,이대형,이병규,72303.0,,76322.0,70142,98144,99810,95158,99606,79109,76100,73153,97109,,,,,,,,,,,,,,,,,,20100529,WO,LG,키움,LG,목동,김풍기,39,3,-1,20100529LGWO0
커브,김광수,장기영,70142,71347,114,볼,,,,2,1,0,4,말,5,4,0,0,좌,우,김민우,,유선정,김광수,조인성,이진영,권용관,정성훈,오지환,이병규,이대형,이병규,72303.0,,76322.0,70142,98144,99810,95158,99606,79109,76100,73153,97109,,,,,,,,,,,,,,,,,,20100529,WO,LG,키움,LG,목동,김풍기,39,4,-1,20100529LGWO0
직구,김광수,장기영,70142,71347,144,타격,2루타,2루타,장기영 : 우익수 앞 2루타; 1루주자 김민우 : 3루까지 진루; 3루주자 유선정 : 홈인;,3,1,0,4,말,5,4,0,1,좌,우,김민우,,유선정,김광수,조인성,이진영,권용관,정성훈,오지환,이병규,이대형,이병규,72303.0,,76322.0,70142,98144,99810,95158,99606,79109,76100,73153,97109,,,,,,,,,,,,,,,,,,20100529,WO,LG,키움,LG,목동,김풍기,39,5,-1,20100529LGWO0
직구,김광수,황재균,70142,76313,138,볼,,,,0,0,0,4,말,5,5,0,0,우,우,,장기영,김민우,김광수,조인성,이진영,권용관,정성훈,오지환,이병규,이대형,이병규,,71347.0,72303.0,70142,98144,99810,95158,99606,79109,76100,73153,97109,,,,,,,,,,,,,,,,,,20100529,WO,LG,키움,LG,목동,김풍기,40,1,-1,20100529LGWO0
슬라이더,김광수,황재균,70142,76313,130,볼,,,,1,0,0,4,말,5,5,0,0,우,우,,장기영,김민우,김광수,조인성,이진영,권용관,정성훈,오지환,이병규,이대형,이병규,,71347.0,72303.0,70142,98144,99810,95158,99606,79109,76100,73153,97109,,,,,,,,,,,,,,,,,,20100529,WO,LG,키움,LG,목동,김풍기,40,2,-1,20100529LGWO0
슬라이더,김광수,황재균,70142,76313,129,타격,희생플라이,희생플라이,황재균 : 좌익수 희생플라이 아웃; 3루주자 김민우 : 홈인;,2,0,0,4,말,5,5,1,1,우,우,,장기영,김민우,김광수,조인성,이진영,권용관,정성훈,오지환,이병규,이대형,이병규,,71347.0,72303.0,70142,98144,99810,95158,99606,79109,76100,73153,97109,,,,,,,,,,,,,,,,,,20100529,WO,LG,키움,LG,목동,김풍기,40,3,-1,20100529LGWO0
슬라이더,김광수,강정호,70142,76325,129,스트라이크,,,,0,0,1,4,말,5,6,0,0,우,우,,장기영,,김광수,조인성,이진영,권용관,정성훈,오지환,이병규,이대형,이병규,,71347.0,,70142,98144,99810,95158,99606,79109,76100,73153,97109,,,,,,,,,,,,,,,,,,20100529,WO,LG,키움,LG,목동,김풍기,41,1,-1,20100529LGWO0
직구,김광수,강정호,70142,76325,141,볼,,,,0,1,1,4,말,5,6,0,0,우,우,,장기영,,김광수,조인성,이진영,권용관,정성훈,오지환,이병규,이대형,이병규,,71347.0,,70142,98144,99810,95158,99606,79109,76100,73153,97109,,,,,,,,,,,,,,,,,,20100529,WO,LG,키움,LG,목동,김풍기,41,2,-1,20100529LGWO0
슬라이더,김광수,강정호,70142,76325,129,헛스윙,,,,1,1,1,4,말,5,6,0,0,우,우,,장기영,,김광수,조인성,이진영,권용관,정성훈,오지환,이병규,이대형,이병규,,71347.0,,70142,98144,99810,95158,99606,79109,76100,73153,97109,,,,,,,,,,,,,,,,,,20100529,WO,LG,키움,LG,목동,김풍기,41,3,-1,20100529LGWO0
직구,김광수,강정호,70142,76325,137,볼,,,,1,2,1,4,말,5,6,0,0,우,우,,장기영,,김광수,조인성,이진영,권용관,정성훈,오지환,이병규,이대형,이병규,,71347.0,,70142,98144,99810,95158,99606,79109,76100,73153,97109,,,,,,,,,,,,,,,,,,20100529,WO,LG,키움,LG,목동,김풍기,41,4,-1,20100529LGWO0
직구,김광수,강정호,70142,76325,143,볼,,,,2,2,1,4,말,5,6,0,0,우,우,,장기영,,김광수,조인성,이진영,권용관,정성훈,오지환,이병규,이대형,이병규,,71347.0,,70142,98144,99810,95158,99606,79109,76100,73153,97109,,,,,,,,,,,,,,,,,,20100529,WO,LG,키움,LG,목동,김풍기,41,5,-1,20100529LGWO0
직구,김광수,강정호,70142,76325,141,타격,포스 아웃,땅볼 아웃,강정호 : 3루수 땅볼 아웃 (3루수->1루수 송구아웃); 2루주자 장기영 : 3루까지 진루;,3,2,1,4,말,5,6,1,0,우,우,,장기영,,김광수,조인성,이진영,권용관,정성훈,오지환,이병규,이대형,이병규,,71347.0,,70142,98144,99810,95158,99606,79109,76100,73153,97109,,,,,,,,,,,,,,,,,,20100529,WO,LG,키움,LG,목동,김풍기,41,6,-1,20100529LGWO0
직구,김광수,유한준,70142,74339,140,볼,,,,0,0,2,4,말,5,6,0,0,우,우,,,장기영,김광수,조인성,이진영,권용관,정성훈,오지환,이병규,이대형,이병규,,,71347.0,70142,98144,99810,95158,99606,79109,76100,73153,97109,,,,,,,,,,,,,,,,,,20100529,WO,LG,키움,LG,목동,김풍기,42,1,-1,20100529LGWO0
직구,김광수,유한준,70142,74339,136,볼,,,,1,0,2,4,말,5,6,0,0,우,우,,,장기영,김광수,조인성,이진영,권용관,정성훈,오지환,이병규,이대형,이병규,,,71347.0,70142,98144,99810,95158,99606,79109,76100,73153,97109,,,,,,,,,,,,,,,,,,20100529,WO,LG,키움,LG,목동,김풍기,42,2,-1,20100529LGWO0
슬라이더,김광수,유한준,70142,74339,125,볼,,,,2,0,2,4,말,5,6,0,0,우,우,,,장기영,김광수,조인성,이진영,권용관,정성훈,오지환,이병규,이대형,이병규,,,71347.0,70142,98144,99810,95158,99606,79109,76100,73153,97109,,,,,,,,,,,,,,,,,,20100529,WO,LG,키움,LG,목동,김풍기,42,3,-1,20100529LGWO0
슬라이더,김광수,유한준,70142,74339,126,볼,볼넷,볼넷,유한준 :  볼넷;,3,0,2,4,말,5,6,0,0,우,우,,,장기영,김광수,조인성,이진영,권용관,정성훈,오지환,이병규,이대형,이병규,,,71347.0,70142,98144,99810,95158,99606,79109,76100,73153,97109,,,,,,,,,,,,,,,,,,20100529,WO,LG,키움,LG,목동,김풍기,42,4,-1,20100529LGWO0
직구,김광수,클락,70142,78725,144,스트라이크,,,,0,0,2,4,말,5,6,0,0,좌,우,유한준,,장기영,김광수,조인성,이진영,권용관,정성훈,오지환,이병규,이대형,이병규,74339.0,,71347.0,70142,98144,99810,95158,99606,79109,76100,73153,97109,,,,,,,,,,,,,,,,,,20100529,WO,LG,키움,LG,목동,김풍기,43,1,-1,20100529LGWO0
직구,김광수,클락,70142,78725,144,볼,,,,0,1,2,4,말,5,6,0,0,좌,우,유한준,,장기영,김광수,조인성,이진영,권용관,정성훈,오지환,이병규,이대형,이병규,74339.0,,71347.0,70142,98144,99810,95158,99606,79109,76100,73153,97109,,,,,,,,,,,,,,,,,,20100529,WO,LG,키움,LG,목동,김풍기,43,2,-1,20100529LGWO0
슬라이더,김광수,클락,70142,78725,133,타격,포스 아웃,땅볼 아웃,클락 : 2루수 땅볼 아웃 (2루수->1루수 송구아웃);,1,1,2,4,말,5,6,1,0,좌,우,유한준,,장기영,김광수,조인성,이진영,권용관,정성훈,오지환,이병규,이대형,이병규,74339.0,,71347.0,70142,98144,99810,95158,99606,79109,76100,73153,97109,,,,,,,,,,,,,,,,,,20100529,WO,LG,키움,LG,목동,김풍기,43,3,-1,20100529LGWO0
슬라이더,오재영,이진영,74359,99810,126,볼,,,,0,0,0,5,초,5,6,0,0,좌,좌,,,,오재영,유선정,이숭용,김민우,황재균,강정호,클락,장기영,유한준,,,,74359,76322,94310,72303,76313,76325,78725,71347,74339,,,,,,,,,,,,,,,,,,20100529,WO,LG,키움,LG,목동,김풍기,44,1,-1,20100529LGWO0
직구,오재영,이진영,74359,99810,136,볼,,,,1,0,0,5,초,5,6,0,0,좌,좌,,,,오재영,유선정,이숭용,김민우,황재균,강정호,클락,장기영,유한준,,,,74359,76322,94310,72303,76313,76325,78725,71347,74339,,,,,,,,,,,,,,,,,,20100529,WO,LG,키움,LG,목동,김풍기,44,2,-1,20100529LGWO0
직구,오재영,이진영,74359,99810,131,타격,포스 아웃,땅볼 아웃,이진영 : 2루수 땅볼 아웃 (2루수->1루수 송구아웃);,2,0,0,5,초,5,6,1,0,좌,좌,,,,오재영,유선정,이숭용,김민우,황재균,강정호,클락,장기영,유한준,,,,74359,76322,94310,72303,76313,76325,78725,71347,74339,,,,,,,,,,,,,,,,,,20100529,WO,LG,키움,LG,목동,김풍기,44,3,-1,20100529LGWO0
커브,오재영,이병규,74359,97109,116,볼,,,,0,0,1,5,초,5,6,0,0,좌,좌,,,,오재영,유선정,이숭용,김민우,황재균,강정호,클락,장기영,유한준,,,,74359,76322,94310,72303,76313,76325,78725,71347,74339,,,,,,,,,,,,,,,,,,20100529,WO,LG,키움,LG,목동,김풍기,45,1,-1,20100529LGWO0
직구,오재영,이병규,74359,97109,140,스트라이크,,,,1,0,1,5,초,5,6,0,0,좌,좌,,,,오재영,유선정,이숭용,김민우,황재균,강정호,클락,장기영,유한준,,,,74359,76322,94310,72303,76313,76325,78725,71347,74339,,,,,,,,,,,,,,,,,,20100529,WO,LG,키움,LG,목동,김풍기,45,2,-1,20100529LGWO0
직구,오재영,이병규,74359,97109,139,볼,,,,1,1,1,5,초,5,6,0,0,좌,좌,,,,오재영,유선정,이숭용,김민우,황재균,강정호,클락,장기영,유한준,,,,74359,76322,94310,72303,76313,76325,78725,71347,74339,,,,,,,,,,,,,,,,,,20100529,WO,LG,키움,LG,목동,김풍기,45,3,-1,20100529LGWO0
직구,오재영,이병규,74359,97109,140,파울,,,,2,1,1,5,초,5,6,0,0,좌,좌,,,,오재영,유선정,이숭용,김민우,황재균,강정호,클락,장기영,유한준,,,,74359,76322,94310,72303,76313,76325,78725,71347,74339,,,,,,,,,,,,,,,,,,20100529,WO,LG,키움,LG,목동,김풍기,45,4,-1,20100529LGWO0
슬라이더,오재영,이병규,74359,97109,130,타격,안타,안타,이병규 : 중견수 앞 1루타;,2,2,1,5,초,5,6,0,0,좌,좌,,,,오재영,유선정,이숭용,김민우,황재균,강정호,클락,장기영,유한준,,,,74359,76322,94310,72303,76313,76325,78725,71347,74339,,,,,,,,,,,,,,,,,,20100529,WO,LG,키움,LG,목동,김풍기,45,5,-1,20100529LGWO0
,오재영,이택근,74359,73342,,,,,투수 오재영 : 투수 문성현 (으)로 교체;,0,0,1,5,초,5,6,0,0,우,좌,이병규,,,오재영,유선정,이숭용,김민우,황재균,강정호,클락,장기영,유한준,97109.0,,,74359,76322,94310,72303,76313,76325,78725,71347,74339,,,,,,,,,,,,,,,,,,20100529,WO,LG,키움,LG,목동,김풍기,46,,,20100529LGWO0
슬라이더,문성현,이택근,60336,73342,128,볼,,,,0,0,1,5,초,5,6,0,0,우,우,이병규,,,문성현,유선정,이숭용,김민우,황재균,강정호,클락,장기영,유한준,97109.0,,,60336,76322,94310,72303,76313,76325,78725,71347,74339,,,,,,,,,,,,,,,,,,20100529,WO,LG,키움,LG,목동,김풍기,46,1,-1,20100529LGWO0
직구,문성현,이택근,60336,73342,140,볼,,,,1,0,1,5,초,5,6,0,0,우,우,이병규,,,문성현,유선정,이숭용,김민우,황재균,강정호,클락,장기영,유한준,97109.0,,,60336,76322,94310,72303,76313,76325,78725,71347,74339,,,,,,,,,,,,,,,,,,20100529,WO,LG,키움,LG,목동,김풍기,46,2,-1,20100529LGWO0
직구,문성현,이택근,60336,73342,133,볼,,,,2,0,1,5,초,5,6,0,0,우,우,이병규,,,문성현,유선정,이숭용,김민우,황재균,강정호,클락,장기영,유한준,97109.0,,,60336,76322,94310,72303,76313,76325,78725,71347,74339,,,,,,,,,,,,,,,,,,20100529,WO,LG,키움,LG,목동,김풍기,46,3,-1,20100529LGWO0
직구,문성현,이택근,60336,73342,139,볼,볼넷,볼넷,이택근 :  볼넷; 1루주자 이병규 : 2루까지 진루;,3,0,1,5,초,5,6,0,0,우,우,이병규,,,문성현,유선정,이숭용,김민우,황재균,강정호,클락,장기영,유한준,97109.0,,,60336,76322,94310,72303,76313,76325,78725,71347,74339,,,,,,,,,,,,,,,,,,20100529,WO,LG,키움,LG,목동,김풍기,46,4,-1,20100529LGWO0
커브,문성현,정성훈,60336,99606,117,볼,,,,0,0,1,5,초,5,6,0,0,우,우,이택근,이병규,,문성현,유선정,이숭용,김민우,황재균,강정호,클락,장기영,유한준,73342.0,97109.0,,60336,76322,94310,72303,76313,76325,78725,71347,74339,,,,,,,,,,,,,,,,,,20100529,WO,LG,키움,LG,목동,김풍기,47,1,-1,20100529LGWO0
직구,문성현,정성훈,60336,99606,131,볼,,,,1,0,1,5,초,5,6,0,0,우,우,이택근,이병규,,문성현,유선정,이숭용,김민우,황재균,강정호,클락,장기영,유한준,73342.0,97109.0,,60336,76322,94310,72303,76313,76325,78725,71347,74339,,,,,,,,,,,,,,,,,,20100529,WO,LG,키움,LG,목동,김풍기,47,2,-1,20100529LGWO0
직구,문성현,정성훈,60336,99606,135,스트라이크,,,,2,0,1,5,초,5,6,0,0,우,우,이택근,이병규,,문성현,유선정,이숭용,김민우,황재균,강정호,클락,장기영,유한준,73342.0,97109.0,,60336,76322,94310,72303,76313,76325,78725,71347,74339,,,,,,,,,,,,,,,,,,20100529,WO,LG,키움,LG,목동,김풍기,47,3,-1,20100529LGWO0
직구,문성현,정성훈,60336,99606,137,타격,병살타,병살타,정성훈 : 유격수 병살타 아웃 (유격수->2루수->1루수 송구아웃); 1루주자 이택근 :  포스아웃 (유격수->2루수 2루 터치아웃);,2,1,1,5,초,5,6,2,0,우,우,이택근,이병규,,문성현,유선정,이숭용,김민우,황재균,강정호,클락,장기영,유한준,73342.0,97109.0,,60336,76322,94310,72303,76313,76325,78725,71347,74339,,,,,,,,,,,,,,,,,,20100529,WO,LG,키움,LG,목동,김풍기,47,4,-1,20100529LGWO0
직구,김광수,송지만,70142,96761,144,스트라이크,,,,0,0,0,5,말,5,6,0,0,우,우,,,,김광수,조인성,이진영,권용관,정성훈,오지환,이병규,이대형,이병규,,,,70142,98144,99810,95158,99606,79109,76100,73153,97109,,,,,,,,,,,,,,,,,,20100529,WO,LG,키움,LG,목동,김풍기,48,1,-1,20100529LGWO0
슬라이더,김광수,송지만,70142,96761,131,볼,,,,0,1,0,5,말,5,6,0,0,우,우,,,,김광수,조인성,이진영,권용관,정성훈,오지환,이병규,이대형,이병규,,,,70142,98144,99810,95158,99606,79109,76100,73153,97109,,,,,,,,,,,,,,,,,,20100529,WO,LG,키움,LG,목동,김풍기,48,2,-1,20100529LGWO0
슬라이더,김광수,송지만,70142,96761,128,볼,,,,1,1,0,5,말,5,6,0,0,우,우,,,,김광수,조인성,이진영,권용관,정성훈,오지환,이병규,이대형,이병규,,,,70142,98144,99810,95158,99606,79109,76100,73153,97109,,,,,,,,,,,,,,,,,,20100529,WO,LG,키움,LG,목동,김풍기,48,3,-1,20100529LGWO0
직구,김광수,송지만,70142,96761,136,헛스윙,,,,2,1,0,5,말,5,6,0,0,우,우,,,,김광수,조인성,이진영,권용관,정성훈,오지환,이병규,이대형,이병규,,,,70142,98144,99810,95158,99606,79109,76100,73153,97109,,,,,,,,,,,,,,,,,,20100529,WO,LG,키움,LG,목동,김풍기,48,4,-1,20100529LGWO0
직구,김광수,송지만,70142,96761,145,헛스윙,삼진,삼진,송지만 :  삼진 아웃;,2,2,0,5,말,5,6,0,0,우,우,,,,김광수,조인성,이진영,권용관,정성훈,오지환,이병규,이대형,이병규,,,,70142,98144,99810,95158,99606,79109,76100,73153,97109,,,,,,,,,,,,,,,,,,20100529,WO,LG,키움,LG,목동,김풍기,48,5,-1,20100529LGWO0
커브,김광수,이숭용,70142,94310,115,볼,,,,0,0,1,5,말,5,6,0,0,좌,우,,,,김광수,조인성,이진영,권용관,정성훈,오지환,이병규,이대형,이병규,,,,70142,98144,99810,95158,99606,79109,76100,73153,97109,,,,,,,,,,,,,,,,,,20100529,WO,LG,키움,LG,목동,김풍기,49,1,-1,20100529LGWO0
슬라이더,김광수,이숭용,70142,94310,133,타격,포스 아웃,땅볼 아웃,이숭용 : 1루수 땅볼 아웃 (1루수->투수 1루 터치아웃);,1,0,1,5,말,5,6,1,0,좌,우,,,,김광수,조인성,이진영,권용관,정성훈,오지환,이병규,이대형,이병규,,,,70142,98144,99810,95158,99606,79109,76100,73153,97109,,,,,,,,,,,,,,,,,,20100529,WO,LG,키움,LG,목동,김풍기,49,2,-1,20100529LGWO0
슬라이더,김광수,유선정,70142,76322,127,스트라이크,,,,0,0,2,5,말,5,6,0,0,우,우,,,,김광수,조인성,이진영,권용관,정성훈,오지환,이병규,이대형,이병규,,,,70142,98144,99810,95158,99606,79109,76100,73153,97109,,,,,,,,,,,,,,,,,,20100529,WO,LG,키움,LG,목동,김풍기,50,1,-1,20100529LGWO0
직구,김광수,유선정,70142,76322,142,볼,,,,0,1,2,5,말,5,6,0,0,우,우,,,,김광수,조인성,이진영,권용관,정성훈,오지환,이병규,이대형,이병규,,,,70142,98144,99810,95158,99606,79109,76100,73153,97109,,,,,,,,,,,,,,,,,,20100529,WO,LG,키움,LG,목동,김풍기,50,2,-1,20100529LGWO0
직구,김광수,유선정,70142,76322,138,타격,필드 아웃,플라이 아웃,유선정 : 우익수 플라이 아웃;,1,1,2,5,말,5,6,1,0,우,우,,,,김광수,조인성,이진영,권용관,정성훈,오지환,이병규,이대형,이병규,,,,70142,98144,99810,95158,99606,79109,76100,73153,97109,,,,,,,,,,,,,,,,,,20100529,WO,LG,키움,LG,목동,김풍기,50,3,-1,20100529LGWO0
직구,문성현,오지환,60336,79109,138,볼,,,,0,0,0,6,초,5,6,0,0,좌,우,,,,문성현,유선정,이숭용,김민우,황재균,강정호,클락,장기영,유한준,,,,60336,76322,94310,72303,76313,76325,78725,71347,74339,,,,,,,,,,,,,,,,,,20100529,WO,LG,키움,LG,목동,김풍기,51,1,-1,20100529LGWO0
직구,문성현,오지환,60336,79109,142,볼,,,,1,0,0,6,초,5,6,0,0,좌,우,,,,문성현,유선정,이숭용,김민우,황재균,강정호,클락,장기영,유한준,,,,60336,76322,94310,72303,76313,76325,78725,71347,74339,,,,,,,,,,,,,,,,,,20100529,WO,LG,키움,LG,목동,김풍기,51,2,-1,20100529LGWO0
직구,문성현,오지환,60336,79109,142,파울,,,,2,0,0,6,초,5,6,0,0,좌,우,,,,문성현,유선정,이숭용,김민우,황재균,강정호,클락,장기영,유한준,,,,60336,76322,94310,72303,76313,76325,78725,71347,74339,,,,,,,,,,,,,,,,,,20100529,WO,LG,키움,LG,목동,김풍기,51,3,-1,20100529LGWO0
직구,문성현,오지환,60336,79109,145,볼,,,,2,1,0,6,초,5,6,0,0,좌,우,,,,문성현,유선정,이숭용,김민우,황재균,강정호,클락,장기영,유한준,,,,60336,76322,94310,72303,76313,76325,78725,71347,74339,,,,,,,,,,,,,,,,,,20100529,WO,LG,키움,LG,목동,김풍기,51,4,-1,20100529LGWO0
직구,문성현,오지환,60336,79109,142,스트라이크,,,,3,1,0,6,초,5,6,0,0,좌,우,,,,문성현,유선정,이숭용,김민우,황재균,강정호,클락,장기영,유한준,,,,60336,76322,94310,72303,76313,76325,78725,71347,74339,,,,,,,,,,,,,,,,,,20100529,WO,LG,키움,LG,목동,김풍기,51,5,-1,20100529LGWO0
직구,문성현,오지환,60336,79109,146,볼,볼넷,볼넷,오지환 :  볼넷;,3,2,0,6,초,5,6,0,0,좌,우,,,,문성현,유선정,이숭용,김민우,황재균,강정호,클락,장기영,유한준,,,,60336,76322,94310,72303,76313,76325,78725,71347,74339,,,,,,,,,,,,,,,,,,20100529,WO,LG,키움,LG,목동,김풍기,51,6,-1,20100529LGWO0
직구,문성현,조인성,60336,98144,135,볼,,,,0,0,0,6,초,5,6,0,0,우,우,오지환,,,문성현,유선정,이숭용,김민우,황재균,강정호,클락,장기영,유한준,79109.0,,,60336,76322,94310,72303,76313,76325,78725,71347,74339,,,,,,,,,,,,,,,,,,20100529,WO,LG,키움,LG,목동,김풍기,52,1,-1,20100529LGWO0
직구,문성현,조인성,60336,98144,143,타격,안타,안타,조인성 : 우익수 앞 1루타; 1루주자 오지환 : 2루까지 진루;,1,0,0,6,초,5,6,0,0,우,우,오지환,,,문성현,유선정,이숭용,김민우,황재균,강정호,클락,장기영,유한준,79109.0,,,60336,76322,94310,72303,76313,76325,78725,71347,74339,,,,,,,,,,,,,,,,,,20100529,WO,LG,키움,LG,목동,김풍기,52,2,-1,20100529LGWO0
직구,문성현,권용관,60336,95158,139,볼,,,,0,0,0,6,초,5,6,0,0,우,우,조인성,오지환,,문성현,유선정,이숭용,김민우,황재균,강정호,클락,장기영,유한준,98144.0,79109.0,,60336,76322,94310,72303,76313,76325,78725,71347,74339,,,,,,,,,,,,,,,,,,20100529,WO,LG,키움,LG,목동,김풍기,53,1,-1,20100529LGWO0
직구,문성현,권용관,60336,95158,134,스트라이크,,,,1,0,0,6,초,5,6,0,0,우,우,조인성,오지환,,문성현,유선정,이숭용,김민우,황재균,강정호,클락,장기영,유한준,98144.0,79109.0,,60336,76322,94310,72303,76313,76325,78725,71347,74339,,,,,,,,,,,,,,,,,,20100529,WO,LG,키움,LG,목동,김풍기,53,2,-1,20100529LGWO0
직구,문성현,권용관,60336,95158,140,번트파울,,,,1,1,0,6,초,5,6,0,0,우,우,조인성,오지환,,문성현,유선정,이숭용,김민우,황재균,강정호,클락,장기영,유한준,98144.0,79109.0,,60336,76322,94310,72303,76313,76325,78725,71347,74339,,,,,,,,,,,,,,,,,,20100529,WO,LG,키움,LG,목동,김풍기,53,3,-1,20100529LGWO0
직구,문성현,권용관,60336,95158,137,타격,희생번트,희생번트,권용관 : 포수 희생번트 아웃 (포수->2루수 1루 터치아웃); 1루주자 조인성 : 2루까지 진루; 2루주자 오지환 : 3루까지 진루;,1,2,0,6,초,5,6,1,0,우,우,조인성,오지환,,문성현,유선정,이숭용,김민우,황재균,강정호,클락,장기영,유한준,98144.0,79109.0,,60336,76322,94310,72303,76313,76325,78725,71347,74339,,,,,,,,,,,,,,,,,,20100529,WO,LG,키움,LG,목동,김풍기,53,4,-1,20100529LGWO0
직구,문성현,이대형,60336,73153,143,타격,야수 선택,야수 선택,이대형 : 2루수 야수선택(2루수->포수); 2루주자 조인성 : 3루까지 진루; 3루주자 오지환 : 홈인;,0,0,1,6,초,5,6,0,1,좌,우,,조인성,오지환,문성현,유선정,이숭용,김민우,황재균,강정호,클락,장기영,유한준,,98144.0,79109.0,60336,76322,94310,72303,76313,76325,78725,71347,74339,,,,,,,,,,,,,,,,,,20100529,WO,LG,키움,LG,목동,김풍기,54,1,-1,20100529LGWO0
직구,문성현,이병규,60336,76100,139,스트라이크,,,,0,0,1,6,초,6,6,0,0,좌,우,이대형,,조인성,문성현,유선정,이숭용,김민우,황재균,강정호,클락,장기영,유한준,73153.0,,98144.0,60336,76322,94310,72303,76313,76325,78725,71347,74339,,,,,,,,,,,,,,,,,,20100529,WO,LG,키움,LG,목동,김풍기,55,1,-1,20100529LGWO0
직구,문성현,이병규,60336,76100,130,볼,,,,0,1,1,6,초,6,6,0,0,좌,우,이대형,,조인성,문성현,유선정,이숭용,김민우,황재균,강정호,클락,장기영,유한준,73153.0,,98144.0,60336,76322,94310,72303,76313,76325,78725,71347,74339,,,,,,,,,,,,,,,,,,20100529,WO,LG,키움,LG,목동,김풍기,55,2,-1,20100529LGWO0
직구,문성현,이병규,60336,76100,142,볼,,,,1,1,1,6,초,6,6,0,0,좌,우,이대형,,조인성,문성현,유선정,이숭용,김민우,황재균,강정호,클락,장기영,유한준,73153.0,,98144.0,60336,76322,94310,72303,76313,76325,78725,71347,74339,,,,,,,,,,,,,,,,,,20100529,WO,LG,키움,LG,목동,김풍기,55,3,-1,20100529LGWO0
직구,문성현,이병규,60336,76100,142,볼,,,,2,1,1,6,초,6,6,0,0,좌,우,이대형,,조인성,문성현,유선정,이숭용,김민우,황재균,강정호,클락,장기영,유한준,73153.0,,98144.0,60336,76322,94310,72303,76313,76325,78725,71347,74339,,,,,,,,,,,,,,,,,,20100529,WO,LG,키움,LG,목동,김풍기,55,4,-1,20100529LGWO0
직구,문성현,이병규,60336,76100,141,타격,희생플라이,희생플라이,이병규 : 좌익수 희생플라이 아웃; 3루주자 조인성 : 홈인;,3,1,1,6,초,6,6,1,1,좌,우,이대형,,조인성,문성현,유선정,이숭용,김민우,황재균,강정호,클락,장기영,유한준,73153.0,,98144.0,60336,76322,94310,72303,76313,76325,78725,71347,74339,,,,,,,,,,,,,,,,,,20100529,WO,LG,키움,LG,목동,김풍기,55,5,-1,20100529LGWO0
직구,문성현,이진영,60336,99810,137,볼,,,,0,0,2,6,초,7,6,0,0,좌,우,이대형,,,문성현,유선정,이숭용,김민우,황재균,강정호,클락,장기영,유한준,73153.0,,,60336,76322,94310,72303,76313,76325,78725,71347,74339,,,,,,,,,,,,,,,,,,20100529,WO,LG,키움,LG,목동,김풍기,56,1,-1,20100529LGWO0
직구,문성현,이진영,60336,99810,143,볼,,,,1,0,2,6,초,7,6,0,0,좌,우,이대형,,,문성현,유선정,이숭용,김민우,황재균,강정호,클락,장기영,유한준,73153.0,,,60336,76322,94310,72303,76313,76325,78725,71347,74339,,,,,,,,,,,,,,,,,,20100529,WO,LG,키움,LG,목동,김풍기,56,2,-1,20100529LGWO0
직구,문성현,이진영,60336,99810,140,볼,,,,2,0,2,6,초,7,6,0,0,좌,우,이대형,,,문성현,유선정,이숭용,김민우,황재균,강정호,클락,장기영,유한준,73153.0,,,60336,76322,94310,72303,76313,76325,78725,71347,74339,,,,,,,,,,,,,,,,,,20100529,WO,LG,키움,LG,목동,김풍기,56,3,-1,20100529LGWO0
,문성현,이진영,60336,99810,,,,,1루주자 이대형 :  도루로 2루까지 진루;,3,0,2,6,초,7,6,0,0,좌,우,이대형,,,문성현,유선정,이숭용,김민우,황재균,강정호,클락,장기영,유한준,73153.0,,,60336,76322,94310,72303,76313,76325,78725,71347,74339,,,,,,,,,,,,,,,,,,20100529,WO,LG,키움,LG,목동,김풍기,56,,,20100529LGWO0
직구,문성현,이진영,60336,99810,140,볼,볼넷,볼넷,이진영 :  볼넷;,3,0,2,6,초,7,6,0,0,좌,우,,이대형,,문성현,유선정,이숭용,김민우,황재균,강정호,클락,장기영,유한준,,73153.0,,60336,76322,94310,72303,76313,76325,78725,71347,74339,,,,,,,,,,,,,,,,,,20100529,WO,LG,키움,LG,목동,김풍기,56,4,-1,20100529LGWO0
,문성현,이병규,60336,97109,,,,,투수 문성현 : 투수 박성훈 (으)로 교체;,0,0,2,6,초,7,6,0,0,좌,우,이진영,이대형,,문성현,유선정,이숭용,김민우,황재균,강정호,클락,장기영,유한준,99810.0,73153.0,,60336,76322,94310,72303,76313,76325,78725,71347,74339,,,,,,,,,,,,,,,,,,20100529,WO,LG,키움,LG,목동,김풍기,57,,,20100529LGWO0
커브,박성훈,이병규,75464,97109,115,볼,,,,0,0,2,6,초,7,6,0,0,좌,좌,이진영,이대형,,박성훈,유선정,이숭용,김민우,황재균,강정호,클락,장기영,유한준,99810.0,73153.0,,75464,76322,94310,72303,76313,76325,78725,71347,74339,,,,,,,,,,,,,,,,,,20100529,WO,LG,키움,LG,목동,김풍기,57,1,-1,20100529LGWO0
슬라이더,박성훈,이병규,75464,97109,129,볼,,,,1,0,2,6,초,7,6,0,0,좌,좌,이진영,이대형,,박성훈,유선정,이숭용,김민우,황재균,강정호,클락,장기영,유한준,99810.0,73153.0,,75464,76322,94310,72303,76313,76325,78725,71347,74339,,,,,,,,,,,,,,,,,,20100529,WO,LG,키움,LG,목동,김풍기,57,2,-1,20100529LGWO0
직구,박성훈,이병규,75464,97109,136,볼,,,,2,0,2,6,초,7,6,0,0,좌,좌,이진영,이대형,,박성훈,유선정,이숭용,김민우,황재균,강정호,클락,장기영,유한준,99810.0,73153.0,,75464,76322,94310,72303,76313,76325,78725,71347,74339,,,,,,,,,,,,,,,,,,20100529,WO,LG,키움,LG,목동,김풍기,57,3,-1,20100529LGWO0
직구,박성훈,이병규,75464,97109,132,스트라이크,,,,3,0,2,6,초,7,6,0,0,좌,좌,이진영,이대형,,박성훈,유선정,이숭용,김민우,황재균,강정호,클락,장기영,유한준,99810.0,73153.0,,75464,76322,94310,72303,76313,76325,78725,71347,74339,,,,,,,,,,,,,,,,,,20100529,WO,LG,키움,LG,목동,김풍기,57,4,-1,20100529LGWO0
커브,박성훈,이병규,75464,97109,116,스트라이크,,,,3,1,2,6,초,7,6,0,0,좌,좌,이진영,이대형,,박성훈,유선정,이숭용,김민우,황재균,강정호,클락,장기영,유한준,99810.0,73153.0,,75464,76322,94310,72303,76313,76325,78725,71347,74339,,,,,,,,,,,,,,,,,,20100529,WO,LG,키움,LG,목동,김풍기,57,5,-1,20100529LGWO0
커브,박성훈,이병규,75464,97109,115,파울,,,,3,2,2,6,초,7,6,0,0,좌,좌,이진영,이대형,,박성훈,유선정,이숭용,김민우,황재균,강정호,클락,장기영,유한준,99810.0,73153.0,,75464,76322,94310,72303,76313,76325,78725,71347,74339,,,,,,,,,,,,,,,,,,20100529,WO,LG,키움,LG,목동,김풍기,57,6,-1,20100529LGWO0
직구,박성훈,이병규,75464,97109,137,타격,포스 아웃,땅볼 아웃,이병규 : 2루수 땅볼 아웃 (2루수->1루수 송구아웃);,3,2,2,6,초,7,6,1,0,좌,좌,이진영,이대형,,박성훈,유선정,이숭용,김민우,황재균,강정호,클락,장기영,유한준,99810.0,73153.0,,75464,76322,94310,72303,76313,76325,78725,71347,74339,,,,,,,,,,,,,,,,,,20100529,WO,LG,키움,LG,목동,김풍기,57,7,-1,20100529LGWO0
커브,김광수,김민우,70142,72303,113,스트라이크,,,,0,0,0,6,말,7,6,0,0,우,우,,,,김광수,조인성,이진영,권용관,정성훈,오지환,이병규,이대형,이병규,,,,70142,98144,99810,95158,99606,79109,76100,73153,97109,,,,,,,,,,,,,,,,,,20100529,WO,LG,키움,LG,목동,김풍기,58,1,-1,20100529LGWO0
커브,김광수,김민우,70142,72303,116,타격,포스 아웃,땅볼 아웃,김민우 : 3루수 땅볼 아웃 (3루수->1루수 송구아웃);,0,1,0,6,말,7,6,1,0,우,우,,,,김광수,조인성,이진영,권용관,정성훈,오지환,이병규,이대형,이병규,,,,70142,98144,99810,95158,99606,79109,76100,73153,97109,,,,,,,,,,,,,,,,,,20100529,WO,LG,키움,LG,목동,김풍기,58,2,-1,20100529LGWO0
직구,김광수,장기영,70142,71347,142,볼,,,,0,0,1,6,말,7,6,0,0,좌,우,,,,김광수,조인성,이진영,권용관,정성훈,오지환,이병규,이대형,이병규,,,,70142,98144,99810,95158,99606,79109,76100,73153,97109,,,,,,,,,,,,,,,,,,20100529,WO,LG,키움,LG,목동,김풍기,59,1,-1,20100529LGWO0
직구,김광수,장기영,70142,71347,142,타격,필드 아웃,플라이 아웃,장기영 : 좌익수 플라이 아웃;,1,0,1,6,말,7,6,1,0,좌,우,,,,김광수,조인성,이진영,권용관,정성훈,오지환,이병규,이대형,이병규,,,,70142,98144,99810,95158,99606,79109,76100,73153,97109,,,,,,,,,,,,,,,,,,20100529,WO,LG,키움,LG,목동,김풍기,59,2,-1,20100529LGWO0
직구,김광수,황재균,70142,76313,147,볼,,,,0,0,2,6,말,7,6,0,0,우,우,,,,김광수,조인성,이진영,권용관,정성훈,오지환,이병규,이대형,이병규,,,,70142,98144,99810,95158,99606,79109,76100,73153,97109,,,,,,,,,,,,,,,,,,20100529,WO,LG,키움,LG,목동,김풍기,60,1,-1,20100529LGWO0
커브,김광수,황재균,70142,76313,113,볼,몸에 맞는 볼,몸에 맞는 볼,황재균 : 몸에 맞는 볼;,1,0,2,6,말,7,6,0,0,우,우,,,,김광수,조인성,이진영,권용관,정성훈,오지환,이병규,이대형,이병규,,,,70142,98144,99810,95158,99606,79109,76100,73153,97109,,,,,,,,,,,,,,,,,,20100529,WO,LG,키움,LG,목동,김풍기,60,2,-1,20100529LGWO0
슬라이더,김광수,강정호,70142,76325,128,스트라이크,,,,0,0,2,6,말,7,6,0,0,우,우,황재균,,,김광수,조인성,이진영,권용관,정성훈,오지환,이병규,이대형,이병규,76313.0,,,70142,98144,99810,95158,99606,79109,76100,73153,97109,,,,,,,,,,,,,,,,,,20100529,WO,LG,키움,LG,목동,김풍기,61,1,-1,20100529LGWO0
슬라이더,김광수,강정호,70142,76325,129,볼,,,,0,1,2,6,말,7,6,0,0,우,우,황재균,,,김광수,조인성,이진영,권용관,정성훈,오지환,이병규,이대형,이병규,76313.0,,,70142,98144,99810,95158,99606,79109,76100,73153,97109,,,,,,,,,,,,,,,,,,20100529,WO,LG,키움,LG,목동,김풍기,61,2,-1,20100529LGWO0
직구,김광수,강정호,70142,76325,143,볼,,,,1,1,2,6,말,7,6,0,0,우,우,황재균,,,김광수,조인성,이진영,권용관,정성훈,오지환,이병규,이대형,이병규,76313.0,,,70142,98144,99810,95158,99606,79109,76100,73153,97109,,,,,,,,,,,,,,,,,,20100529,WO,LG,키움,LG,목동,김풍기,61,3,-1,20100529LGWO0
,김광수,강정호,70142,76325,,,,,1루주자 황재균 :  도루실패아웃 (포수->2루수 태그아웃);,2,1,2,6,말,7,6,1,0,우,우,황재균,,,김광수,조인성,이진영,권용관,정성훈,오지환,이병규,이대형,이병규,76313.0,,,70142,98144,99810,95158,99606,79109,76100,73153,97109,,,,,,,,,,,,,,,,,,20100529,WO,LG,키움,LG,목동,김풍기,61,,,20100529LGWO0
,박성훈,이택근,75464,73342,,,,,투수 박성훈 : 투수 마정길 (으)로 교체;,0,0,0,7,초,7,6,0,0,우,좌,,,,박성훈,유선정,이숭용,김민우,황재균,강정호,클락,장기영,유한준,,,,75464,76322,94310,72303,76313,76325,78725,71347,74339,,,,,,,,,,,,,,,,,,20100529,WO,LG,키움,LG,목동,김풍기,62,,,20100529LGWO0
커브,마정길,이택근,72749,73342,120,스트라이크,,,,0,0,0,7,초,7,6,0,0,우,우,,,,마정길,유선정,이숭용,김민우,황재균,강정호,클락,장기영,유한준,,,,72749,76322,94310,72303,76313,76325,78725,71347,74339,,,,,,,,,,,,,,,,,,20100529,WO,LG,키움,LG,목동,김풍기,62,1,-1,20100529LGWO0
커브,마정길,이택근,72749,73342,120,볼,,,,0,1,0,7,초,7,6,0,0,우,우,,,,마정길,유선정,이숭용,김민우,황재균,강정호,클락,장기영,유한준,,,,72749,76322,94310,72303,76313,76325,78725,71347,74339,,,,,,,,,,,,,,,,,,20100529,WO,LG,키움,LG,목동,김풍기,62,2,-1,20100529LGWO0
직구,마정길,이택근,72749,73342,134,타격,필드 아웃,플라이 아웃,이택근 : 우익수 플라이 아웃;,1,1,0,7,초,7,6,1,0,우,우,,,,마정길,유선정,이숭용,김민우,황재균,강정호,클락,장기영,유한준,,,,72749,76322,94310,72303,76313,76325,78725,71347,74339,,,,,,,,,,,,,,,,,,20100529,WO,LG,키움,LG,목동,김풍기,62,3,-1,20100529LGWO0
커브,마정길,정성훈,72749,99606,122,볼,,,,0,0,1,7,초,7,6,0,0,우,우,,,,마정길,유선정,이숭용,김민우,황재균,강정호,클락,장기영,유한준,,,,72749,76322,94310,72303,76313,76325,78725,71347,74339,,,,,,,,,,,,,,,,,,20100529,WO,LG,키움,LG,목동,김풍기,63,1,-1,20100529LGWO0
커브,마정길,정성훈,72749,99606,116,스트라이크,,,,1,0,1,7,초,7,6,0,0,우,우,,,,마정길,유선정,이숭용,김민우,황재균,강정호,클락,장기영,유한준,,,,72749,76322,94310,72303,76313,76325,78725,71347,74339,,,,,,,,,,,,,,,,,,20100529,WO,LG,키움,LG,목동,김풍기,63,2,-1,20100529LGWO0
커브,마정길,정성훈,72749,99606,123,볼,,,,1,1,1,7,초,7,6,0,0,우,우,,,,마정길,유선정,이숭용,김민우,황재균,강정호,클락,장기영,유한준,,,,72749,76322,94310,72303,76313,76325,78725,71347,74339,,,,,,,,,,,,,,,,,,20100529,WO,LG,키움,LG,목동,김풍기,63,3,-1,20100529LGWO0
직구,마정길,정성훈,72749,99606,137,스트라이크,,,,2,1,1,7,초,7,6,0,0,우,우,,,,마정길,유선정,이숭용,김민우,황재균,강정호,클락,장기영,유한준,,,,72749,76322,94310,72303,76313,76325,78725,71347,74339,,,,,,,,,,,,,,,,,,20100529,WO,LG,키움,LG,목동,김풍기,63,4,-1,20100529LGWO0
커브,마정길,정성훈,72749,99606,124,타격,안타,안타,정성훈 : 우익수 앞 1루타;,2,2,1,7,초,7,6,0,0,우,우,,,,마정길,유선정,이숭용,김민우,황재균,강정호,클락,장기영,유한준,,,,72749,76322,94310,72303,76313,76325,78725,71347,74339,,,,,,,,,,,,,,,,,,20100529,WO,LG,키움,LG,목동,김풍기,63,5,-1,20100529LGWO0
직구,마정길,오지환,72749,79109,136,볼,,,,0,0,1,7,초,7,6,0,0,좌,우,정성훈,,,마정길,유선정,이숭용,김민우,황재균,강정호,클락,장기영,유한준,99606.0,,,72749,76322,94310,72303,76313,76325,78725,71347,74339,,,,,,,,,,,,,,,,,,20100529,WO,LG,키움,LG,목동,김풍기,64,1,-1,20100529LGWO0
커브,마정길,오지환,72749,79109,123,스트라이크,,,,1,0,1,7,초,7,6,0,0,좌,우,정성훈,,,마정길,유선정,이숭용,김민우,황재균,강정호,클락,장기영,유한준,99606.0,,,72749,76322,94310,72303,76313,76325,78725,71347,74339,,,,,,,,,,,,,,,,,,20100529,WO,LG,키움,LG,목동,김풍기,64,2,-1,20100529LGWO0
직구,마정길,오지환,72749,79109,139,파울,,,,1,1,1,7,초,7,6,0,0,좌,우,정성훈,,,마정길,유선정,이숭용,김민우,황재균,강정호,클락,장기영,유한준,99606.0,,,72749,76322,94310,72303,76313,76325,78725,71347,74339,,,,,,,,,,,,,,,,,,20100529,WO,LG,키움,LG,목동,김풍기,64,3,-1,20100529LGWO0
직구,마정길,오지환,72749,79109,137,볼,,,,1,2,1,7,초,7,6,0,0,좌,우,정성훈,,,마정길,유선정,이숭용,김민우,황재균,강정호,클락,장기영,유한준,99606.0,,,72749,76322,94310,72303,76313,76325,78725,71347,74339,,,,,,,,,,,,,,,,,,20100529,WO,LG,키움,LG,목동,김풍기,64,4,-1,20100529LGWO0
슬라이더,마정길,오지환,72749,79109,124,볼,,,,2,2,1,7,초,7,6,0,0,좌,우,정성훈,,,마정길,유선정,이숭용,김민우,황재균,강정호,클락,장기영,유한준,99606.0,,,72749,76322,94310,72303,76313,76325,78725,71347,74339,,,,,,,,,,,,,,,,,,20100529,WO,LG,키움,LG,목동,김풍기,64,5,-1,20100529LGWO0
직구,마정길,오지환,72749,79109,138,헛스윙,삼진,삼진,오지환 :  삼진 아웃;,3,2,1,7,초,7,6,0,0,좌,우,정성훈,,,마정길,유선정,이숭용,김민우,황재균,강정호,클락,장기영,유한준,99606.0,,,72749,76322,94310,72303,76313,76325,78725,71347,74339,,,,,,,,,,,,,,,,,,20100529,WO,LG,키움,LG,목동,김풍기,64,6,-1,20100529LGWO0
커브,마정길,조인성,72749,98144,123,볼,,,,0,0,2,7,초,7,6,0,0,우,우,정성훈,,,마정길,유선정,이숭용,김민우,황재균,강정호,클락,장기영,유한준,99606.0,,,72749,76322,94310,72303,76313,76325,78725,71347,74339,,,,,,,,,,,,,,,,,,20100529,WO,LG,키움,LG,목동,김풍기,65,1,-1,20100529LGWO0
커브,마정길,조인성,72749,98144,123,파울,,,,1,0,2,7,초,7,6,0,0,우,우,정성훈,,,마정길,유선정,이숭용,김민우,황재균,강정호,클락,장기영,유한준,99606.0,,,72749,76322,94310,72303,76313,76325,78725,71347,74339,,,,,,,,,,,,,,,,,,20100529,WO,LG,키움,LG,목동,김풍기,65,2,-1,20100529LGWO0
직구,마정길,조인성,72749,98144,137,헛스윙,,,,1,1,2,7,초,7,6,0,0,우,우,정성훈,,,마정길,유선정,이숭용,김민우,황재균,강정호,클락,장기영,유한준,99606.0,,,72749,76322,94310,72303,76313,76325,78725,71347,74339,,,,,,,,,,,,,,,,,,20100529,WO,LG,키움,LG,목동,김풍기,65,3,-1,20100529LGWO0
커브,마정길,조인성,72749,98144,125,파울,,,,1,2,2,7,초,7,6,0,0,우,우,정성훈,,,마정길,유선정,이숭용,김민우,황재균,강정호,클락,장기영,유한준,99606.0,,,72749,76322,94310,72303,76313,76325,78725,71347,74339,,,,,,,,,,,,,,,,,,20100529,WO,LG,키움,LG,목동,김풍기,65,4,-1,20100529LGWO0
직구,마정길,조인성,72749,98144,138,파울,,,,1,2,2,7,초,7,6,0,0,우,우,정성훈,,,마정길,유선정,이숭용,김민우,황재균,강정호,클락,장기영,유한준,99606.0,,,72749,76322,94310,72303,76313,76325,78725,71347,74339,,,,,,,,,,,,,,,,,,20100529,WO,LG,키움,LG,목동,김풍기,65,5,-1,20100529LGWO0
커브,마정길,조인성,72749,98144,115,볼,,,,1,2,2,7,초,7,6,0,0,우,우,정성훈,,,마정길,유선정,이숭용,김민우,황재균,강정호,클락,장기영,유한준,99606.0,,,72749,76322,94310,72303,76313,76325,78725,71347,74339,,,,,,,,,,,,,,,,,,20100529,WO,LG,키움,LG,목동,김풍기,65,6,-1,20100529LGWO0
커브,마정길,조인성,72749,98144,123,스트라이크,삼진,삼진,조인성 :  삼진 아웃;,2,2,2,7,초,7,6,0,0,우,우,정성훈,,,마정길,유선정,이숭용,김민우,황재균,강정호,클락,장기영,유한준,99606.0,,,72749,76322,94310,72303,76313,76325,78725,71347,74339,,,,,,,,,,,,,,,,,,20100529,WO,LG,키움,LG,목동,김풍기,65,7,-1,20100529LGWO0
직구,김광수,강정호,70142,76325,141,스트라이크,,,,0,0,0,7,말,7,6,0,0,우,우,,,,김광수,조인성,이진영,권용관,정성훈,오지환,이병규,이대형,이병규,,,,70142,98144,99810,95158,99606,79109,76100,73153,97109,,,,,,,,,,,,,,,,,,20100529,WO,LG,키움,LG,목동,김풍기,66,1,-1,20100529LGWO0
커브,김광수,강정호,70142,76325,117,볼,,,,0,1,0,7,말,7,6,0,0,우,우,,,,김광수,조인성,이진영,권용관,정성훈,오지환,이병규,이대형,이병규,,,,70142,98144,99810,95158,99606,79109,76100,73153,97109,,,,,,,,,,,,,,,,,,20100529,WO,LG,키움,LG,목동,김풍기,66,2,-1,20100529LGWO0
직구,김광수,강정호,70142,76325,142,볼,,,,1,1,0,7,말,7,6,0,0,우,우,,,,김광수,조인성,이진영,권용관,정성훈,오지환,이병규,이대형,이병규,,,,70142,98144,99810,95158,99606,79109,76100,73153,97109,,,,,,,,,,,,,,,,,,20100529,WO,LG,키움,LG,목동,김풍기,66,3,-1,20100529LGWO0
직구,김광수,강정호,70142,76325,144,파울,,,,2,1,0,7,말,7,6,0,0,우,우,,,,김광수,조인성,이진영,권용관,정성훈,오지환,이병규,이대형,이병규,,,,70142,98144,99810,95158,99606,79109,76100,73153,97109,,,,,,,,,,,,,,,,,,20100529,WO,LG,키움,LG,목동,김풍기,66,4,-1,20100529LGWO0
슬라이더,김광수,강정호,70142,76325,128,파울,,,,2,2,0,7,말,7,6,0,0,우,우,,,,김광수,조인성,이진영,권용관,정성훈,오지환,이병규,이대형,이병규,,,,70142,98144,99810,95158,99606,79109,76100,73153,97109,,,,,,,,,,,,,,,,,,20100529,WO,LG,키움,LG,목동,김풍기,66,5,-1,20100529LGWO0
직구,김광수,강정호,70142,76325,138,헛스윙,삼진,삼진,강정호 :  삼진 아웃;,2,2,0,7,말,7,6,0,0,우,우,,,,김광수,조인성,이진영,권용관,정성훈,오지환,이병규,이대형,이병규,,,,70142,98144,99810,95158,99606,79109,76100,73153,97109,,,,,,,,,,,,,,,,,,20100529,WO,LG,키움,LG,목동,김풍기,66,6,-1,20100529LGWO0
직구,김광수,유한준,70142,74339,142,스트라이크,,,,0,0,1,7,말,7,6,0,0,우,우,,,,김광수,조인성,이진영,권용관,정성훈,오지환,이병규,이대형,이병규,,,,70142,98144,99810,95158,99606,79109,76100,73153,97109,,,,,,,,,,,,,,,,,,20100529,WO,LG,키움,LG,목동,김풍기,67,1,-1,20100529LGWO0
슬라이더,김광수,유한준,70142,74339,130,볼,,,,0,1,1,7,말,7,6,0,0,우,우,,,,김광수,조인성,이진영,권용관,정성훈,오지환,이병규,이대형,이병규,,,,70142,98144,99810,95158,99606,79109,76100,73153,97109,,,,,,,,,,,,,,,,,,20100529,WO,LG,키움,LG,목동,김풍기,67,2,-1,20100529LGWO0
직구,김광수,유한준,70142,74339,140,볼,,,,1,1,1,7,말,7,6,0,0,우,우,,,,김광수,조인성,이진영,권용관,정성훈,오지환,이병규,이대형,이병규,,,,70142,98144,99810,95158,99606,79109,76100,73153,97109,,,,,,,,,,,,,,,,,,20100529,WO,LG,키움,LG,목동,김풍기,67,3,-1,20100529LGWO0
슬라이더,김광수,유한준,70142,74339,130,파울,,,,2,1,1,7,말,7,6,0,0,우,우,,,,김광수,조인성,이진영,권용관,정성훈,오지환,이병규,이대형,이병규,,,,70142,98144,99810,95158,99606,79109,76100,73153,97109,,,,,,,,,,,,,,,,,,20100529,WO,LG,키움,LG,목동,김풍기,67,4,-1,20100529LGWO0
커브,김광수,유한준,70142,74339,111,파울,,,,2,2,1,7,말,7,6,0,0,우,우,,,,김광수,조인성,이진영,권용관,정성훈,오지환,이병규,이대형,이병규,,,,70142,98144,99810,95158,99606,79109,76100,73153,97109,,,,,,,,,,,,,,,,,,20100529,WO,LG,키움,LG,목동,김풍기,67,5,-1,20100529LGWO0
직구,김광수,유한준,70142,74339,143,타격,포스 아웃,땅볼 아웃,유한준 : 2루수 땅볼 아웃 (2루수->1루수 송구아웃);,2,2,1,7,말,7,6,1,0,우,우,,,,김광수,조인성,이진영,권용관,정성훈,오지환,이병규,이대형,이병규,,,,70142,98144,99810,95158,99606,79109,76100,73153,97109,,,,,,,,,,,,,,,,,,20100529,WO,LG,키움,LG,목동,김풍기,67,6,-1,20100529LGWO0
,김광수,클락,70142,78725,,,,,투수 김광수 : 투수 이상열 (으)로 교체;,0,0,2,7,말,7,6,0,0,좌,우,,,,김광수,조인성,이진영,권용관,정성훈,오지환,이병규,이대형,이병규,,,,70142,98144,99810,95158,99606,79109,76100,73153,97109,,,,,,,,,,,,,,,,,,20100529,WO,LG,키움,LG,목동,김풍기,68,,,20100529LGWO0
직구,이상열,클락,96720,78725,136,볼,,,,0,0,2,7,말,7,6,0,0,좌,좌,,,,이상열,조인성,이진영,권용관,정성훈,오지환,이병규,이대형,이병규,,,,96720,98144,99810,95158,99606,79109,76100,73153,97109,,,,,,,,,,,,,,,,,,20100529,WO,LG,키움,LG,목동,김풍기,68,1,-1,20100529LGWO0
직구,이상열,클락,96720,78725,133,스트라이크,,,,1,0,2,7,말,7,6,0,0,좌,좌,,,,이상열,조인성,이진영,권용관,정성훈,오지환,이병규,이대형,이병규,,,,96720,98144,99810,95158,99606,79109,76100,73153,97109,,,,,,,,,,,,,,,,,,20100529,WO,LG,키움,LG,목동,김풍기,68,2,-1,20100529LGWO0
직구,이상열,클락,96720,78725,136,타격,필드 아웃,플라이 아웃,클락 : 우익수 플라이 아웃;,1,1,2,7,말,7,6,1,0,좌,좌,,,,이상열,조인성,이진영,권용관,정성훈,오지환,이병규,이대형,이병규,,,,96720,98144,99810,95158,99606,79109,76100,73153,97109,,,,,,,,,,,,,,,,,,20100529,WO,LG,키움,LG,목동,김풍기,68,3,-1,20100529LGWO0
커브,마정길,권용관,72749,95158,117,볼,,,,0,0,0,8,초,7,6,0,0,우,우,,,,마정길,유선정,이숭용,김민우,황재균,강정호,클락,장기영,유한준,,,,72749,76322,94310,72303,76313,76325,78725,71347,74339,,,,,,,,,,,,,,,,,,20100529,WO,LG,키움,LG,목동,김풍기,69,1,-1,20100529LGWO0
커브,마정길,권용관,72749,95158,117,스트라이크,,,,1,0,0,8,초,7,6,0,0,우,우,,,,마정길,유선정,이숭용,김민우,황재균,강정호,클락,장기영,유한준,,,,72749,76322,94310,72303,76313,76325,78725,71347,74339,,,,,,,,,,,,,,,,,,20100529,WO,LG,키움,LG,목동,김풍기,69,2,-1,20100529LGWO0
직구,마정길,권용관,72749,95158,137,타격,필드 아웃,번트 아웃,권용관 : 투수 번트 아웃 (투수->1루수 송구아웃);,1,1,0,8,초,7,6,1,0,우,우,,,,마정길,유선정,이숭용,김민우,황재균,강정호,클락,장기영,유한준,,,,72749,76322,94310,72303,76313,76325,78725,71347,74339,,,,,,,,,,,,,,,,,,20100529,WO,LG,키움,LG,목동,김풍기,69,3,-1,20100529LGWO0
커브,마정길,이대형,72749,73153,123,볼,,,,0,0,1,8,초,7,6,0,0,좌,우,,,,마정길,유선정,이숭용,김민우,황재균,강정호,클락,장기영,유한준,,,,72749,76322,94310,72303,76313,76325,78725,71347,74339,,,,,,,,,,,,,,,,,,20100529,WO,LG,키움,LG,목동,김풍기,70,1,-1,20100529LGWO0
직구,마정길,이대형,72749,73153,138,스트라이크,,,,1,0,1,8,초,7,6,0,0,좌,우,,,,마정길,유선정,이숭용,김민우,황재균,강정호,클락,장기영,유한준,,,,72749,76322,94310,72303,76313,76325,78725,71347,74339,,,,,,,,,,,,,,,,,,20100529,WO,LG,키움,LG,목동,김풍기,70,2,-1,20100529LGWO0
커브,마정길,이대형,72749,73153,123,볼,,,,1,1,1,8,초,7,6,0,0,좌,우,,,,마정길,유선정,이숭용,김민우,황재균,강정호,클락,장기영,유한준,,,,72749,76322,94310,72303,76313,76325,78725,71347,74339,,,,,,,,,,,,,,,,,,20100529,WO,LG,키움,LG,목동,김풍기,70,3,-1,20100529LGWO0
직구,마정길,이대형,72749,73153,137,스트라이크,,,,2,1,1,8,초,7,6,0,0,좌,우,,,,마정길,유선정,이숭용,김민우,황재균,강정호,클락,장기영,유한준,,,,72749,76322,94310,72303,76313,76325,78725,71347,74339,,,,,,,,,,,,,,,,,,20100529,WO,LG,키움,LG,목동,김풍기,70,4,-1,20100529LGWO0
커브,마정길,이대형,72749,73153,123,타격,필드 아웃,파울 플라이 아웃,이대형 : 포수 파울플라이 아웃;,2,2,1,8,초,7,6,1,0,좌,우,,,,마정길,유선정,이숭용,김민우,황재균,강정호,클락,장기영,유한준,,,,72749,76322,94310,72303,76313,76325,78725,71347,74339,,,,,,,,,,,,,,,,,,20100529,WO,LG,키움,LG,목동,김풍기,70,5,-1,20100529LGWO0
커브,마정길,이병규,72749,76100,120,볼,,,,0,0,2,8,초,7,6,0,0,좌,우,,,,마정길,유선정,이숭용,김민우,황재균,강정호,클락,장기영,유한준,,,,72749,76322,94310,72303,76313,76325,78725,71347,74339,,,,,,,,,,,,,,,,,,20100529,WO,LG,키움,LG,목동,김풍기,71,1,-1,20100529LGWO0
싱커,마정길,이병규,72749,76100,131,볼,,,,1,0,2,8,초,7,6,0,0,좌,우,,,,마정길,유선정,이숭용,김민우,황재균,강정호,클락,장기영,유한준,,,,72749,76322,94310,72303,76313,76325,78725,71347,74339,,,,,,,,,,,,,,,,,,20100529,WO,LG,키움,LG,목동,김풍기,71,2,-1,20100529LGWO0
직구,마정길,이병규,72749,76100,138,타격,홈런,홈런,이병규 : 우익수 뒤 홈런 (홈런거리:115M);,2,0,2,8,초,7,6,0,1,좌,우,,,,마정길,유선정,이숭용,김민우,황재균,강정호,클락,장기영,유한준,,,,72749,76322,94310,72303,76313,76325,78725,71347,74339,,,,,,,,,,,,,,,,,,20100529,WO,LG,키움,LG,목동,김풍기,71,3,-1,20100529LGWO0
커브,마정길,이진영,72749,99810,125,스트라이크,,,,0,0,2,8,초,8,6,0,0,좌,우,,,,마정길,유선정,이숭용,김민우,황재균,강정호,클락,장기영,유한준,,,,72749,76322,94310,72303,76313,76325,78725,71347,74339,,,,,,,,,,,,,,,,,,20100529,WO,LG,키움,LG,목동,김풍기,72,1,-1,20100529LGWO0
직구,마정길,이진영,72749,99810,134,볼,,,,0,1,2,8,초,8,6,0,0,좌,우,,,,마정길,유선정,이숭용,김민우,황재균,강정호,클락,장기영,유한준,,,,72749,76322,94310,72303,76313,76325,78725,71347,74339,,,,,,,,,,,,,,,,,,20100529,WO,LG,키움,LG,목동,김풍기,72,2,-1,20100529LGWO0
커브,마정길,이진영,72749,99810,116,볼,,,,1,1,2,8,초,8,6,0,0,좌,우,,,,마정길,유선정,이숭용,김민우,황재균,강정호,클락,장기영,유한준,,,,72749,76322,94310,72303,76313,76325,78725,71347,74339,,,,,,,,,,,,,,,,,,20100529,WO,LG,키움,LG,목동,김풍기,72,3,-1,20100529LGWO0
직구,마정길,이진영,72749,99810,137,파울,,,,2,1,2,8,초,8,6,0,0,좌,우,,,,마정길,유선정,이숭용,김민우,황재균,강정호,클락,장기영,유한준,,,,72749,76322,94310,72303,76313,76325,78725,71347,74339,,,,,,,,,,,,,,,,,,20100529,WO,LG,키움,LG,목동,김풍기,72,4,-1,20100529LGWO0
직구,마정길,이진영,72749,99810,137,볼,,,,2,2,2,8,초,8,6,0,0,좌,우,,,,마정길,유선정,이숭용,김민우,황재균,강정호,클락,장기영,유한준,,,,72749,76322,94310,72303,76313,76325,78725,71347,74339,,,,,,,,,,,,,,,,,,20100529,WO,LG,키움,LG,목동,김풍기,72,5,-1,20100529LGWO0
직구,마정길,이진영,72749,99810,138,타격,필드 아웃,파울 플라이 아웃,이진영 : 3루수 파울플라이 아웃;,3,2,2,8,초,8,6,1,0,좌,우,,,,마정길,유선정,이숭용,김민우,황재균,강정호,클락,장기영,유한준,,,,72749,76322,94310,72303,76313,76325,78725,71347,74339,,,,,,,,,,,,,,,,,,20100529,WO,LG,키움,LG,목동,김풍기,72,6,-1,20100529LGWO0
직구,이상열,송지만,96720,96761,134,볼,,,,0,0,0,8,말,8,6,0,0,우,좌,,,,이상열,조인성,이진영,권용관,정성훈,오지환,이병규,이대형,이병규,,,,96720,98144,99810,95158,99606,79109,76100,73153,97109,,,,,,,,,,,,,,,,,,20100529,WO,LG,키움,LG,목동,김풍기,73,1,-1,20100529LGWO0
커브,이상열,송지만,96720,96761,116,스트라이크,,,,1,0,0,8,말,8,6,0,0,우,좌,,,,이상열,조인성,이진영,권용관,정성훈,오지환,이병규,이대형,이병규,,,,96720,98144,99810,95158,99606,79109,76100,73153,97109,,,,,,,,,,,,,,,,,,20100529,WO,LG,키움,LG,목동,김풍기,73,2,-1,20100529LGWO0
커브,이상열,송지만,96720,96761,116,스트라이크,,,,1,1,0,8,말,8,6,0,0,우,좌,,,,이상열,조인성,이진영,권용관,정성훈,오지환,이병규,이대형,이병규,,,,96720,98144,99810,95158,99606,79109,76100,73153,97109,,,,,,,,,,,,,,,,,,20100529,WO,LG,키움,LG,목동,김풍기,73,3,-1,20100529LGWO0
직구,이상열,송지만,96720,96761,139,파울,,,,1,2,0,8,말,8,6,0,0,우,좌,,,,이상열,조인성,이진영,권용관,정성훈,오지환,이병규,이대형,이병규,,,,96720,98144,99810,95158,99606,79109,76100,73153,97109,,,,,,,,,,,,,,,,,,20100529,WO,LG,키움,LG,목동,김풍기,73,4,-1,20100529LGWO0
직구,이상열,송지만,96720,96761,137,타격,필드 아웃,파울 플라이 아웃,송지만 : 3루수 파울플라이 아웃;,1,2,0,8,말,8,6,1,0,우,좌,,,,이상열,조인성,이진영,권용관,정성훈,오지환,이병규,이대형,이병규,,,,96720,98144,99810,95158,99606,79109,76100,73153,97109,,,,,,,,,,,,,,,,,,20100529,WO,LG,키움,LG,목동,김풍기,73,5,-1,20100529LGWO0
,이상열,이숭용,96720,94310,,,,,7번타자 이숭용 : 대타 장영석 (으)로 교체;,0,0,1,8,말,8,6,0,0,좌,좌,,,,이상열,조인성,이진영,권용관,정성훈,오지환,이병규,이대형,이병규,,,,96720,98144,99810,95158,99606,79109,76100,73153,97109,,,,,,,,,,,,,,,,,,20100529,WO,LG,키움,LG,목동,김풍기,74,,,20100529LGWO0
커브,이상열,장영석,96720,79334,115,타격,필드 아웃,플라이 아웃,장영석 : 2루수 플라이 아웃;,0,0,1,8,말,8,6,1,0,우,좌,,,,이상열,조인성,이진영,권용관,정성훈,오지환,이병규,이대형,이병규,,,,96720,98144,99810,95158,99606,79109,76100,73153,97109,,,,,,,,,,,,,,,,,,20100529,WO,LG,키움,LG,목동,김풍기,74,1,-1,20100529LGWO0
커브,이상열,유선정,96720,76322,120,스트라이크,,,,0,0,2,8,말,8,6,0,0,우,좌,,,,이상열,조인성,이진영,권용관,정성훈,오지환,이병규,이대형,이병규,,,,96720,98144,99810,95158,99606,79109,76100,73153,97109,,,,,,,,,,,,,,,,,,20100529,WO,LG,키움,LG,목동,김풍기,75,1,-1,20100529LGWO0
직구,이상열,유선정,96720,76322,134,볼,,,,0,1,2,8,말,8,6,0,0,우,좌,,,,이상열,조인성,이진영,권용관,정성훈,오지환,이병규,이대형,이병규,,,,96720,98144,99810,95158,99606,79109,76100,73153,97109,,,,,,,,,,,,,,,,,,20100529,WO,LG,키움,LG,목동,김풍기,75,2,-1,20100529LGWO0
커브,이상열,유선정,96720,76322,102,파울,,,,1,1,2,8,말,8,6,0,0,우,좌,,,,이상열,조인성,이진영,권용관,정성훈,오지환,이병규,이대형,이병규,,,,96720,98144,99810,95158,99606,79109,76100,73153,97109,,,,,,,,,,,,,,,,,,20100529,WO,LG,키움,LG,목동,김풍기,75,3,-1,20100529LGWO0
직구,이상열,유선정,96720,76322,135,파울,,,,1,2,2,8,말,8,6,0,0,우,좌,,,,이상열,조인성,이진영,권용관,정성훈,오지환,이병규,이대형,이병규,,,,96720,98144,99810,95158,99606,79109,76100,73153,97109,,,,,,,,,,,,,,,,,,20100529,WO,LG,키움,LG,목동,김풍기,75,4,-1,20100529LGWO0
커브,이상열,유선정,96720,76322,123,볼,,,,1,2,2,8,말,8,6,0,0,우,좌,,,,이상열,조인성,이진영,권용관,정성훈,오지환,이병규,이대형,이병규,,,,96720,98144,99810,95158,99606,79109,76100,73153,97109,,,,,,,,,,,,,,,,,,20100529,WO,LG,키움,LG,목동,김풍기,75,5,-1,20100529LGWO0
커브,이상열,유선정,96720,76322,119,헛스윙,삼진,삼진,유선정 :  삼진 아웃;,2,2,2,8,말,8,6,0,0,우,좌,,,,이상열,조인성,이진영,권용관,정성훈,오지환,이병규,이대형,이병규,,,,96720,98144,99810,95158,99606,79109,76100,73153,97109,,,,,,,,,,,,,,,,,,20100529,WO,LG,키움,LG,목동,김풍기,75,6,-1,20100529LGWO0
,마정길,이병규,72749,97109,,,,,투수 마정길 : 투수 이동학 (으)로 교체; 대타 장영석 : 1루수(으)로 수비위치 변경;,0,0,0,9,초,8,6,0,0,좌,우,,,,마정길,유선정,이숭용,김민우,황재균,강정호,클락,장기영,유한준,,,,72749,76322,94310,72303,76313,76325,78725,71347,74339,,,,,,,,,,,,,,,,,,20100529,WO,LG,키움,LG,목동,김풍기,76,,,20100529LGWO0
직구,이동학,이병규,70356,97109,145,스트라이크,,,,0,0,0,9,초,8,6,0,0,좌,우,,,,이동학,유선정,장영석,김민우,황재균,강정호,클락,장기영,유한준,,,,70356,76322,79334,72303,76313,76325,78725,71347,74339,,,,,,,,,,,,,,,,,,20100529,WO,LG,키움,LG,목동,김풍기,76,1,-1,20100529LGWO0
슬라이더,이동학,이병규,70356,97109,133,볼,,,,0,1,0,9,초,8,6,0,0,좌,우,,,,이동학,유선정,장영석,김민우,황재균,강정호,클락,장기영,유한준,,,,70356,76322,79334,72303,76313,76325,78725,71347,74339,,,,,,,,,,,,,,,,,,20100529,WO,LG,키움,LG,목동,김풍기,76,2,-1,20100529LGWO0
포크,이동학,이병규,70356,97109,132,스트라이크,,,,1,1,0,9,초,8,6,0,0,좌,우,,,,이동학,유선정,장영석,김민우,황재균,강정호,클락,장기영,유한준,,,,70356,76322,79334,72303,76313,76325,78725,71347,74339,,,,,,,,,,,,,,,,,,20100529,WO,LG,키움,LG,목동,김풍기,76,3,-1,20100529LGWO0
포크,이동학,이병규,70356,97109,132,볼,,,,1,2,0,9,초,8,6,0,0,좌,우,,,,이동학,유선정,장영석,김민우,황재균,강정호,클락,장기영,유한준,,,,70356,76322,79334,72303,76313,76325,78725,71347,74339,,,,,,,,,,,,,,,,,,20100529,WO,LG,키움,LG,목동,김풍기,76,4,-1,20100529LGWO0
포크,이동학,이병규,70356,97109,133,타격,포스 아웃,땅볼 아웃,이병규 : 2루수 땅볼 아웃 (2루수->1루수 송구아웃);,2,2,0,9,초,8,6,1,0,좌,우,,,,이동학,유선정,장영석,김민우,황재균,강정호,클락,장기영,유한준,,,,70356,76322,79334,72303,76313,76325,78725,71347,74339,,,,,,,,,,,,,,,,,,20100529,WO,LG,키움,LG,목동,김풍기,76,5,-1,20100529LGWO0
직구,이동학,이택근,70356,73342,141,볼,,,,0,0,1,9,초,8,6,0,0,우,우,,,,이동학,유선정,장영석,김민우,황재균,강정호,클락,장기영,유한준,,,,70356,76322,79334,72303,76313,76325,78725,71347,74339,,,,,,,,,,,,,,,,,,20100529,WO,LG,키움,LG,목동,김풍기,77,1,-1,20100529LGWO0
직구,이동학,이택근,70356,73342,146,타격,필드 아웃,플라이 아웃,이택근 : 중견수 플라이 아웃;,1,0,1,9,초,8,6,1,0,우,우,,,,이동학,유선정,장영석,김민우,황재균,강정호,클락,장기영,유한준,,,,70356,76322,79334,72303,76313,76325,78725,71347,74339,,,,,,,,,,,,,,,,,,20100529,WO,LG,키움,LG,목동,김풍기,77,2,-1,20100529LGWO0
슬라이더,이동학,정성훈,70356,99606,133,볼,,,,0,0,2,9,초,8,6,0,0,우,우,,,,이동학,유선정,장영석,김민우,황재균,강정호,클락,장기영,유한준,,,,70356,76322,79334,72303,76313,76325,78725,71347,74339,,,,,,,,,,,,,,,,,,20100529,WO,LG,키움,LG,목동,김풍기,78,1,-1,20100529LGWO0
직구,이동학,정성훈,70356,99606,146,파울,,,,1,0,2,9,초,8,6,0,0,우,우,,,,이동학,유선정,장영석,김민우,황재균,강정호,클락,장기영,유한준,,,,70356,76322,79334,72303,76313,76325,78725,71347,74339,,,,,,,,,,,,,,,,,,20100529,WO,LG,키움,LG,목동,김풍기,78,2,-1,20100529LGWO0
직구,이동학,정성훈,70356,99606,147,볼,,,,1,1,2,9,초,8,6,0,0,우,우,,,,이동학,유선정,장영석,김민우,황재균,강정호,클락,장기영,유한준,,,,70356,76322,79334,72303,76313,76325,78725,71347,74339,,,,,,,,,,,,,,,,,,20100529,WO,LG,키움,LG,목동,김풍기,78,3,-1,20100529LGWO0
직구,이동학,정성훈,70356,99606,147,파울,,,,2,1,2,9,초,8,6,0,0,우,우,,,,이동학,유선정,장영석,김민우,황재균,강정호,클락,장기영,유한준,,,,70356,76322,79334,72303,76313,76325,78725,71347,74339,,,,,,,,,,,,,,,,,,20100529,WO,LG,키움,LG,목동,김풍기,78,4,-1,20100529LGWO0
직구,이동학,정성훈,70356,99606,145,헛스윙,삼진,삼진,정성훈 :  삼진 아웃;,2,2,2,9,초,8,6,0,0,우,우,,,,이동학,유선정,장영석,김민우,황재균,강정호,클락,장기영,유한준,,,,70356,76322,79334,72303,76313,76325,78725,71347,74339,,,,,,,,,,,,,,,,,,20100529,WO,LG,키움,LG,목동,김풍기,78,5,-1,20100529LGWO0
,이상열,김민우,96720,72303,,,,,투수 이상열 : 투수 오카모토 (으)로 교체; 9번타자 김민우 : 대타 강병식 (으)로 교체;,0,0,0,9,말,8,6,0,0,우,좌,,,,이상열,조인성,이진영,권용관,정성훈,오지환,이병규,이대형,이병규,,,,96720,98144,99810,95158,99606,79109,76100,73153,97109,,,,,,,,,,,,,,,,,,20100529,WO,LG,키움,LG,목동,김풍기,79,,,20100529LGWO0
커브,오카모토,강병식,60156,72325,114,스트라이크,,,,0,0,0,9,말,8,6,0,0,좌,우,,,,오카모토,조인성,이진영,권용관,정성훈,오지환,이병규,이대형,이병규,,,,60156,98144,99810,95158,99606,79109,76100,73153,97109,,,,,,,,,,,,,,,,,,20100529,WO,LG,키움,LG,목동,김풍기,79,1,-1,20100529LGWO0
직구,오카모토,강병식,60156,72325,133,볼,,,,0,1,0,9,말,8,6,0,0,좌,우,,,,오카모토,조인성,이진영,권용관,정성훈,오지환,이병규,이대형,이병규,,,,60156,98144,99810,95158,99606,79109,76100,73153,97109,,,,,,,,,,,,,,,,,,20100529,WO,LG,키움,LG,목동,김풍기,79,2,-1,20100529LGWO0
커브,오카모토,강병식,60156,72325,114,볼,,,,1,1,0,9,말,8,6,0,0,좌,우,,,,오카모토,조인성,이진영,권용관,정성훈,오지환,이병규,이대형,이병규,,,,60156,98144,99810,95158,99606,79109,76100,73153,97109,,,,,,,,,,,,,,,,,,20100529,WO,LG,키움,LG,목동,김풍기,79,3,-1,20100529LGWO0
직구,오카모토,강병식,60156,72325,141,파울,,,,2,1,0,9,말,8,6,0,0,좌,우,,,,오카모토,조인성,이진영,권용관,정성훈,오지환,이병규,이대형,이병규,,,,60156,98144,99810,95158,99606,79109,76100,73153,97109,,,,,,,,,,,,,,,,,,20100529,WO,LG,키움,LG,목동,김풍기,79,4,-1,20100529LGWO0
직구,오카모토,강병식,60156,72325,142,스트라이크,삼진,삼진,강병식 :  삼진 아웃;,2,2,0,9,말,8,6,0,0,좌,우,,,,오카모토,조인성,이진영,권용관,정성훈,오지환,이병규,이대형,이병규,,,,60156,98144,99810,95158,99606,79109,76100,73153,97109,,,,,,,,,,,,,,,,,,20100529,WO,LG,키움,LG,목동,김풍기,79,5,-1,20100529LGWO0
직구,오카모토,장기영,60156,71347,137,볼,,,,0,0,1,9,말,8,6,0,0,좌,우,,,,오카모토,조인성,이진영,권용관,정성훈,오지환,이병규,이대형,이병규,,,,60156,98144,99810,95158,99606,79109,76100,73153,97109,,,,,,,,,,,,,,,,,,20100529,WO,LG,키움,LG,목동,김풍기,80,1,-1,20100529LGWO0
직구,오카모토,장기영,60156,71347,142,스트라이크,,,,1,0,1,9,말,8,6,0,0,좌,우,,,,오카모토,조인성,이진영,권용관,정성훈,오지환,이병규,이대형,이병규,,,,60156,98144,99810,95158,99606,79109,76100,73153,97109,,,,,,,,,,,,,,,,,,20100529,WO,LG,키움,LG,목동,김풍기,80,2,-1,20100529LGWO0
커브,오카모토,장기영,60156,71347,120,볼,,,,1,1,1,9,말,8,6,0,0,좌,우,,,,오카모토,조인성,이진영,권용관,정성훈,오지환,이병규,이대형,이병규,,,,60156,98144,99810,95158,99606,79109,76100,73153,97109,,,,,,,,,,,,,,,,,,20100529,WO,LG,키움,LG,목동,김풍기,80,3,-1,20100529LGWO0
직구,오카모토,장기영,60156,71347,143,타격,안타,안타,장기영 : 중견수 앞 1루타;,2,1,1,9,말,8,6,0,0,좌,우,,,,오카모토,조인성,이진영,권용관,정성훈,오지환,이병규,이대형,이병규,,,,60156,98144,99810,95158,99606,79109,76100,73153,97109,,,,,,,,,,,,,,,,,,20100529,WO,LG,키움,LG,목동,김풍기,80,4,-1,20100529LGWO0
커브,오카모토,황재균,60156,76313,104,볼,,,,0,0,1,9,말,8,6,0,0,우,우,장기영,,,오카모토,조인성,이진영,권용관,정성훈,오지환,이병규,이대형,이병규,71347.0,,,60156,98144,99810,95158,99606,79109,76100,73153,97109,,,,,,,,,,,,,,,,,,20100529,WO,LG,키움,LG,목동,김풍기,81,1,-1,20100529LGWO0
직구,오카모토,황재균,60156,76313,141,파울,,,,1,0,1,9,말,8,6,0,0,우,우,장기영,,,오카모토,조인성,이진영,권용관,정성훈,오지환,이병규,이대형,이병규,71347.0,,,60156,98144,99810,95158,99606,79109,76100,73153,97109,,,,,,,,,,,,,,,,,,20100529,WO,LG,키움,LG,목동,김풍기,81,2,-1,20100529LGWO0
직구,오카모토,황재균,60156,76313,141,볼,,,,1,1,1,9,말,8,6,0,0,우,우,장기영,,,오카모토,조인성,이진영,권용관,정성훈,오지환,이병규,이대형,이병규,71347.0,,,60156,98144,99810,95158,99606,79109,76100,73153,97109,,,,,,,,,,,,,,,,,,20100529,WO,LG,키움,LG,목동,김풍기,81,3,-1,20100529LGWO0
커브,오카모토,황재균,60156,76313,119,볼,,,,2,1,1,9,말,8,6,0,0,우,우,장기영,,,오카모토,조인성,이진영,권용관,정성훈,오지환,이병규,이대형,이병규,71347.0,,,60156,98144,99810,95158,99606,79109,76100,73153,97109,,,,,,,,,,,,,,,,,,20100529,WO,LG,키움,LG,목동,김풍기,81,4,-1,20100529LGWO0
직구,오카모토,황재균,60156,76313,142,볼,볼넷,볼넷,황재균 :  볼넷; 1루주자 장기영 : 2루까지 진루;,3,1,1,9,말,8,6,0,0,우,우,장기영,,,오카모토,조인성,이진영,권용관,정성훈,오지환,이병규,이대형,이병규,71347.0,,,60156,98144,99810,95158,99606,79109,76100,73153,97109,,,,,,,,,,,,,,,,,,20100529,WO,LG,키움,LG,목동,김풍기,81,5,-1,20100529LGWO0
커브,오카모토,강정호,60156,76325,112,볼,,,,0,0,1,9,말,8,6,0,0,우,우,황재균,장기영,,오카모토,조인성,이진영,권용관,정성훈,오지환,이병규,이대형,이병규,76313.0,71347.0,,60156,98144,99810,95158,99606,79109,76100,73153,97109,,,,,,,,,,,,,,,,,,20100529,WO,LG,키움,LG,목동,김풍기,82,1,-1,20100529LGWO0
커브,오카모토,강정호,60156,76325,122,볼,,,,1,0,1,9,말,8,6,0,0,우,우,황재균,장기영,,오카모토,조인성,이진영,권용관,정성훈,오지환,이병규,이대형,이병규,76313.0,71347.0,,60156,98144,99810,95158,99606,79109,76100,73153,97109,,,,,,,,,,,,,,,,,,20100529,WO,LG,키움,LG,목동,김풍기,82,2,-1,20100529LGWO0
직구,오카모토,강정호,60156,76325,141,파울,,,,2,0,1,9,말,8,6,0,0,우,우,황재균,장기영,,오카모토,조인성,이진영,권용관,정성훈,오지환,이병규,이대형,이병규,76313.0,71347.0,,60156,98144,99810,95158,99606,79109,76100,73153,97109,,,,,,,,,,,,,,,,,,20100529,WO,LG,키움,LG,목동,김풍기,82,3,-1,20100529LGWO0
직구,오카모토,강정호,60156,76325,140,파울,,,,2,1,1,9,말,8,6,0,0,우,우,황재균,장기영,,오카모토,조인성,이진영,권용관,정성훈,오지환,이병규,이대형,이병규,76313.0,71347.0,,60156,98144,99810,95158,99606,79109,76100,73153,97109,,,,,,,,,,,,,,,,,,20100529,WO,LG,키움,LG,목동,김풍기,82,4,-1,20100529LGWO0
포크,오카모토,강정호,60156,76325,132,파울,,,,2,2,1,9,말,8,6,0,0,우,우,황재균,장기영,,오카모토,조인성,이진영,권용관,정성훈,오지환,이병규,이대형,이병규,76313.0,71347.0,,60156,98144,99810,95158,99606,79109,76100,73153,97109,,,,,,,,,,,,,,,,,,20100529,WO,LG,키움,LG,목동,김풍기,82,5,-1,20100529LGWO0
포크,오카모토,강정호,60156,76325,130,볼,,,,2,2,1,9,말,8,6,0,0,우,우,황재균,장기영,,오카모토,조인성,이진영,권용관,정성훈,오지환,이병규,이대형,이병규,76313.0,71347.0,,60156,98144,99810,95158,99606,79109,76100,73153,97109,,,,,,,,,,,,,,,,,,20100529,WO,LG,키움,LG,목동,김풍기,82,6,-1,20100529LGWO0
직구,오카모토,강정호,60156,76325,142,헛스윙,삼진,삼진,강정호 :  삼진 아웃; 1루주자 황재균 :  이중도루로 2루까지 진루; 2루주자 장기영 :  이중도루로 3루까지 진루;,3,2,1,9,말,8,6,0,0,우,우,황재균,장기영,,오카모토,조인성,이진영,권용관,정성훈,오지환,이병규,이대형,이병규,76313.0,71347.0,,60156,98144,99810,95158,99606,79109,76100,73153,97109,,,,,,,,,,,,,,,,,,20100529,WO,LG,키움,LG,목동,김풍기,82,7,-1,20100529LGWO0
직구,오카모토,유한준,60156,74339,139,파울,,,,0,0,2,9,말,8,6,0,0,우,우,,황재균,장기영,오카모토,조인성,이진영,권용관,정성훈,오지환,이병규,이대형,이병규,,76313.0,71347.0,60156,98144,99810,95158,99606,79109,76100,73153,97109,,,,,,,,,,,,,,,,,,20100529,WO,LG,키움,LG,목동,김풍기,83,1,-1,20100529LGWO0
포크,오카모토,유한준,60156,74339,132,볼,,,,0,1,2,9,말,8,6,0,0,우,우,,황재균,장기영,오카모토,조인성,이진영,권용관,정성훈,오지환,이병규,이대형,이병규,,76313.0,71347.0,60156,98144,99810,95158,99606,79109,76100,73153,97109,,,,,,,,,,,,,,,,,,20100529,WO,LG,키움,LG,목동,김풍기,83,2,-1,20100529LGWO0
직구,오카모토,유한준,60156,74339,137,파울,,,,1,1,2,9,말,8,6,0,0,우,우,,황재균,장기영,오카모토,조인성,이진영,권용관,정성훈,오지환,이병규,이대형,이병규,,76313.0,71347.0,60156,98144,99810,95158,99606,79109,76100,73153,97109,,,,,,,,,,,,,,,,,,20100529,WO,LG,키움,LG,목동,김풍기,83,3,-1,20100529LGWO0
포크,오카모토,유한준,60156,74339,129,볼,,,,1,2,2,9,말,8,6,0,0,우,우,,황재균,장기영,오카모토,조인성,이진영,권용관,정성훈,오지환,이병규,이대형,이병규,,76313.0,71347.0,60156,98144,99810,95158,99606,79109,76100,73153,97109,,,,,,,,,,,,,,,,,,20100529,WO,LG,키움,LG,목동,김풍기,83,4,-1,20100529LGWO0
커브,오카모토,유한준,60156,74339,116,타격,안타,안타,유한준 : 좌익수 앞 1루타; 1루주자 유한준 :  다른주자수비하는 사이 2루까지 진루(좌익수->포수); 2루주자 황재균 : 홈인; 3루주자 장기영 : 홈인;,2,2,2,9,말,8,6,0,2,우,우,,황재균,장기영,오카모토,조인성,이진영,권용관,정성훈,오지환,이병규,이대형,이병규,,76313.0,71347.0,60156,98144,99810,95158,99606,79109,76100,73153,97109,,,,,,,,,,,,,,,,,,20100529,WO,LG,키움,LG,목동,김풍기,83,5,-1,20100529LGWO0
포크,오카모토,클락,60156,78725,134,볼,,,,0,0,2,9,말,8,8,0,0,좌,우,,유한준,,오카모토,조인성,이진영,권용관,정성훈,오지환,이병규,이대형,이병규,,74339.0,,60156,98144,99810,95158,99606,79109,76100,73153,97109,,,,,,,,,,,,,,,,,,20100529,WO,LG,키움,LG,목동,김풍기,84,1,-1,20100529LGWO0
직구,오카모토,클락,60156,78725,141,볼,,,,1,0,2,9,말,8,8,0,0,좌,우,,유한준,,오카모토,조인성,이진영,권용관,정성훈,오지환,이병규,이대형,이병규,,74339.0,,60156,98144,99810,95158,99606,79109,76100,73153,97109,,,,,,,,,,,,,,,,,,20100529,WO,LG,키움,LG,목동,김풍기,84,2,-1,20100529LGWO0
직구,오카모토,클락,60156,78725,137,타격,안타,안타,클락 : 좌익수 앞 1루타; 2루주자 유한준 : 3루까지 진루; 3루주자 유한준 :  태그아웃 (좌익수->포수 태그아웃);,2,0,2,9,말,8,8,1,0,좌,우,,유한준,,오카모토,조인성,이진영,권용관,정성훈,오지환,이병규,이대형,이병규,,74339.0,,60156,98144,99810,95158,99606,79109,76100,73153,97109,,,,,,,,,,,,,,,,,,20100529,WO,LG,키움,LG,목동,김풍기,84,3,-1,20100529LGWO0
,이동학,오지환,70356,79109,,,,,대타 강병식 : 2루수 김일경 (으)로 교체;,0,0,0,10,초,8,8,0,0,좌,우,,,,이동학,유선정,장영석,김민우,황재균,강정호,클락,장기영,유한준,,,,70356,76322,79334,72303,76313,76325,78725,71347,74339,,,,,,,,,,,,,,,,,,20100529,WO,LG,키움,LG,목동,김풍기,85,,,20100529LGWO0
직구,이동학,오지환,70356,79109,145,스트라이크,,,,0,0,0,10,초,8,8,0,0,좌,우,,,,이동학,유선정,장영석,김일경,황재균,강정호,클락,장기영,유한준,,,,70356,76322,79334,97300,76313,76325,78725,71347,74339,,,,,,,,,,,,,,,,,,20100529,WO,LG,키움,LG,목동,김풍기,85,1,-1,20100529LGWO0
직구,이동학,오지환,70356,79109,145,헛스윙,,,,0,1,0,10,초,8,8,0,0,좌,우,,,,이동학,유선정,장영석,김일경,황재균,강정호,클락,장기영,유한준,,,,70356,76322,79334,97300,76313,76325,78725,71347,74339,,,,,,,,,,,,,,,,,,20100529,WO,LG,키움,LG,목동,김풍기,85,2,-1,20100529LGWO0
직구,이동학,오지환,70356,79109,144,볼,,,,0,2,0,10,초,8,8,0,0,좌,우,,,,이동학,유선정,장영석,김일경,황재균,강정호,클락,장기영,유한준,,,,70356,76322,79334,97300,76313,76325,78725,71347,74339,,,,,,,,,,,,,,,,,,20100529,WO,LG,키움,LG,목동,김풍기,85,3,-1,20100529LGWO0
직구,이동학,오지환,70356,79109,145,파울,,,,1,2,0,10,초,8,8,0,0,좌,우,,,,이동학,유선정,장영석,김일경,황재균,강정호,클락,장기영,유한준,,,,70356,76322,79334,97300,76313,76325,78725,71347,74339,,,,,,,,,,,,,,,,,,20100529,WO,LG,키움,LG,목동,김풍기,85,4,-1,20100529LGWO0
직구,이동학,오지환,70356,79109,147,파울,,,,1,2,0,10,초,8,8,0,0,좌,우,,,,이동학,유선정,장영석,김일경,황재균,강정호,클락,장기영,유한준,,,,70356,76322,79334,97300,76313,76325,78725,71347,74339,,,,,,,,,,,,,,,,,,20100529,WO,LG,키움,LG,목동,김풍기,85,5,-1,20100529LGWO0
직구,이동학,오지환,70356,79109,136,파울,,,,1,2,0,10,초,8,8,0,0,좌,우,,,,이동학,유선정,장영석,김일경,황재균,강정호,클락,장기영,유한준,,,,70356,76322,79334,97300,76313,76325,78725,71347,74339,,,,,,,,,,,,,,,,,,20100529,WO,LG,키움,LG,목동,김풍기,85,6,-1,20100529LGWO0
직구,이동학,오지환,70356,79109,145,파울,,,,1,2,0,10,초,8,8,0,0,좌,우,,,,이동학,유선정,장영석,김일경,황재균,강정호,클락,장기영,유한준,,,,70356,76322,79334,97300,76313,76325,78725,71347,74339,,,,,,,,,,,,,,,,,,20100529,WO,LG,키움,LG,목동,김풍기,85,7,-1,20100529LGWO0
직구,이동학,오지환,70356,79109,145,파울,,,,1,2,0,10,초,8,8,0,0,좌,우,,,,이동학,유선정,장영석,김일경,황재균,강정호,클락,장기영,유한준,,,,70356,76322,79334,97300,76313,76325,78725,71347,74339,,,,,,,,,,,,,,,,,,20100529,WO,LG,키움,LG,목동,김풍기,85,8,-1,20100529LGWO0
슬라이더,이동학,오지환,70356,79109,133,볼,,,,1,2,0,10,초,8,8,0,0,좌,우,,,,이동학,유선정,장영석,김일경,황재균,강정호,클락,장기영,유한준,,,,70356,76322,79334,97300,76313,76325,78725,71347,74339,,,,,,,,,,,,,,,,,,20100529,WO,LG,키움,LG,목동,김풍기,85,9,-1,20100529LGWO0
포크,이동학,오지환,70356,79109,133,볼,,,,2,2,0,10,초,8,8,0,0,좌,우,,,,이동학,유선정,장영석,김일경,황재균,강정호,클락,장기영,유한준,,,,70356,76322,79334,97300,76313,76325,78725,71347,74339,,,,,,,,,,,,,,,,,,20100529,WO,LG,키움,LG,목동,김풍기,85,10,-1,20100529LGWO0
직구,이동학,오지환,70356,79109,144,타격,3루타,3루타,오지환 : 중견수 왼쪽 3루타;,3,2,0,10,초,8,8,0,0,좌,우,,,,이동학,유선정,장영석,김일경,황재균,강정호,클락,장기영,유한준,,,,70356,76322,79334,97300,76313,76325,78725,71347,74339,,,,,,,,,,,,,,,,,,20100529,WO,LG,키움,LG,목동,김풍기,85,11,-1,20100529LGWO0
,이동학,조인성,70356,98144,,,,,8번타자 조인성 : 대타 손인호 (으)로 교체;,0,0,0,10,초,8,8,0,0,우,우,,,오지환,이동학,유선정,장영석,김일경,황재균,강정호,클락,장기영,유한준,,,79109.0,70356,76322,79334,97300,76313,76325,78725,71347,74339,,,,,,,,,,,,,,,,,,20100529,WO,LG,키움,LG,목동,김풍기,86,,,20100529LGWO0
커브,이동학,손인호,70356,98538,124,볼,,,,0,0,0,10,초,8,8,0,0,좌,우,,,오지환,이동학,유선정,장영석,김일경,황재균,강정호,클락,장기영,유한준,,,79109.0,70356,76322,79334,97300,76313,76325,78725,71347,74339,,,,,,,,,,,,,,,,,,20100529,WO,LG,키움,LG,목동,김풍기,86,1,-1,20100529LGWO0
직구,이동학,손인호,70356,98538,141,타격,희생플라이,희생플라이,손인호 : 우익수 희생플라이 아웃; 3루주자 오지환 : 홈인;,1,0,0,10,초,8,8,1,1,좌,우,,,오지환,이동학,유선정,장영석,김일경,황재균,강정호,클락,장기영,유한준,,,79109.0,70356,76322,79334,97300,76313,76325,78725,71347,74339,,,,,,,,,,,,,,,,,,20100529,WO,LG,키움,LG,목동,김풍기,86,2,-1,20100529LGWO0
직구,이동학,권용관,70356,95158,144,스트라이크,,,,0,0,1,10,초,9,8,0,0,우,우,,,,이동학,유선정,장영석,김일경,황재균,강정호,클락,장기영,유한준,,,,70356,76322,79334,97300,76313,76325,78725,71347,74339,,,,,,,,,,,,,,,,,,20100529,WO,LG,키움,LG,목동,김풍기,87,1,-1,20100529LGWO0
슬라이더,이동학,권용관,70356,95158,130,타격,필드 아웃,플라이 아웃,권용관 : 좌익수 플라이 아웃;,0,1,1,10,초,9,8,1,0,우,우,,,,이동학,유선정,장영석,김일경,황재균,강정호,클락,장기영,유한준,,,,70356,76322,79334,97300,76313,76325,78725,71347,74339,,,,,,,,,,,,,,,,,,20100529,WO,LG,키움,LG,목동,김풍기,87,2,-1,20100529LGWO0
직구,이동학,이대형,70356,73153,143,볼,,,,0,0,2,10,초,9,8,0,0,좌,우,,,,이동학,유선정,장영석,김일경,황재균,강정호,클락,장기영,유한준,,,,70356,76322,79334,97300,76313,76325,78725,71347,74339,,,,,,,,,,,,,,,,,,20100529,WO,LG,키움,LG,목동,김풍기,88,1,-1,20100529LGWO0
직구,이동학,이대형,70356,73153,145,타격,포스 아웃,땅볼 아웃,이대형 : 1루수 땅볼 아웃;,1,0,2,10,초,9,8,1,0,좌,우,,,,이동학,유선정,장영석,김일경,황재균,강정호,클락,장기영,유한준,,,,70356,76322,79334,97300,76313,76325,78725,71347,74339,,,,,,,,,,,,,,,,,,20100529,WO,LG,키움,LG,목동,김풍기,88,2,-1,20100529LGWO0
,오카모토,송지만,60156,96761,,,,,대타 손인호 : 포수 김태군 (으)로 교체; 투수 오카모토 : 투수 김기표 (으)로 교체;,0,0,0,10,말,9,8,0,0,우,우,,,,오카모토,조인성,이진영,권용관,정성훈,오지환,이병규,이대형,이병규,,,,60156,98144,99810,95158,99606,79109,76100,73153,97109,,,,,,,,,,,,,,,,,,20100529,WO,LG,키움,LG,목동,김풍기,89,,,20100529LGWO0
커브,김기표,송지만,76119,96761,118,스트라이크,,,,0,0,0,10,말,9,8,0,0,우,우,,,,김기표,김태군,이진영,권용관,정성훈,오지환,이병규,이대형,이병규,,,,76119,78122,99810,95158,99606,79109,76100,73153,97109,,,,,,,,,,,,,,,,,,20100529,WO,LG,키움,LG,목동,김풍기,89,1,-1,20100529LGWO0
직구,김기표,송지만,76119,96761,132,타격,홈런,홈런,송지만 : 우중간 홈런 (홈런거리:115M);,0,1,0,10,말,9,8,0,1,우,우,,,,김기표,김태군,이진영,권용관,정성훈,오지환,이병규,이대형,이병규,,,,76119,78122,99810,95158,99606,79109,76100,73153,97109,,,,,,,,,,,,,,,,,,20100529,WO,LG,키움,LG,목동,김풍기,89,2,-1,20100529LGWO0
커브,김기표,장영석,76119,79334,112,볼,,,,0,0,0,10,말,9,9,0,0,우,우,,,,김기표,김태군,이진영,권용관,정성훈,오지환,이병규,이대형,이병규,,,,76119,78122,99810,95158,99606,79109,76100,73153,97109,,,,,,,,,,,,,,,,,,20100529,WO,LG,키움,LG,목동,김풍기,90,1,-1,20100529LGWO0
커브,김기표,장영석,76119,79334,115,볼,,,,1,0,0,10,말,9,9,0,0,우,우,,,,김기표,김태군,이진영,권용관,정성훈,오지환,이병규,이대형,이병규,,,,76119,78122,99810,95158,99606,79109,76100,73153,97109,,,,,,,,,,,,,,,,,,20100529,WO,LG,키움,LG,목동,김풍기,90,2,-1,20100529LGWO0
커브,김기표,장영석,76119,79334,114,볼,,,,2,0,0,10,말,9,9,0,0,우,우,,,,김기표,김태군,이진영,권용관,정성훈,오지환,이병규,이대형,이병규,,,,76119,78122,99810,95158,99606,79109,76100,73153,97109,,,,,,,,,,,,,,,,,,20100529,WO,LG,키움,LG,목동,김풍기,90,3,-1,20100529LGWO0
직구,김기표,장영석,76119,79334,127,스트라이크,,,,3,0,0,10,말,9,9,0,0,우,우,,,,김기표,김태군,이진영,권용관,정성훈,오지환,이병규,이대형,이병규,,,,76119,78122,99810,95158,99606,79109,76100,73153,97109,,,,,,,,,,,,,,,,,,20100529,WO,LG,키움,LG,목동,김풍기,90,4,-1,20100529LGWO0
직구,김기표,장영석,76119,79334,128,타격,포스 아웃,땅볼 아웃,장영석 : 2루수 땅볼 아웃 (2루수->투수 1루 터치아웃);,3,1,0,10,말,9,9,1,0,우,우,,,,김기표,김태군,이진영,권용관,정성훈,오지환,이병규,이대형,이병규,,,,76119,78122,99810,95158,99606,79109,76100,73153,97109,,,,,,,,,,,,,,,,,,20100529,WO,LG,키움,LG,목동,김풍기,90,5,-1,20100529LGWO0
직구,김기표,유선정,76119,76322,127,스트라이크,,,,0,0,1,10,말,9,9,0,0,우,우,,,,김기표,김태군,이진영,권용관,정성훈,오지환,이병규,이대형,이병규,,,,76119,78122,99810,95158,99606,79109,76100,73153,97109,,,,,,,,,,,,,,,,,,20100529,WO,LG,키움,LG,목동,김풍기,91,1,-1,20100529LGWO0
커브,김기표,유선정,76119,76322,117,볼,,,,0,1,1,10,말,9,9,0,0,우,우,,,,김기표,김태군,이진영,권용관,정성훈,오지환,이병규,이대형,이병규,,,,76119,78122,99810,95158,99606,79109,76100,73153,97109,,,,,,,,,,,,,,,,,,20100529,WO,LG,키움,LG,목동,김풍기,91,2,-1,20100529LGWO0
커브,김기표,유선정,76119,76322,115,스트라이크,,,,1,1,1,10,말,9,9,0,0,우,우,,,,김기표,김태군,이진영,권용관,정성훈,오지환,이병규,이대형,이병규,,,,76119,78122,99810,95158,99606,79109,76100,73153,97109,,,,,,,,,,,,,,,,,,20100529,WO,LG,키움,LG,목동,김풍기,91,3,-1,20100529LGWO0
커브,김기표,유선정,76119,76322,115,스트라이크,삼진,삼진,유선정 :  삼진 아웃;,1,2,1,10,말,9,9,0,0,우,우,,,,김기표,김태군,이진영,권용관,정성훈,오지환,이병규,이대형,이병규,,,,76119,78122,99810,95158,99606,79109,76100,73153,97109,,,,,,,,,,,,,,,,,,20100529,WO,LG,키움,LG,목동,김풍기,91,4,-1,20100529LGWO0
커브,김기표,김일경,76119,97300,119,볼,,,,0,0,2,10,말,9,9,0,0,우,우,,,,김기표,김태군,이진영,권용관,정성훈,오지환,이병규,이대형,이병규,,,,76119,78122,99810,95158,99606,79109,76100,73153,97109,,,,,,,,,,,,,,,,,,20100529,WO,LG,키움,LG,목동,김풍기,92,1,-1,20100529LGWO0
커브,김기표,김일경,76119,97300,114,볼,,,,1,0,2,10,말,9,9,0,0,우,우,,,,김기표,김태군,이진영,권용관,정성훈,오지환,이병규,이대형,이병규,,,,76119,78122,99810,95158,99606,79109,76100,73153,97109,,,,,,,,,,,,,,,,,,20100529,WO,LG,키움,LG,목동,김풍기,92,2,-1,20100529LGWO0
직구,김기표,김일경,76119,97300,126,파울,,,,2,0,2,10,말,9,9,0,0,우,우,,,,김기표,김태군,이진영,권용관,정성훈,오지환,이병규,이대형,이병규,,,,76119,78122,99810,95158,99606,79109,76100,73153,97109,,,,,,,,,,,,,,,,,,20100529,WO,LG,키움,LG,목동,김풍기,92,3,-1,20100529LGWO0
직구,김기표,김일경,76119,97300,126,스트라이크,,,,2,1,2,10,말,9,9,0,0,우,우,,,,김기표,김태군,이진영,권용관,정성훈,오지환,이병규,이대형,이병규,,,,76119,78122,99810,95158,99606,79109,76100,73153,97109,,,,,,,,,,,,,,,,,,20100529,WO,LG,키움,LG,목동,김풍기,92,4,-1,20100529LGWO0
커브,김기표,김일경,76119,97300,116,파울,,,,2,2,2,10,말,9,9,0,0,우,우,,,,김기표,김태군,이진영,권용관,정성훈,오지환,이병규,이대형,이병규,,,,76119,78122,99810,95158,99606,79109,76100,73153,97109,,,,,,,,,,,,,,,,,,20100529,WO,LG,키움,LG,목동,김풍기,92,5,-1,20100529LGWO0
커브,김기표,김일경,76119,97300,117,헛스윙,삼진,낫아웃 삼진,김일경 : 포수 스트라이크 낫 아웃;,2,2,2,10,말,9,9,0,0,우,우,,,,김기표,김태군,이진영,권용관,정성훈,오지환,이병규,이대형,이병규,,,,76119,78122,99810,95158,99606,79109,76100,73153,97109,,,,,,,,,,,,,,,,,,20100529,WO,LG,키움,LG,목동,김풍기,92,6,-1,20100529LGWO0
,이동학,이병규,70356,76100,,,,,투수 이동학 : 투수 송신영 (으)로 교체; 우익수 유한준 : 좌익수 조재호 (으)로 교체; 좌익수 클락 : 우익수(으)로 수비위치 변경;,0,0,0,11,초,9,9,0,0,좌,우,,,,이동학,유선정,장영석,김일경,황재균,강정호,클락,장기영,유한준,,,,70356,76322,79334,97300,76313,76325,78725,71347,74339,,,,,,,,,,,,,,,,,,20100529,WO,LG,키움,LG,목동,김풍기,93,,,20100529LGWO0
직구,송신영,이병규,99314,76100,135,타격,안타,안타,이병규 : 좌익수 앞 1루타;,0,0,0,11,초,9,9,0,0,좌,우,,,,송신영,유선정,장영석,김일경,황재균,강정호,조재호,장기영,클락,,,,99314,76322,79334,97300,76313,76325,72313,71347,78725,,,,,,,,,,,,,,,,,,20100529,WO,LG,키움,LG,목동,김풍기,93,1,-1,20100529LGWO0
커브,송신영,이진영,99314,99810,119,볼,,,,0,0,0,11,초,9,9,0,0,좌,우,이병규,,,송신영,유선정,장영석,김일경,황재균,강정호,조재호,장기영,클락,76100.0,,,99314,76322,79334,97300,76313,76325,72313,71347,78725,,,,,,,,,,,,,,,,,,20100529,WO,LG,키움,LG,목동,김풍기,94,1,-1,20100529LGWO0
체인지업,송신영,이진영,99314,99810,119,파울,,,,1,0,0,11,초,9,9,0,0,좌,우,이병규,,,송신영,유선정,장영석,김일경,황재균,강정호,조재호,장기영,클락,76100.0,,,99314,76322,79334,97300,76313,76325,72313,71347,78725,,,,,,,,,,,,,,,,,,20100529,WO,LG,키움,LG,목동,김풍기,94,2,-1,20100529LGWO0
체인지업,송신영,이진영,99314,99810,119,볼,,,,1,1,0,11,초,9,9,0,0,좌,우,이병규,,,송신영,유선정,장영석,김일경,황재균,강정호,조재호,장기영,클락,76100.0,,,99314,76322,79334,97300,76313,76325,72313,71347,78725,,,,,,,,,,,,,,,,,,20100529,WO,LG,키움,LG,목동,김풍기,94,3,-1,20100529LGWO0
직구,송신영,이진영,99314,99810,138,스트라이크,,,,2,1,0,11,초,9,9,0,0,좌,우,이병규,,,송신영,유선정,장영석,김일경,황재균,강정호,조재호,장기영,클락,76100.0,,,99314,76322,79334,97300,76313,76325,72313,71347,78725,,,,,,,,,,,,,,,,,,20100529,WO,LG,키움,LG,목동,김풍기,94,4,-1,20100529LGWO0
직구,송신영,이진영,99314,99810,139,파울,,,,2,2,0,11,초,9,9,0,0,좌,우,이병규,,,송신영,유선정,장영석,김일경,황재균,강정호,조재호,장기영,클락,76100.0,,,99314,76322,79334,97300,76313,76325,72313,71347,78725,,,,,,,,,,,,,,,,,,20100529,WO,LG,키움,LG,목동,김풍기,94,5,-1,20100529LGWO0
직구,송신영,이진영,99314,99810,138,파울,,,,2,2,0,11,초,9,9,0,0,좌,우,이병규,,,송신영,유선정,장영석,김일경,황재균,강정호,조재호,장기영,클락,76100.0,,,99314,76322,79334,97300,76313,76325,72313,71347,78725,,,,,,,,,,,,,,,,,,20100529,WO,LG,키움,LG,목동,김풍기,94,6,-1,20100529LGWO0
체인지업,송신영,이진영,99314,99810,118,타격,필드 아웃,플라이 아웃,이진영 : 우익수 플라이 아웃;,2,2,0,11,초,9,9,1,0,좌,우,이병규,,,송신영,유선정,장영석,김일경,황재균,강정호,조재호,장기영,클락,76100.0,,,99314,76322,79334,97300,76313,76325,72313,71347,78725,,,,,,,,,,,,,,,,,,20100529,WO,LG,키움,LG,목동,김풍기,94,7,-1,20100529LGWO0
포크,송신영,이병규,99314,97109,126,볼,,,,0,0,1,11,초,9,9,0,0,좌,우,이병규,,,송신영,유선정,장영석,김일경,황재균,강정호,조재호,장기영,클락,76100.0,,,99314,76322,79334,97300,76313,76325,72313,71347,78725,,,,,,,,,,,,,,,,,,20100529,WO,LG,키움,LG,목동,김풍기,95,1,-1,20100529LGWO0
,송신영,이병규,99314,97109,,,,,1루주자 이병규 :  폭투로 2루까지 진루;,1,0,1,11,초,9,9,0,0,좌,우,이병규,,,송신영,유선정,장영석,김일경,황재균,강정호,조재호,장기영,클락,76100.0,,,99314,76322,79334,97300,76313,76325,72313,71347,78725,,,,,,,,,,,,,,,,,,20100529,WO,LG,키움,LG,목동,김풍기,95,,,20100529LGWO0
포크,송신영,이병규,99314,97109,117,볼,,,,1,0,1,11,초,9,9,0,0,좌,우,,이병규,,송신영,유선정,장영석,김일경,황재균,강정호,조재호,장기영,클락,,76100.0,,99314,76322,79334,97300,76313,76325,72313,71347,78725,,,,,,,,,,,,,,,,,,20100529,WO,LG,키움,LG,목동,김풍기,95,2,-1,20100529LGWO0
직구,송신영,이병규,99314,97109,126,볼,,,,2,0,1,11,초,9,9,0,0,좌,우,,이병규,,송신영,유선정,장영석,김일경,황재균,강정호,조재호,장기영,클락,,76100.0,,99314,76322,79334,97300,76313,76325,72313,71347,78725,,,,,,,,,,,,,,,,,,20100529,WO,LG,키움,LG,목동,김풍기,95,3,-1,20100529LGWO0
직구,송신영,이병규,99314,97109,126,볼,고의4구,고의4구,이병규 :  고의4구;,3,0,1,11,초,9,9,0,0,좌,우,,이병규,,송신영,유선정,장영석,김일경,황재균,강정호,조재호,장기영,클락,,76100.0,,99314,76322,79334,97300,76313,76325,72313,71347,78725,,,,,,,,,,,,,,,,,,20100529,WO,LG,키움,LG,목동,김풍기,95,4,-1,20100529LGWO0
직구,송신영,이택근,99314,73342,135,볼,,,,0,0,1,11,초,9,9,0,0,우,우,이병규,이병규,,송신영,유선정,장영석,김일경,황재균,강정호,조재호,장기영,클락,97109.0,76100.0,,99314,76322,79334,97300,76313,76325,72313,71347,78725,,,,,,,,,,,,,,,,,,20100529,WO,LG,키움,LG,목동,김풍기,96,1,-1,20100529LGWO0
직구,송신영,이택근,99314,73342,137,볼,,,,1,0,1,11,초,9,9,0,0,우,우,이병규,이병규,,송신영,유선정,장영석,김일경,황재균,강정호,조재호,장기영,클락,97109.0,76100.0,,99314,76322,79334,97300,76313,76325,72313,71347,78725,,,,,,,,,,,,,,,,,,20100529,WO,LG,키움,LG,목동,김풍기,96,2,-1,20100529LGWO0
포크,송신영,이택근,99314,73342,125,볼,,,,2,0,1,11,초,9,9,0,0,우,우,이병규,이병규,,송신영,유선정,장영석,김일경,황재균,강정호,조재호,장기영,클락,97109.0,76100.0,,99314,76322,79334,97300,76313,76325,72313,71347,78725,,,,,,,,,,,,,,,,,,20100529,WO,LG,키움,LG,목동,김풍기,96,3,-1,20100529LGWO0
슬라이더,송신영,이택근,99314,73342,124,볼,볼넷,볼넷,이택근 :  볼넷; 1루주자 이병규 : 2루까지 진루; 2루주자 이병규 : 3루까지 진루;,3,0,1,11,초,9,9,0,0,우,우,이병규,이병규,,송신영,유선정,장영석,김일경,황재균,강정호,조재호,장기영,클락,97109.0,76100.0,,99314,76322,79334,97300,76313,76325,72313,71347,78725,,,,,,,,,,,,,,,,,,20100529,WO,LG,키움,LG,목동,김풍기,96,4,-1,20100529LGWO0
체인지업,송신영,정성훈,99314,99606,117,타격,희생플라이,희생플라이,정성훈 : 중견수 희생플라이 아웃; 3루주자 이병규 : 홈인;,0,0,1,11,초,9,9,1,1,우,우,이택근,이병규,이병규,송신영,유선정,장영석,김일경,황재균,강정호,조재호,장기영,클락,73342.0,97109.0,76100.0,99314,76322,79334,97300,76313,76325,72313,71347,78725,,,,,,,,,,,,,,,,,,20100529,WO,LG,키움,LG,목동,김풍기,97,1,-1,20100529LGWO0
슬라이더,송신영,오지환,99314,79109,127,스트라이크,,,,0,0,2,11,초,10,9,0,0,좌,우,이택근,이병규,,송신영,유선정,장영석,김일경,황재균,강정호,조재호,장기영,클락,73342.0,97109.0,,99314,76322,79334,97300,76313,76325,72313,71347,78725,,,,,,,,,,,,,,,,,,20100529,WO,LG,키움,LG,목동,김풍기,98,1,-1,20100529LGWO0
직구,송신영,오지환,99314,79109,138,볼,,,,0,1,2,11,초,10,9,0,0,좌,우,이택근,이병규,,송신영,유선정,장영석,김일경,황재균,강정호,조재호,장기영,클락,73342.0,97109.0,,99314,76322,79334,97300,76313,76325,72313,71347,78725,,,,,,,,,,,,,,,,,,20100529,WO,LG,키움,LG,목동,김풍기,98,2,-1,20100529LGWO0
커브,송신영,오지환,99314,79109,117,볼,,,,1,1,2,11,초,10,9,0,0,좌,우,이택근,이병규,,송신영,유선정,장영석,김일경,황재균,강정호,조재호,장기영,클락,73342.0,97109.0,,99314,76322,79334,97300,76313,76325,72313,71347,78725,,,,,,,,,,,,,,,,,,20100529,WO,LG,키움,LG,목동,김풍기,98,3,-1,20100529LGWO0
직구,송신영,오지환,99314,79109,140,볼,,,,2,1,2,11,초,10,9,0,0,좌,우,이택근,이병규,,송신영,유선정,장영석,김일경,황재균,강정호,조재호,장기영,클락,73342.0,97109.0,,99314,76322,79334,97300,76313,76325,72313,71347,78725,,,,,,,,,,,,,,,,,,20100529,WO,LG,키움,LG,목동,김풍기,98,4,-1,20100529LGWO0
슬라이더,송신영,오지환,99314,79109,125,헛스윙,,,,3,1,2,11,초,10,9,0,0,좌,우,이택근,이병규,,송신영,유선정,장영석,김일경,황재균,강정호,조재호,장기영,클락,73342.0,97109.0,,99314,76322,79334,97300,76313,76325,72313,71347,78725,,,,,,,,,,,,,,,,,,20100529,WO,LG,키움,LG,목동,김풍기,98,5,-1,20100529LGWO0
슬라이더,송신영,오지환,99314,79109,128,볼,볼넷,볼넷,오지환 :  볼넷; 1루주자 이택근 : 2루까지 진루; 2루주자 이병규 : 3루까지 진루;,3,2,2,11,초,10,9,0,0,좌,우,이택근,이병규,,송신영,유선정,장영석,김일경,황재균,강정호,조재호,장기영,클락,73342.0,97109.0,,99314,76322,79334,97300,76313,76325,72313,71347,78725,,,,,,,,,,,,,,,,,,20100529,WO,LG,키움,LG,목동,김풍기,98,6,-1,20100529LGWO0
슬라이더,송신영,김태군,99314,78122,126,타격,안타,안타,김태군 : 좌중간 1루타; 1루주자 오지환 : 3루까지 진루; 2루주자 이택근 : 홈인; 3루주자 이병규 : 홈인;,0,0,2,11,초,10,9,0,2,우,우,오지환,이택근,이병규,송신영,유선정,장영석,김일경,황재균,강정호,조재호,장기영,클락,79109.0,73342.0,97109.0,99314,76322,79334,97300,76313,76325,72313,71347,78725,,,,,,,,,,,,,,,,,,20100529,WO,LG,키움,LG,목동,김풍기,99,1,-1,20100529LGWO0
직구,송신영,권용관,99314,95158,137,타격,필드 아웃,플라이 아웃,권용관 : 좌익수 플라이 아웃;,0,0,2,11,초,12,9,1,0,우,우,김태군,,오지환,송신영,유선정,장영석,김일경,황재균,강정호,조재호,장기영,클락,78122.0,,79109.0,99314,76322,79334,97300,76313,76325,72313,71347,78725,,,,,,,,,,,,,,,,,,20100529,WO,LG,키움,LG,목동,김풍기,100,1,-1,20100529LGWO0
싱커,김기표,장기영,76119,71347,126,볼,,,,0,0,0,11,말,12,9,0,0,좌,우,,,,김기표,김태군,이진영,권용관,정성훈,오지환,이병규,이대형,이병규,,,,76119,78122,99810,95158,99606,79109,76100,73153,97109,,,,,,,,,,,,,,,,,,20100529,WO,LG,키움,LG,목동,김풍기,101,1,-1,20100529LGWO0
싱커,김기표,장기영,76119,71347,125,파울,,,,1,0,0,11,말,12,9,0,0,좌,우,,,,김기표,김태군,이진영,권용관,정성훈,오지환,이병규,이대형,이병규,,,,76119,78122,99810,95158,99606,79109,76100,73153,97109,,,,,,,,,,,,,,,,,,20100529,WO,LG,키움,LG,목동,김풍기,101,2,-1,20100529LGWO0
싱커,김기표,장기영,76119,71347,125,볼,,,,1,1,0,11,말,12,9,0,0,좌,우,,,,김기표,김태군,이진영,권용관,정성훈,오지환,이병규,이대형,이병규,,,,76119,78122,99810,95158,99606,79109,76100,73153,97109,,,,,,,,,,,,,,,,,,20100529,WO,LG,키움,LG,목동,김풍기,101,3,-1,20100529LGWO0
싱커,김기표,장기영,76119,71347,126,볼,,,,2,1,0,11,말,12,9,0,0,좌,우,,,,김기표,김태군,이진영,권용관,정성훈,오지환,이병규,이대형,이병규,,,,76119,78122,99810,95158,99606,79109,76100,73153,97109,,,,,,,,,,,,,,,,,,20100529,WO,LG,키움,LG,목동,김풍기,101,4,-1,20100529LGWO0
싱커,김기표,장기영,76119,71347,125,스트라이크,,,,3,1,0,11,말,12,9,0,0,좌,우,,,,김기표,김태군,이진영,권용관,정성훈,오지환,이병규,이대형,이병규,,,,76119,78122,99810,95158,99606,79109,76100,73153,97109,,,,,,,,,,,,,,,,,,20100529,WO,LG,키움,LG,목동,김풍기,101,5,-1,20100529LGWO0
직구,김기표,장기영,76119,71347,127,스트라이크,삼진,삼진,장기영 :  삼진 아웃;,3,2,0,11,말,12,9,0,0,좌,우,,,,김기표,김태군,이진영,권용관,정성훈,오지환,이병규,이대형,이병규,,,,76119,78122,99810,95158,99606,79109,76100,73153,97109,,,,,,,,,,,,,,,,,,20100529,WO,LG,키움,LG,목동,김풍기,101,6,-1,20100529LGWO0
커브,김기표,황재균,76119,76313,115,스트라이크,,,,0,0,1,11,말,12,9,0,0,우,우,,,,김기표,김태군,이진영,권용관,정성훈,오지환,이병규,이대형,이병규,,,,76119,78122,99810,95158,99606,79109,76100,73153,97109,,,,,,,,,,,,,,,,,,20100529,WO,LG,키움,LG,목동,김풍기,102,1,-1,20100529LGWO0
커브,김기표,황재균,76119,76313,118,타격,포스 아웃,땅볼 아웃,황재균 : 3루수 땅볼 아웃 (3루수->1루수 송구아웃);,0,1,1,11,말,12,9,1,0,우,우,,,,김기표,김태군,이진영,권용관,정성훈,오지환,이병규,이대형,이병규,,,,76119,78122,99810,95158,99606,79109,76100,73153,97109,,,,,,,,,,,,,,,,,,20100529,WO,LG,키움,LG,목동,김풍기,102,2,-1,20100529LGWO0
커브,김기표,강정호,76119,76325,116,스트라이크,,,,0,0,2,11,말,12,9,0,0,우,우,,,,김기표,김태군,이진영,권용관,정성훈,오지환,이병규,이대형,이병규,,,,76119,78122,99810,95158,99606,79109,76100,73153,97109,,,,,,,,,,,,,,,,,,20100529,WO,LG,키움,LG,목동,김풍기,103,1,-1,20100529LGWO0
싱커,김기표,강정호,76119,76325,126,타격,포스 아웃,땅볼 아웃,강정호 : 유격수 땅볼 아웃 (유격수->1루수 송구아웃);,0,1,2,11,말,12,9,1,0,우,우,,,,김기표,김태군,이진영,권용관,정성훈,오지환,이병규,이대형,이병규,,,,76119,78122,99810,95158,99606,79109,76100,73153,97109,,,,,,,,,,,,,,,,,,20100529,WO,LG,키움,LG,목동,김풍기,103,2,-1,20100529LGWO0
